ISO-10303-21;
HEADER;
/* Generated by software containing ST-Developer
 * from STEP Tools, Inc. (www.steptools.com) 
 */

FILE_DESCRIPTION(
/* description */ ('STEP AP203',
'CAx-IF Rec.Pracs.---Representation and Presentation of Product Manufa
cturing Information (PMI)---4.0---2014-10-13'),
/* implementation_level */ '2;1');

FILE_NAME(
/* name */ 'Iphone 15 pro.step',
/* time_stamp */ '2025-03-02T18:29:39+05:30',
/* author */ (''),
/* organization */ (''),
/* preprocessor_version */ 'ST-DEVELOPER v20',
/* originating_system */ 'Autodesk Translation Framework v13.20.0.188',

/* authorisation */ '');

FILE_SCHEMA (('AP242_MANAGED_MODEL_BASED_3D_ENGINEERING_MIM_LF { 1 0 10303 442 1 1 4 }'));
ENDSEC;

DATA;
#10=MECHANICAL_DESIGN_GEOMETRIC_PRESENTATION_REPRESENTATION('',(#234,#235,
#236,#237,#238),#11673);
#11=ITEM_DEFINED_TRANSFORMATION($,$,#6176,#6437);
#12=ITEM_DEFINED_TRANSFORMATION($,$,#6175,#6438);
#13=(
REPRESENTATION_RELATIONSHIP($,$,#11688,#11687)
REPRESENTATION_RELATIONSHIP_WITH_TRANSFORMATION(#11)
SHAPE_REPRESENTATION_RELATIONSHIP()
);
#14=(
REPRESENTATION_RELATIONSHIP($,$,#11687,#11686)
REPRESENTATION_RELATIONSHIP_WITH_TRANSFORMATION(#12)
SHAPE_REPRESENTATION_RELATIONSHIP()
);
#15=CONTEXT_DEPENDENT_SHAPE_REPRESENTATION(#13,#11684);
#16=CONTEXT_DEPENDENT_SHAPE_REPRESENTATION(#14,#11685);
#17=NEXT_ASSEMBLY_USAGE_OCCURRENCE('Component3:1','Component3:1',
'Component3:1',#11691,#11692,'Component3:1');
#18=NEXT_ASSEMBLY_USAGE_OCCURRENCE('Cover:1','Cover:1','Cover:1',#11690,
#11691,'Cover:1');
#19=CONICAL_SURFACE('',#6367,9.70370834897477,0.785398163397439);
#20=CONICAL_SURFACE('',#6372,9.70370834897475,0.785398163397462);
#21=CONICAL_SURFACE('',#6380,9.70370834897475,0.785398163397439);
#22=CONICAL_SURFACE('',#6385,9.70370834897473,0.785398163397465);
#23=CONICAL_SURFACE('',#6393,9.70370834897475,0.785398163397439);
#24=CONICAL_SURFACE('',#6398,9.70370834897473,0.785398163397462);
#25=CONICAL_SURFACE('',#6408,9.70370834897475,0.785398163397439);
#26=CONICAL_SURFACE('',#6413,9.70370834897473,0.785398163397465);
#27=TOROIDAL_SURFACE('',#6232,9.34862912068993,0.5);
#28=TOROIDAL_SURFACE('',#6236,9.34862912068992,0.5);
#29=TOROIDAL_SURFACE('',#6244,9.34862912068992,0.5);
#30=TOROIDAL_SURFACE('',#6248,9.34862912068991,0.5);
#31=TOROIDAL_SURFACE('',#6270,9.06292324483349,2.);
#32=TOROIDAL_SURFACE('',#6274,9.06292324483347,2.);
#33=TOROIDAL_SURFACE('',#6282,9.06292324483347,2.);
#34=TOROIDAL_SURFACE('',#6286,9.06292324483347,2.);
#35=TOROIDAL_SURFACE('',#6306,9.06292324483347,2.);
#36=TOROIDAL_SURFACE('',#6309,9.06292324483347,2.);
#37=TOROIDAL_SURFACE('',#6317,9.06292324483347,2.);
#38=TOROIDAL_SURFACE('',#6320,9.06292324483348,2.);
#39=CYLINDRICAL_SURFACE('',#6229,0.499999999999998);
#40=CYLINDRICAL_SURFACE('',#6240,0.499999999999998);
#41=CYLINDRICAL_SURFACE('',#6242,0.500000000000002);
#42=CYLINDRICAL_SURFACE('',#6252,0.5);
#43=CYLINDRICAL_SURFACE('',#6258,9.3);
#44=CYLINDRICAL_SURFACE('',#6260,9.29999999999998);
#45=CYLINDRICAL_SURFACE('',#6262,9.29999999999999);
#46=CYLINDRICAL_SURFACE('',#6264,9.29999999999999);
#47=CYLINDRICAL_SURFACE('',#6267,2.);
#48=CYLINDRICAL_SURFACE('',#6278,2.);
#49=CYLINDRICAL_SURFACE('',#6280,2.);
#50=CYLINDRICAL_SURFACE('',#6290,2.);
#51=CYLINDRICAL_SURFACE('',#6291,11.0629232448335);
#52=CYLINDRICAL_SURFACE('',#6294,11.0629232448335);
#53=CYLINDRICAL_SURFACE('',#6303,2.);
#54=CYLINDRICAL_SURFACE('',#6313,2.);
#55=CYLINDRICAL_SURFACE('',#6315,2.);
#56=CYLINDRICAL_SURFACE('',#6324,2.);
#57=CYLINDRICAL_SURFACE('',#6328,2.415);
#58=CYLINDRICAL_SURFACE('',#6331,1.02079770815942);
#59=CYLINDRICAL_SURFACE('',#6334,1.01647239194512);
#60=CYLINDRICAL_SURFACE('',#6338,1.80129224187865);
#61=CYLINDRICAL_SURFACE('',#6342,1.80129224187865);
#62=CYLINDRICAL_SURFACE('',#6346,1.07706687428151);
#63=CYLINDRICAL_SURFACE('',#6350,1.07706687428151);
#64=CYLINDRICAL_SURFACE('',#6354,0.898507809676326);
#65=CYLINDRICAL_SURFACE('',#6358,0.898507809676326);
#66=CYLINDRICAL_SURFACE('',#6361,2.415);
#67=CYLINDRICAL_SURFACE('',#6370,10.0629232448335);
#68=CYLINDRICAL_SURFACE('',#6374,9.34449345311601);
#69=CYLINDRICAL_SURFACE('',#6375,9.34449345311604);
#70=CYLINDRICAL_SURFACE('',#6383,10.0629232448335);
#71=CYLINDRICAL_SURFACE('',#6387,9.344493453116);
#72=CYLINDRICAL_SURFACE('',#6388,9.34449345311602);
#73=CYLINDRICAL_SURFACE('',#6396,10.0629232448335);
#74=CYLINDRICAL_SURFACE('',#6400,9.344493453116);
#75=CYLINDRICAL_SURFACE('',#6401,11.0629232448335);
#76=CYLINDRICAL_SURFACE('',#6402,9.34449345311602);
#77=CYLINDRICAL_SURFACE('',#6411,10.0629232448335);
#78=CYLINDRICAL_SURFACE('',#6415,9.344493453116);
#79=CYLINDRICAL_SURFACE('',#6416,11.0629232448335);
#80=CYLINDRICAL_SURFACE('',#6417,9.34449345311602);
#81=CYLINDRICAL_SURFACE('',#6425,2.015);
#82=CYLINDRICAL_SURFACE('',#6427,2.015);
#83=CYLINDRICAL_SURFACE('',#6429,1.45);
#84=CYLINDRICAL_SURFACE('',#6431,1.45);
#85=CYLINDRICAL_SURFACE('',#6433,2.015);
#86=CYLINDRICAL_SURFACE('',#6435,2.015);
#87=CIRCLE('',#6212,2.);
#88=CIRCLE('',#6215,2.);
#89=CIRCLE('',#6218,2.);
#90=CIRCLE('',#6221,2.);
#91=CIRCLE('',#6230,0.5);
#92=CIRCLE('',#6231,0.500000000000002);
#93=CIRCLE('',#6233,0.5);
#94=CIRCLE('',#6234,8.85000000000001);
#95=CIRCLE('',#6235,9.34862912068993);
#96=CIRCLE('',#6237,0.500000000000002);
#97=CIRCLE('',#6238,9.34862912068992);
#98=CIRCLE('',#6239,8.85000000000001);
#99=CIRCLE('',#6241,0.5);
#100=CIRCLE('',#6243,0.500000000000011);
#101=CIRCLE('',#6245,0.5);
#102=CIRCLE('',#6246,8.85);
#103=CIRCLE('',#6247,9.34862912068992);
#104=CIRCLE('',#6249,0.5);
#105=CIRCLE('',#6250,9.34862912068991);
#106=CIRCLE('',#6251,8.84999999999999);
#107=CIRCLE('',#6254,9.29999999999999);
#108=CIRCLE('',#6255,9.29999999999999);
#109=CIRCLE('',#6256,9.29999999999998);
#110=CIRCLE('',#6257,9.3);
#111=CIRCLE('',#6259,9.3);
#112=CIRCLE('',#6261,9.29999999999998);
#113=CIRCLE('',#6263,9.29999999999999);
#114=CIRCLE('',#6265,9.29999999999999);
#115=CIRCLE('',#6268,2.);
#116=CIRCLE('',#6269,2.);
#117=CIRCLE('',#6271,2.);
#118=CIRCLE('',#6272,9.34449345311601);
#119=CIRCLE('',#6273,11.0629232448335);
#120=CIRCLE('',#6275,2.);
#121=CIRCLE('',#6276,11.0629232448335);
#122=CIRCLE('',#6277,9.344493453116);
#123=CIRCLE('',#6279,2.);
#124=CIRCLE('',#6281,2.);
#125=CIRCLE('',#6283,2.);
#126=CIRCLE('',#6284,9.34449345311599);
#127=CIRCLE('',#6285,11.0629232448335);
#128=CIRCLE('',#6287,2.);
#129=CIRCLE('',#6288,11.0629232448335);
#130=CIRCLE('',#6289,9.344493453116);
#131=CIRCLE('',#6292,11.0629232448335);
#132=CIRCLE('',#6295,11.0629232448335);
#133=CIRCLE('',#6297,2.015);
#134=CIRCLE('',#6298,2.015);
#135=CIRCLE('',#6299,1.45);
#136=CIRCLE('',#6300,1.45);
#137=CIRCLE('',#6301,2.015);
#138=CIRCLE('',#6302,2.015);
#139=CIRCLE('',#6304,2.);
#140=CIRCLE('',#6305,1.99999999999998);
#141=CIRCLE('',#6307,2.);
#142=CIRCLE('',#6308,9.34449345311603);
#143=CIRCLE('',#6310,2.);
#144=CIRCLE('',#6311,9.34449345311602);
#145=CIRCLE('',#6312,11.0629232448335);
#146=CIRCLE('',#6314,2.);
#147=CIRCLE('',#6316,2.);
#148=CIRCLE('',#6318,2.);
#149=CIRCLE('',#6319,9.34449345311601);
#150=CIRCLE('',#6321,2.);
#151=CIRCLE('',#6322,9.34449345311603);
#152=CIRCLE('',#6323,11.0629232448335);
#153=CIRCLE('',#6326,2.415);
#154=CIRCLE('',#6327,2.415);
#155=CIRCLE('',#6329,2.415);
#156=CIRCLE('',#6332,1.02079770815942);
#157=CIRCLE('',#6333,1.02079770815942);
#158=CIRCLE('',#6335,1.01647239194512);
#159=CIRCLE('',#6336,1.01647239194512);
#160=CIRCLE('',#6339,1.80129224187865);
#161=CIRCLE('',#6340,1.80129224187865);
#162=CIRCLE('',#6343,1.80129224187865);
#163=CIRCLE('',#6344,1.80129224187865);
#164=CIRCLE('',#6347,1.07706687428151);
#165=CIRCLE('',#6348,1.07706687428151);
#166=CIRCLE('',#6351,1.07706687428151);
#167=CIRCLE('',#6352,1.07706687428151);
#168=CIRCLE('',#6355,0.898507809676326);
#169=CIRCLE('',#6356,0.898507809676326);
#170=CIRCLE('',#6359,0.898507809676326);
#171=CIRCLE('',#6360,0.898507809676326);
#172=CIRCLE('',#6362,2.415);
#173=CIRCLE('',#6368,10.0629232448335);
#174=CIRCLE('',#6369,9.34449345311603);
#175=CIRCLE('',#6371,10.0629232448335);
#176=CIRCLE('',#6373,9.34449345311601);
#177=CIRCLE('',#6381,10.0629232448335);
#178=CIRCLE('',#6382,9.34449345311601);
#179=CIRCLE('',#6384,10.0629232448335);
#180=CIRCLE('',#6386,9.34449345311599);
#181=CIRCLE('',#6394,10.0629232448335);
#182=CIRCLE('',#6395,9.34449345311603);
#183=CIRCLE('',#6397,10.0629232448335);
#184=CIRCLE('',#6399,9.344493453116);
#185=CIRCLE('',#6409,10.0629232448335);
#186=CIRCLE('',#6410,9.34449345311602);
#187=CIRCLE('',#6412,10.0629232448335);
#188=CIRCLE('',#6414,9.34449345311599);
#189=CIRCLE('',#6419,2.015);
#190=CIRCLE('',#6420,2.015);
#191=CIRCLE('',#6421,1.45);
#192=CIRCLE('',#6422,1.45);
#193=CIRCLE('',#6423,2.015);
#194=CIRCLE('',#6424,2.015);
#195=SHAPE_REPRESENTATION_RELATIONSHIP('SRR','None',#11688,#197);
#196=SHAPE_REPRESENTATION_RELATIONSHIP('SRR','None',#11687,#198);
#197=ADVANCED_BREP_SHAPE_REPRESENTATION('',(#239,#240,#241,#242),#11672);
#198=ADVANCED_BREP_SHAPE_REPRESENTATION('',(#243),#11671);
#199=FACE_BOUND('',#858,.T.);
#200=FACE_BOUND('',#859,.T.);
#201=FACE_BOUND('',#860,.T.);
#202=FACE_BOUND('',#861,.T.);
#203=FACE_BOUND('',#862,.T.);
#204=FACE_BOUND('',#863,.T.);
#205=FACE_BOUND('',#864,.T.);
#206=FACE_BOUND('',#866,.T.);
#207=FACE_BOUND('',#867,.T.);
#208=FACE_BOUND('',#868,.T.);
#209=FACE_BOUND('',#869,.T.);
#210=FACE_BOUND('',#870,.T.);
#211=FACE_BOUND('',#871,.T.);
#212=FACE_BOUND('',#872,.T.);
#213=FACE_BOUND('',#915,.T.);
#214=FACE_BOUND('',#921,.T.);
#215=FACE_BOUND('',#934,.T.);
#216=FACE_BOUND('',#935,.T.);
#217=FACE_BOUND('',#936,.T.);
#218=FACE_BOUND('',#983,.T.);
#219=FACE_BOUND('',#994,.T.);
#220=FACE_BOUND('',#995,.T.);
#221=FACE_BOUND('',#996,.T.);
#222=FACE_BOUND('',#997,.T.);
#223=FACE_BOUND('',#998,.T.);
#224=FACE_BOUND('',#1001,.T.);
#225=FACE_BOUND('',#1002,.T.);
#226=FACE_BOUND('',#1003,.T.);
#227=FACE_BOUND('',#1004,.T.);
#228=FACE_BOUND('',#1005,.T.);
#229=FACE_BOUND('',#1014,.T.);
#230=FACE_BOUND('',#1015,.T.);
#231=FACE_BOUND('',#1016,.T.);
#232=ELLIPSE('',#6191,32.6874423854812,14.437447402747);
#233=ELLIPSE('',#6192,32.6874423854791,14.4374474027465);
#234=STYLED_ITEM('',(#11706),#239);
#235=STYLED_ITEM('',(#11706),#240);
#236=STYLED_ITEM('',(#11706),#241);
#237=STYLED_ITEM('',(#11706),#242);
#238=STYLED_ITEM('',(#11706),#243);
#239=MANIFOLD_SOLID_BREP('Body1',#6157);
#240=MANIFOLD_SOLID_BREP('Body2',#6158);
#241=MANIFOLD_SOLID_BREP('Body3',#6159);
#242=MANIFOLD_SOLID_BREP('Body4',#6160);
#243=MANIFOLD_SOLID_BREP('Body1',#6161);
#244=PLANE('',#6177);
#245=PLANE('',#6178);
#246=PLANE('',#6179);
#247=PLANE('',#6180);
#248=PLANE('',#6181);
#249=PLANE('',#6182);
#250=PLANE('',#6183);
#251=PLANE('',#6184);
#252=PLANE('',#6185);
#253=PLANE('',#6186);
#254=PLANE('',#6187);
#255=PLANE('',#6188);
#256=PLANE('',#6189);
#257=PLANE('',#6190);
#258=PLANE('',#6193);
#259=PLANE('',#6194);
#260=PLANE('',#6195);
#261=PLANE('',#6196);
#262=PLANE('',#6197);
#263=PLANE('',#6198);
#264=PLANE('',#6199);
#265=PLANE('',#6200);
#266=PLANE('',#6201);
#267=PLANE('',#6202);
#268=PLANE('',#6203);
#269=PLANE('',#6204);
#270=PLANE('',#6205);
#271=PLANE('',#6206);
#272=PLANE('',#6207);
#273=PLANE('',#6208);
#274=PLANE('',#6209);
#275=PLANE('',#6210);
#276=PLANE('',#6211);
#277=PLANE('',#6213);
#278=PLANE('',#6214);
#279=PLANE('',#6216);
#280=PLANE('',#6217);
#281=PLANE('',#6219);
#282=PLANE('',#6220);
#283=PLANE('',#6222);
#284=PLANE('',#6223);
#285=PLANE('',#6224);
#286=PLANE('',#6225);
#287=PLANE('',#6226);
#288=PLANE('',#6227);
#289=PLANE('',#6228);
#290=PLANE('',#6253);
#291=PLANE('',#6266);
#292=PLANE('',#6293);
#293=PLANE('',#6296);
#294=PLANE('',#6325);
#295=PLANE('',#6330);
#296=PLANE('',#6337);
#297=PLANE('',#6341);
#298=PLANE('',#6345);
#299=PLANE('',#6349);
#300=PLANE('',#6353);
#301=PLANE('',#6357);
#302=PLANE('',#6363);
#303=PLANE('',#6364);
#304=PLANE('',#6365);
#305=PLANE('',#6366);
#306=PLANE('',#6376);
#307=PLANE('',#6377);
#308=PLANE('',#6378);
#309=PLANE('',#6379);
#310=PLANE('',#6389);
#311=PLANE('',#6390);
#312=PLANE('',#6391);
#313=PLANE('',#6392);
#314=PLANE('',#6403);
#315=PLANE('',#6404);
#316=PLANE('',#6405);
#317=PLANE('',#6406);
#318=PLANE('',#6407);
#319=PLANE('',#6418);
#320=PLANE('',#6426);
#321=PLANE('',#6428);
#322=PLANE('',#6430);
#323=PLANE('',#6432);
#324=PLANE('',#6434);
#325=PLANE('',#6436);
#326=FACE_OUTER_BOUND('',#661,.T.);
#327=FACE_OUTER_BOUND('',#662,.T.);
#328=FACE_OUTER_BOUND('',#663,.T.);
#329=FACE_OUTER_BOUND('',#664,.T.);
#330=FACE_OUTER_BOUND('',#665,.T.);
#331=FACE_OUTER_BOUND('',#666,.T.);
#332=FACE_OUTER_BOUND('',#667,.T.);
#333=FACE_OUTER_BOUND('',#668,.T.);
#334=FACE_OUTER_BOUND('',#669,.T.);
#335=FACE_OUTER_BOUND('',#670,.T.);
#336=FACE_OUTER_BOUND('',#671,.T.);
#337=FACE_OUTER_BOUND('',#672,.T.);
#338=FACE_OUTER_BOUND('',#673,.T.);
#339=FACE_OUTER_BOUND('',#674,.T.);
#340=FACE_OUTER_BOUND('',#675,.T.);
#341=FACE_OUTER_BOUND('',#676,.T.);
#342=FACE_OUTER_BOUND('',#677,.T.);
#343=FACE_OUTER_BOUND('',#678,.T.);
#344=FACE_OUTER_BOUND('',#679,.T.);
#345=FACE_OUTER_BOUND('',#680,.T.);
#346=FACE_OUTER_BOUND('',#681,.T.);
#347=FACE_OUTER_BOUND('',#682,.T.);
#348=FACE_OUTER_BOUND('',#683,.T.);
#349=FACE_OUTER_BOUND('',#684,.T.);
#350=FACE_OUTER_BOUND('',#685,.T.);
#351=FACE_OUTER_BOUND('',#686,.T.);
#352=FACE_OUTER_BOUND('',#687,.T.);
#353=FACE_OUTER_BOUND('',#688,.T.);
#354=FACE_OUTER_BOUND('',#689,.T.);
#355=FACE_OUTER_BOUND('',#690,.T.);
#356=FACE_OUTER_BOUND('',#691,.T.);
#357=FACE_OUTER_BOUND('',#692,.T.);
#358=FACE_OUTER_BOUND('',#693,.T.);
#359=FACE_OUTER_BOUND('',#694,.T.);
#360=FACE_OUTER_BOUND('',#695,.T.);
#361=FACE_OUTER_BOUND('',#696,.T.);
#362=FACE_OUTER_BOUND('',#697,.T.);
#363=FACE_OUTER_BOUND('',#698,.T.);
#364=FACE_OUTER_BOUND('',#699,.T.);
#365=FACE_OUTER_BOUND('',#700,.T.);
#366=FACE_OUTER_BOUND('',#701,.T.);
#367=FACE_OUTER_BOUND('',#702,.T.);
#368=FACE_OUTER_BOUND('',#703,.T.);
#369=FACE_OUTER_BOUND('',#704,.T.);
#370=FACE_OUTER_BOUND('',#705,.T.);
#371=FACE_OUTER_BOUND('',#706,.T.);
#372=FACE_OUTER_BOUND('',#707,.T.);
#373=FACE_OUTER_BOUND('',#708,.T.);
#374=FACE_OUTER_BOUND('',#709,.T.);
#375=FACE_OUTER_BOUND('',#710,.T.);
#376=FACE_OUTER_BOUND('',#711,.T.);
#377=FACE_OUTER_BOUND('',#712,.T.);
#378=FACE_OUTER_BOUND('',#713,.T.);
#379=FACE_OUTER_BOUND('',#714,.T.);
#380=FACE_OUTER_BOUND('',#715,.T.);
#381=FACE_OUTER_BOUND('',#716,.T.);
#382=FACE_OUTER_BOUND('',#717,.T.);
#383=FACE_OUTER_BOUND('',#718,.T.);
#384=FACE_OUTER_BOUND('',#719,.T.);
#385=FACE_OUTER_BOUND('',#720,.T.);
#386=FACE_OUTER_BOUND('',#721,.T.);
#387=FACE_OUTER_BOUND('',#722,.T.);
#388=FACE_OUTER_BOUND('',#723,.T.);
#389=FACE_OUTER_BOUND('',#724,.T.);
#390=FACE_OUTER_BOUND('',#725,.T.);
#391=FACE_OUTER_BOUND('',#726,.T.);
#392=FACE_OUTER_BOUND('',#727,.T.);
#393=FACE_OUTER_BOUND('',#728,.T.);
#394=FACE_OUTER_BOUND('',#729,.T.);
#395=FACE_OUTER_BOUND('',#730,.T.);
#396=FACE_OUTER_BOUND('',#731,.T.);
#397=FACE_OUTER_BOUND('',#732,.T.);
#398=FACE_OUTER_BOUND('',#733,.T.);
#399=FACE_OUTER_BOUND('',#734,.T.);
#400=FACE_OUTER_BOUND('',#735,.T.);
#401=FACE_OUTER_BOUND('',#736,.T.);
#402=FACE_OUTER_BOUND('',#737,.T.);
#403=FACE_OUTER_BOUND('',#738,.T.);
#404=FACE_OUTER_BOUND('',#739,.T.);
#405=FACE_OUTER_BOUND('',#740,.T.);
#406=FACE_OUTER_BOUND('',#741,.T.);
#407=FACE_OUTER_BOUND('',#742,.T.);
#408=FACE_OUTER_BOUND('',#743,.T.);
#409=FACE_OUTER_BOUND('',#744,.T.);
#410=FACE_OUTER_BOUND('',#745,.T.);
#411=FACE_OUTER_BOUND('',#746,.T.);
#412=FACE_OUTER_BOUND('',#747,.T.);
#413=FACE_OUTER_BOUND('',#748,.T.);
#414=FACE_OUTER_BOUND('',#749,.T.);
#415=FACE_OUTER_BOUND('',#750,.T.);
#416=FACE_OUTER_BOUND('',#751,.T.);
#417=FACE_OUTER_BOUND('',#752,.T.);
#418=FACE_OUTER_BOUND('',#753,.T.);
#419=FACE_OUTER_BOUND('',#754,.T.);
#420=FACE_OUTER_BOUND('',#755,.T.);
#421=FACE_OUTER_BOUND('',#756,.T.);
#422=FACE_OUTER_BOUND('',#757,.T.);
#423=FACE_OUTER_BOUND('',#758,.T.);
#424=FACE_OUTER_BOUND('',#759,.T.);
#425=FACE_OUTER_BOUND('',#760,.T.);
#426=FACE_OUTER_BOUND('',#761,.T.);
#427=FACE_OUTER_BOUND('',#762,.T.);
#428=FACE_OUTER_BOUND('',#763,.T.);
#429=FACE_OUTER_BOUND('',#764,.T.);
#430=FACE_OUTER_BOUND('',#765,.T.);
#431=FACE_OUTER_BOUND('',#766,.T.);
#432=FACE_OUTER_BOUND('',#767,.T.);
#433=FACE_OUTER_BOUND('',#768,.T.);
#434=FACE_OUTER_BOUND('',#769,.T.);
#435=FACE_OUTER_BOUND('',#770,.T.);
#436=FACE_OUTER_BOUND('',#771,.T.);
#437=FACE_OUTER_BOUND('',#772,.T.);
#438=FACE_OUTER_BOUND('',#773,.T.);
#439=FACE_OUTER_BOUND('',#774,.T.);
#440=FACE_OUTER_BOUND('',#775,.T.);
#441=FACE_OUTER_BOUND('',#776,.T.);
#442=FACE_OUTER_BOUND('',#777,.T.);
#443=FACE_OUTER_BOUND('',#778,.T.);
#444=FACE_OUTER_BOUND('',#779,.T.);
#445=FACE_OUTER_BOUND('',#780,.T.);
#446=FACE_OUTER_BOUND('',#781,.T.);
#447=FACE_OUTER_BOUND('',#782,.T.);
#448=FACE_OUTER_BOUND('',#783,.T.);
#449=FACE_OUTER_BOUND('',#784,.T.);
#450=FACE_OUTER_BOUND('',#785,.T.);
#451=FACE_OUTER_BOUND('',#786,.T.);
#452=FACE_OUTER_BOUND('',#787,.T.);
#453=FACE_OUTER_BOUND('',#788,.T.);
#454=FACE_OUTER_BOUND('',#789,.T.);
#455=FACE_OUTER_BOUND('',#790,.T.);
#456=FACE_OUTER_BOUND('',#791,.T.);
#457=FACE_OUTER_BOUND('',#792,.T.);
#458=FACE_OUTER_BOUND('',#793,.T.);
#459=FACE_OUTER_BOUND('',#794,.T.);
#460=FACE_OUTER_BOUND('',#795,.T.);
#461=FACE_OUTER_BOUND('',#796,.T.);
#462=FACE_OUTER_BOUND('',#797,.T.);
#463=FACE_OUTER_BOUND('',#798,.T.);
#464=FACE_OUTER_BOUND('',#799,.T.);
#465=FACE_OUTER_BOUND('',#800,.T.);
#466=FACE_OUTER_BOUND('',#801,.T.);
#467=FACE_OUTER_BOUND('',#802,.T.);
#468=FACE_OUTER_BOUND('',#803,.T.);
#469=FACE_OUTER_BOUND('',#804,.T.);
#470=FACE_OUTER_BOUND('',#805,.T.);
#471=FACE_OUTER_BOUND('',#806,.T.);
#472=FACE_OUTER_BOUND('',#807,.T.);
#473=FACE_OUTER_BOUND('',#808,.T.);
#474=FACE_OUTER_BOUND('',#809,.T.);
#475=FACE_OUTER_BOUND('',#810,.T.);
#476=FACE_OUTER_BOUND('',#811,.T.);
#477=FACE_OUTER_BOUND('',#812,.T.);
#478=FACE_OUTER_BOUND('',#813,.T.);
#479=FACE_OUTER_BOUND('',#814,.T.);
#480=FACE_OUTER_BOUND('',#815,.T.);
#481=FACE_OUTER_BOUND('',#816,.T.);
#482=FACE_OUTER_BOUND('',#817,.T.);
#483=FACE_OUTER_BOUND('',#818,.T.);
#484=FACE_OUTER_BOUND('',#819,.T.);
#485=FACE_OUTER_BOUND('',#820,.T.);
#486=FACE_OUTER_BOUND('',#821,.T.);
#487=FACE_OUTER_BOUND('',#822,.T.);
#488=FACE_OUTER_BOUND('',#823,.T.);
#489=FACE_OUTER_BOUND('',#824,.T.);
#490=FACE_OUTER_BOUND('',#825,.T.);
#491=FACE_OUTER_BOUND('',#826,.T.);
#492=FACE_OUTER_BOUND('',#827,.T.);
#493=FACE_OUTER_BOUND('',#828,.T.);
#494=FACE_OUTER_BOUND('',#829,.T.);
#495=FACE_OUTER_BOUND('',#830,.T.);
#496=FACE_OUTER_BOUND('',#831,.T.);
#497=FACE_OUTER_BOUND('',#832,.T.);
#498=FACE_OUTER_BOUND('',#833,.T.);
#499=FACE_OUTER_BOUND('',#834,.T.);
#500=FACE_OUTER_BOUND('',#835,.T.);
#501=FACE_OUTER_BOUND('',#836,.T.);
#502=FACE_OUTER_BOUND('',#837,.T.);
#503=FACE_OUTER_BOUND('',#838,.T.);
#504=FACE_OUTER_BOUND('',#839,.T.);
#505=FACE_OUTER_BOUND('',#840,.T.);
#506=FACE_OUTER_BOUND('',#841,.T.);
#507=FACE_OUTER_BOUND('',#842,.T.);
#508=FACE_OUTER_BOUND('',#843,.T.);
#509=FACE_OUTER_BOUND('',#844,.T.);
#510=FACE_OUTER_BOUND('',#845,.T.);
#511=FACE_OUTER_BOUND('',#846,.T.);
#512=FACE_OUTER_BOUND('',#847,.T.);
#513=FACE_OUTER_BOUND('',#848,.T.);
#514=FACE_OUTER_BOUND('',#849,.T.);
#515=FACE_OUTER_BOUND('',#850,.T.);
#516=FACE_OUTER_BOUND('',#851,.T.);
#517=FACE_OUTER_BOUND('',#852,.T.);
#518=FACE_OUTER_BOUND('',#853,.T.);
#519=FACE_OUTER_BOUND('',#854,.T.);
#520=FACE_OUTER_BOUND('',#855,.T.);
#521=FACE_OUTER_BOUND('',#856,.T.);
#522=FACE_OUTER_BOUND('',#857,.T.);
#523=FACE_OUTER_BOUND('',#865,.T.);
#524=FACE_OUTER_BOUND('',#873,.T.);
#525=FACE_OUTER_BOUND('',#874,.T.);
#526=FACE_OUTER_BOUND('',#875,.T.);
#527=FACE_OUTER_BOUND('',#876,.T.);
#528=FACE_OUTER_BOUND('',#877,.T.);
#529=FACE_OUTER_BOUND('',#878,.T.);
#530=FACE_OUTER_BOUND('',#879,.T.);
#531=FACE_OUTER_BOUND('',#880,.T.);
#532=FACE_OUTER_BOUND('',#881,.T.);
#533=FACE_OUTER_BOUND('',#882,.T.);
#534=FACE_OUTER_BOUND('',#883,.T.);
#535=FACE_OUTER_BOUND('',#884,.T.);
#536=FACE_OUTER_BOUND('',#885,.T.);
#537=FACE_OUTER_BOUND('',#886,.T.);
#538=FACE_OUTER_BOUND('',#887,.T.);
#539=FACE_OUTER_BOUND('',#888,.T.);
#540=FACE_OUTER_BOUND('',#889,.T.);
#541=FACE_OUTER_BOUND('',#890,.T.);
#542=FACE_OUTER_BOUND('',#891,.T.);
#543=FACE_OUTER_BOUND('',#892,.T.);
#544=FACE_OUTER_BOUND('',#893,.T.);
#545=FACE_OUTER_BOUND('',#894,.T.);
#546=FACE_OUTER_BOUND('',#895,.T.);
#547=FACE_OUTER_BOUND('',#896,.T.);
#548=FACE_OUTER_BOUND('',#897,.T.);
#549=FACE_OUTER_BOUND('',#898,.T.);
#550=FACE_OUTER_BOUND('',#899,.T.);
#551=FACE_OUTER_BOUND('',#900,.T.);
#552=FACE_OUTER_BOUND('',#901,.T.);
#553=FACE_OUTER_BOUND('',#902,.T.);
#554=FACE_OUTER_BOUND('',#903,.T.);
#555=FACE_OUTER_BOUND('',#904,.T.);
#556=FACE_OUTER_BOUND('',#905,.T.);
#557=FACE_OUTER_BOUND('',#906,.T.);
#558=FACE_OUTER_BOUND('',#907,.T.);
#559=FACE_OUTER_BOUND('',#908,.T.);
#560=FACE_OUTER_BOUND('',#909,.T.);
#561=FACE_OUTER_BOUND('',#910,.T.);
#562=FACE_OUTER_BOUND('',#911,.T.);
#563=FACE_OUTER_BOUND('',#912,.T.);
#564=FACE_OUTER_BOUND('',#913,.T.);
#565=FACE_OUTER_BOUND('',#914,.T.);
#566=FACE_OUTER_BOUND('',#916,.T.);
#567=FACE_OUTER_BOUND('',#917,.T.);
#568=FACE_OUTER_BOUND('',#918,.T.);
#569=FACE_OUTER_BOUND('',#919,.T.);
#570=FACE_OUTER_BOUND('',#920,.T.);
#571=FACE_OUTER_BOUND('',#922,.T.);
#572=FACE_OUTER_BOUND('',#923,.T.);
#573=FACE_OUTER_BOUND('',#924,.T.);
#574=FACE_OUTER_BOUND('',#925,.T.);
#575=FACE_OUTER_BOUND('',#926,.T.);
#576=FACE_OUTER_BOUND('',#927,.T.);
#577=FACE_OUTER_BOUND('',#928,.T.);
#578=FACE_OUTER_BOUND('',#929,.T.);
#579=FACE_OUTER_BOUND('',#930,.T.);
#580=FACE_OUTER_BOUND('',#931,.T.);
#581=FACE_OUTER_BOUND('',#932,.T.);
#582=FACE_OUTER_BOUND('',#933,.T.);
#583=FACE_OUTER_BOUND('',#937,.T.);
#584=FACE_OUTER_BOUND('',#938,.T.);
#585=FACE_OUTER_BOUND('',#939,.T.);
#586=FACE_OUTER_BOUND('',#940,.T.);
#587=FACE_OUTER_BOUND('',#941,.T.);
#588=FACE_OUTER_BOUND('',#942,.T.);
#589=FACE_OUTER_BOUND('',#943,.T.);
#590=FACE_OUTER_BOUND('',#944,.T.);
#591=FACE_OUTER_BOUND('',#945,.T.);
#592=FACE_OUTER_BOUND('',#946,.T.);
#593=FACE_OUTER_BOUND('',#947,.T.);
#594=FACE_OUTER_BOUND('',#948,.T.);
#595=FACE_OUTER_BOUND('',#949,.T.);
#596=FACE_OUTER_BOUND('',#950,.T.);
#597=FACE_OUTER_BOUND('',#951,.T.);
#598=FACE_OUTER_BOUND('',#952,.T.);
#599=FACE_OUTER_BOUND('',#953,.T.);
#600=FACE_OUTER_BOUND('',#954,.T.);
#601=FACE_OUTER_BOUND('',#955,.T.);
#602=FACE_OUTER_BOUND('',#956,.T.);
#603=FACE_OUTER_BOUND('',#957,.T.);
#604=FACE_OUTER_BOUND('',#958,.T.);
#605=FACE_OUTER_BOUND('',#959,.T.);
#606=FACE_OUTER_BOUND('',#960,.T.);
#607=FACE_OUTER_BOUND('',#961,.T.);
#608=FACE_OUTER_BOUND('',#962,.T.);
#609=FACE_OUTER_BOUND('',#963,.T.);
#610=FACE_OUTER_BOUND('',#964,.T.);
#611=FACE_OUTER_BOUND('',#965,.T.);
#612=FACE_OUTER_BOUND('',#966,.T.);
#613=FACE_OUTER_BOUND('',#967,.T.);
#614=FACE_OUTER_BOUND('',#968,.T.);
#615=FACE_OUTER_BOUND('',#969,.T.);
#616=FACE_OUTER_BOUND('',#970,.T.);
#617=FACE_OUTER_BOUND('',#971,.T.);
#618=FACE_OUTER_BOUND('',#972,.T.);
#619=FACE_OUTER_BOUND('',#973,.T.);
#620=FACE_OUTER_BOUND('',#974,.T.);
#621=FACE_OUTER_BOUND('',#975,.T.);
#622=FACE_OUTER_BOUND('',#976,.T.);
#623=FACE_OUTER_BOUND('',#977,.T.);
#624=FACE_OUTER_BOUND('',#978,.T.);
#625=FACE_OUTER_BOUND('',#979,.T.);
#626=FACE_OUTER_BOUND('',#980,.T.);
#627=FACE_OUTER_BOUND('',#981,.T.);
#628=FACE_OUTER_BOUND('',#982,.T.);
#629=FACE_OUTER_BOUND('',#984,.T.);
#630=FACE_OUTER_BOUND('',#985,.T.);
#631=FACE_OUTER_BOUND('',#986,.T.);
#632=FACE_OUTER_BOUND('',#987,.T.);
#633=FACE_OUTER_BOUND('',#988,.T.);
#634=FACE_OUTER_BOUND('',#989,.T.);
#635=FACE_OUTER_BOUND('',#990,.T.);
#636=FACE_OUTER_BOUND('',#991,.T.);
#637=FACE_OUTER_BOUND('',#992,.T.);
#638=FACE_OUTER_BOUND('',#993,.T.);
#639=FACE_OUTER_BOUND('',#999,.T.);
#640=FACE_OUTER_BOUND('',#1000,.T.);
#641=FACE_OUTER_BOUND('',#1006,.T.);
#642=FACE_OUTER_BOUND('',#1007,.T.);
#643=FACE_OUTER_BOUND('',#1008,.T.);
#644=FACE_OUTER_BOUND('',#1009,.T.);
#645=FACE_OUTER_BOUND('',#1010,.T.);
#646=FACE_OUTER_BOUND('',#1011,.T.);
#647=FACE_OUTER_BOUND('',#1012,.T.);
#648=FACE_OUTER_BOUND('',#1013,.T.);
#649=FACE_OUTER_BOUND('',#1017,.T.);
#650=FACE_OUTER_BOUND('',#1018,.T.);
#651=FACE_OUTER_BOUND('',#1019,.T.);
#652=FACE_OUTER_BOUND('',#1020,.T.);
#653=FACE_OUTER_BOUND('',#1021,.T.);
#654=FACE_OUTER_BOUND('',#1022,.T.);
#655=FACE_OUTER_BOUND('',#1023,.T.);
#656=FACE_OUTER_BOUND('',#1024,.T.);
#657=FACE_OUTER_BOUND('',#1025,.T.);
#658=FACE_OUTER_BOUND('',#1026,.T.);
#659=FACE_OUTER_BOUND('',#1027,.T.);
#660=FACE_OUTER_BOUND('',#1028,.T.);
#661=EDGE_LOOP('',(#3793,#3794,#3795,#3796));
#662=EDGE_LOOP('',(#3797,#3798,#3799,#3800));
#663=EDGE_LOOP('',(#3801,#3802,#3803,#3804));
#664=EDGE_LOOP('',(#3805,#3806,#3807,#3808));
#665=EDGE_LOOP('',(#3809,#3810,#3811,#3812));
#666=EDGE_LOOP('',(#3813,#3814,#3815,#3816));
#667=EDGE_LOOP('',(#3817,#3818,#3819,#3820));
#668=EDGE_LOOP('',(#3821,#3822,#3823,#3824));
#669=EDGE_LOOP('',(#3825,#3826,#3827,#3828));
#670=EDGE_LOOP('',(#3829,#3830,#3831,#3832));
#671=EDGE_LOOP('',(#3833,#3834,#3835,#3836));
#672=EDGE_LOOP('',(#3837,#3838,#3839,#3840));
#673=EDGE_LOOP('',(#3841,#3842,#3843,#3844,#3845,#3846,#3847,#3848,#3849,
#3850,#3851,#3852));
#674=EDGE_LOOP('',(#3853,#3854,#3855,#3856,#3857,#3858,#3859,#3860,#3861,
#3862,#3863,#3864));
#675=EDGE_LOOP('',(#3865,#3866,#3867,#3868));
#676=EDGE_LOOP('',(#3869,#3870,#3871,#3872));
#677=EDGE_LOOP('',(#3873,#3874,#3875,#3876));
#678=EDGE_LOOP('',(#3877,#3878,#3879,#3880));
#679=EDGE_LOOP('',(#3881,#3882,#3883,#3884));
#680=EDGE_LOOP('',(#3885,#3886,#3887,#3888));
#681=EDGE_LOOP('',(#3889,#3890,#3891,#3892));
#682=EDGE_LOOP('',(#3893,#3894,#3895,#3896));
#683=EDGE_LOOP('',(#3897,#3898,#3899,#3900,#3901,#3902,#3903,#3904));
#684=EDGE_LOOP('',(#3905,#3906,#3907,#3908,#3909,#3910,#3911,#3912));
#685=EDGE_LOOP('',(#3913,#3914,#3915,#3916));
#686=EDGE_LOOP('',(#3917,#3918,#3919,#3920));
#687=EDGE_LOOP('',(#3921,#3922,#3923,#3924));
#688=EDGE_LOOP('',(#3925,#3926,#3927,#3928));
#689=EDGE_LOOP('',(#3929,#3930,#3931,#3932));
#690=EDGE_LOOP('',(#3933,#3934,#3935,#3936));
#691=EDGE_LOOP('',(#3937,#3938,#3939,#3940));
#692=EDGE_LOOP('',(#3941,#3942,#3943,#3944));
#693=EDGE_LOOP('',(#3945,#3946,#3947,#3948));
#694=EDGE_LOOP('',(#3949,#3950,#3951,#3952));
#695=EDGE_LOOP('',(#3953,#3954,#3955,#3956));
#696=EDGE_LOOP('',(#3957,#3958,#3959,#3960));
#697=EDGE_LOOP('',(#3961,#3962,#3963,#3964));
#698=EDGE_LOOP('',(#3965,#3966,#3967,#3968));
#699=EDGE_LOOP('',(#3969,#3970,#3971,#3972));
#700=EDGE_LOOP('',(#3973,#3974,#3975,#3976));
#701=EDGE_LOOP('',(#3977,#3978,#3979,#3980));
#702=EDGE_LOOP('',(#3981,#3982,#3983,#3984));
#703=EDGE_LOOP('',(#3985,#3986,#3987,#3988));
#704=EDGE_LOOP('',(#3989,#3990,#3991,#3992));
#705=EDGE_LOOP('',(#3993,#3994,#3995,#3996));
#706=EDGE_LOOP('',(#3997,#3998,#3999,#4000));
#707=EDGE_LOOP('',(#4001,#4002,#4003,#4004));
#708=EDGE_LOOP('',(#4005,#4006,#4007,#4008));
#709=EDGE_LOOP('',(#4009,#4010,#4011,#4012));
#710=EDGE_LOOP('',(#4013,#4014,#4015,#4016));
#711=EDGE_LOOP('',(#4017,#4018,#4019,#4020));
#712=EDGE_LOOP('',(#4021,#4022,#4023,#4024));
#713=EDGE_LOOP('',(#4025,#4026,#4027,#4028));
#714=EDGE_LOOP('',(#4029,#4030,#4031,#4032));
#715=EDGE_LOOP('',(#4033,#4034,#4035,#4036));
#716=EDGE_LOOP('',(#4037,#4038,#4039,#4040));
#717=EDGE_LOOP('',(#4041,#4042,#4043,#4044));
#718=EDGE_LOOP('',(#4045,#4046,#4047,#4048));
#719=EDGE_LOOP('',(#4049,#4050,#4051,#4052));
#720=EDGE_LOOP('',(#4053,#4054,#4055,#4056));
#721=EDGE_LOOP('',(#4057,#4058,#4059,#4060));
#722=EDGE_LOOP('',(#4061,#4062,#4063,#4064));
#723=EDGE_LOOP('',(#4065,#4066,#4067,#4068));
#724=EDGE_LOOP('',(#4069,#4070,#4071,#4072));
#725=EDGE_LOOP('',(#4073,#4074,#4075,#4076));
#726=EDGE_LOOP('',(#4077,#4078,#4079,#4080));
#727=EDGE_LOOP('',(#4081,#4082,#4083,#4084));
#728=EDGE_LOOP('',(#4085,#4086,#4087,#4088));
#729=EDGE_LOOP('',(#4089,#4090,#4091,#4092));
#730=EDGE_LOOP('',(#4093,#4094,#4095,#4096));
#731=EDGE_LOOP('',(#4097,#4098,#4099,#4100));
#732=EDGE_LOOP('',(#4101,#4102,#4103,#4104));
#733=EDGE_LOOP('',(#4105,#4106,#4107,#4108));
#734=EDGE_LOOP('',(#4109,#4110,#4111,#4112));
#735=EDGE_LOOP('',(#4113,#4114,#4115,#4116));
#736=EDGE_LOOP('',(#4117,#4118,#4119,#4120));
#737=EDGE_LOOP('',(#4121,#4122,#4123,#4124));
#738=EDGE_LOOP('',(#4125,#4126,#4127,#4128));
#739=EDGE_LOOP('',(#4129,#4130,#4131,#4132));
#740=EDGE_LOOP('',(#4133,#4134,#4135,#4136));
#741=EDGE_LOOP('',(#4137,#4138,#4139,#4140));
#742=EDGE_LOOP('',(#4141,#4142,#4143,#4144));
#743=EDGE_LOOP('',(#4145,#4146,#4147,#4148));
#744=EDGE_LOOP('',(#4149,#4150,#4151,#4152));
#745=EDGE_LOOP('',(#4153,#4154,#4155,#4156));
#746=EDGE_LOOP('',(#4157,#4158,#4159,#4160));
#747=EDGE_LOOP('',(#4161,#4162,#4163,#4164));
#748=EDGE_LOOP('',(#4165,#4166,#4167,#4168));
#749=EDGE_LOOP('',(#4169,#4170,#4171,#4172));
#750=EDGE_LOOP('',(#4173,#4174,#4175,#4176));
#751=EDGE_LOOP('',(#4177,#4178,#4179,#4180));
#752=EDGE_LOOP('',(#4181,#4182,#4183,#4184));
#753=EDGE_LOOP('',(#4185,#4186,#4187,#4188));
#754=EDGE_LOOP('',(#4189,#4190,#4191,#4192));
#755=EDGE_LOOP('',(#4193,#4194,#4195,#4196));
#756=EDGE_LOOP('',(#4197,#4198,#4199,#4200));
#757=EDGE_LOOP('',(#4201,#4202,#4203,#4204));
#758=EDGE_LOOP('',(#4205,#4206,#4207,#4208));
#759=EDGE_LOOP('',(#4209,#4210,#4211,#4212));
#760=EDGE_LOOP('',(#4213,#4214,#4215,#4216));
#761=EDGE_LOOP('',(#4217,#4218,#4219,#4220));
#762=EDGE_LOOP('',(#4221,#4222,#4223,#4224));
#763=EDGE_LOOP('',(#4225,#4226,#4227,#4228));
#764=EDGE_LOOP('',(#4229,#4230,#4231,#4232));
#765=EDGE_LOOP('',(#4233,#4234,#4235,#4236));
#766=EDGE_LOOP('',(#4237,#4238,#4239,#4240));
#767=EDGE_LOOP('',(#4241,#4242,#4243,#4244));
#768=EDGE_LOOP('',(#4245,#4246,#4247,#4248));
#769=EDGE_LOOP('',(#4249,#4250,#4251,#4252));
#770=EDGE_LOOP('',(#4253,#4254,#4255,#4256));
#771=EDGE_LOOP('',(#4257,#4258,#4259,#4260));
#772=EDGE_LOOP('',(#4261,#4262,#4263,#4264));
#773=EDGE_LOOP('',(#4265,#4266,#4267,#4268));
#774=EDGE_LOOP('',(#4269,#4270,#4271,#4272));
#775=EDGE_LOOP('',(#4273,#4274,#4275,#4276));
#776=EDGE_LOOP('',(#4277,#4278,#4279,#4280));
#777=EDGE_LOOP('',(#4281,#4282,#4283,#4284));
#778=EDGE_LOOP('',(#4285,#4286,#4287,#4288));
#779=EDGE_LOOP('',(#4289,#4290,#4291,#4292));
#780=EDGE_LOOP('',(#4293,#4294,#4295,#4296));
#781=EDGE_LOOP('',(#4297,#4298,#4299,#4300));
#782=EDGE_LOOP('',(#4301,#4302,#4303,#4304));
#783=EDGE_LOOP('',(#4305,#4306,#4307,#4308));
#784=EDGE_LOOP('',(#4309,#4310,#4311,#4312));
#785=EDGE_LOOP('',(#4313,#4314,#4315,#4316));
#786=EDGE_LOOP('',(#4317,#4318,#4319,#4320));
#787=EDGE_LOOP('',(#4321,#4322,#4323,#4324));
#788=EDGE_LOOP('',(#4325,#4326,#4327,#4328));
#789=EDGE_LOOP('',(#4329,#4330,#4331,#4332));
#790=EDGE_LOOP('',(#4333,#4334,#4335,#4336));
#791=EDGE_LOOP('',(#4337,#4338,#4339,#4340));
#792=EDGE_LOOP('',(#4341,#4342,#4343,#4344));
#793=EDGE_LOOP('',(#4345,#4346,#4347,#4348));
#794=EDGE_LOOP('',(#4349,#4350,#4351,#4352));
#795=EDGE_LOOP('',(#4353,#4354,#4355,#4356));
#796=EDGE_LOOP('',(#4357,#4358,#4359,#4360));
#797=EDGE_LOOP('',(#4361,#4362,#4363,#4364));
#798=EDGE_LOOP('',(#4365,#4366,#4367,#4368));
#799=EDGE_LOOP('',(#4369,#4370,#4371,#4372));
#800=EDGE_LOOP('',(#4373,#4374,#4375,#4376));
#801=EDGE_LOOP('',(#4377,#4378,#4379,#4380));
#802=EDGE_LOOP('',(#4381,#4382,#4383,#4384));
#803=EDGE_LOOP('',(#4385,#4386,#4387,#4388));
#804=EDGE_LOOP('',(#4389,#4390,#4391,#4392));
#805=EDGE_LOOP('',(#4393,#4394,#4395,#4396));
#806=EDGE_LOOP('',(#4397,#4398,#4399,#4400));
#807=EDGE_LOOP('',(#4401,#4402,#4403,#4404));
#808=EDGE_LOOP('',(#4405,#4406,#4407,#4408));
#809=EDGE_LOOP('',(#4409,#4410,#4411,#4412));
#810=EDGE_LOOP('',(#4413,#4414,#4415,#4416));
#811=EDGE_LOOP('',(#4417,#4418,#4419,#4420));
#812=EDGE_LOOP('',(#4421,#4422,#4423,#4424));
#813=EDGE_LOOP('',(#4425,#4426,#4427,#4428));
#814=EDGE_LOOP('',(#4429,#4430,#4431,#4432));
#815=EDGE_LOOP('',(#4433,#4434,#4435,#4436));
#816=EDGE_LOOP('',(#4437,#4438,#4439,#4440));
#817=EDGE_LOOP('',(#4441,#4442,#4443,#4444));
#818=EDGE_LOOP('',(#4445,#4446,#4447,#4448));
#819=EDGE_LOOP('',(#4449,#4450,#4451,#4452));
#820=EDGE_LOOP('',(#4453,#4454,#4455,#4456));
#821=EDGE_LOOP('',(#4457,#4458,#4459,#4460));
#822=EDGE_LOOP('',(#4461,#4462,#4463,#4464));
#823=EDGE_LOOP('',(#4465,#4466,#4467,#4468));
#824=EDGE_LOOP('',(#4469,#4470,#4471,#4472));
#825=EDGE_LOOP('',(#4473,#4474,#4475,#4476));
#826=EDGE_LOOP('',(#4477,#4478,#4479,#4480));
#827=EDGE_LOOP('',(#4481,#4482,#4483,#4484));
#828=EDGE_LOOP('',(#4485,#4486,#4487,#4488));
#829=EDGE_LOOP('',(#4489,#4490,#4491,#4492));
#830=EDGE_LOOP('',(#4493,#4494,#4495,#4496));
#831=EDGE_LOOP('',(#4497,#4498,#4499,#4500));
#832=EDGE_LOOP('',(#4501,#4502,#4503,#4504));
#833=EDGE_LOOP('',(#4505,#4506,#4507,#4508));
#834=EDGE_LOOP('',(#4509,#4510,#4511,#4512));
#835=EDGE_LOOP('',(#4513,#4514,#4515,#4516));
#836=EDGE_LOOP('',(#4517,#4518,#4519,#4520));
#837=EDGE_LOOP('',(#4521,#4522,#4523,#4524));
#838=EDGE_LOOP('',(#4525,#4526,#4527,#4528));
#839=EDGE_LOOP('',(#4529,#4530,#4531,#4532));
#840=EDGE_LOOP('',(#4533,#4534,#4535,#4536));
#841=EDGE_LOOP('',(#4537,#4538,#4539,#4540));
#842=EDGE_LOOP('',(#4541,#4542,#4543,#4544));
#843=EDGE_LOOP('',(#4545,#4546,#4547,#4548));
#844=EDGE_LOOP('',(#4549,#4550,#4551,#4552));
#845=EDGE_LOOP('',(#4553,#4554,#4555,#4556));
#846=EDGE_LOOP('',(#4557,#4558,#4559,#4560));
#847=EDGE_LOOP('',(#4561,#4562,#4563,#4564));
#848=EDGE_LOOP('',(#4565,#4566,#4567,#4568));
#849=EDGE_LOOP('',(#4569,#4570,#4571,#4572));
#850=EDGE_LOOP('',(#4573,#4574,#4575,#4576));
#851=EDGE_LOOP('',(#4577,#4578,#4579,#4580));
#852=EDGE_LOOP('',(#4581,#4582,#4583,#4584));
#853=EDGE_LOOP('',(#4585,#4586,#4587,#4588));
#854=EDGE_LOOP('',(#4589,#4590,#4591,#4592));
#855=EDGE_LOOP('',(#4593,#4594,#4595,#4596));
#856=EDGE_LOOP('',(#4597,#4598,#4599,#4600));
#857=EDGE_LOOP('',(#4601,#4602,#4603,#4604,#4605,#4606,#4607,#4608,#4609,
#4610,#4611,#4612,#4613,#4614,#4615,#4616,#4617,#4618,#4619,#4620,#4621,
#4622,#4623,#4624,#4625,#4626,#4627,#4628,#4629,#4630,#4631,#4632,#4633,
#4634,#4635,#4636,#4637,#4638,#4639,#4640,#4641,#4642,#4643,#4644,#4645,
#4646,#4647,#4648,#4649,#4650,#4651,#4652,#4653,#4654,#4655,#4656,#4657,
#4658,#4659,#4660,#4661,#4662,#4663,#4664,#4665,#4666,#4667,#4668,#4669,
#4670,#4671,#4672,#4673,#4674,#4675,#4676,#4677,#4678,#4679,#4680,#4681,
#4682,#4683,#4684,#4685,#4686,#4687,#4688,#4689,#4690,#4691,#4692,#4693,
#4694,#4695,#4696,#4697,#4698,#4699,#4700,#4701,#4702,#4703,#4704,#4705,
#4706,#4707,#4708,#4709,#4710,#4711,#4712,#4713,#4714,#4715,#4716,#4717,
#4718,#4719,#4720,#4721,#4722,#4723,#4724,#4725,#4726,#4727,#4728,#4729,
#4730,#4731,#4732,#4733,#4734,#4735,#4736,#4737,#4738,#4739,#4740,#4741));
#858=EDGE_LOOP('',(#4742,#4743,#4744,#4745,#4746,#4747));
#859=EDGE_LOOP('',(#4748,#4749,#4750,#4751));
#860=EDGE_LOOP('',(#4752,#4753,#4754));
#861=EDGE_LOOP('',(#4755,#4756,#4757,#4758));
#862=EDGE_LOOP('',(#4759,#4760,#4761));
#863=EDGE_LOOP('',(#4762,#4763,#4764,#4765,#4766));
#864=EDGE_LOOP('',(#4767,#4768,#4769,#4770,#4771,#4772));
#865=EDGE_LOOP('',(#4773,#4774,#4775,#4776,#4777,#4778,#4779,#4780,#4781,
#4782,#4783,#4784,#4785,#4786,#4787,#4788,#4789,#4790,#4791,#4792,#4793,
#4794,#4795,#4796,#4797,#4798,#4799,#4800,#4801,#4802,#4803,#4804,#4805,
#4806,#4807,#4808,#4809,#4810,#4811,#4812,#4813,#4814,#4815,#4816,#4817,
#4818,#4819,#4820,#4821,#4822,#4823,#4824,#4825,#4826,#4827,#4828,#4829,
#4830,#4831,#4832,#4833,#4834,#4835,#4836,#4837,#4838,#4839,#4840,#4841,
#4842,#4843,#4844,#4845,#4846,#4847,#4848,#4849,#4850,#4851,#4852,#4853,
#4854,#4855,#4856,#4857,#4858,#4859,#4860,#4861,#4862,#4863,#4864,#4865,
#4866,#4867,#4868,#4869,#4870,#4871,#4872,#4873,#4874,#4875,#4876,#4877,
#4878,#4879,#4880,#4881,#4882,#4883,#4884,#4885,#4886,#4887,#4888,#4889,
#4890,#4891,#4892,#4893,#4894,#4895,#4896,#4897,#4898,#4899,#4900,#4901,
#4902,#4903,#4904,#4905,#4906,#4907,#4908,#4909,#4910,#4911,#4912,#4913));
#866=EDGE_LOOP('',(#4914,#4915,#4916,#4917,#4918,#4919));
#867=EDGE_LOOP('',(#4920,#4921,#4922,#4923));
#868=EDGE_LOOP('',(#4924,#4925,#4926));
#869=EDGE_LOOP('',(#4927,#4928,#4929,#4930));
#870=EDGE_LOOP('',(#4931,#4932,#4933));
#871=EDGE_LOOP('',(#4934,#4935,#4936,#4937,#4938));
#872=EDGE_LOOP('',(#4939,#4940,#4941,#4942,#4943,#4944));
#873=EDGE_LOOP('',(#4945,#4946,#4947,#4948));
#874=EDGE_LOOP('',(#4949,#4950,#4951,#4952));
#875=EDGE_LOOP('',(#4953,#4954,#4955,#4956));
#876=EDGE_LOOP('',(#4957,#4958,#4959,#4960));
#877=EDGE_LOOP('',(#4961,#4962,#4963,#4964));
#878=EDGE_LOOP('',(#4965,#4966,#4967,#4968));
#879=EDGE_LOOP('',(#4969,#4970,#4971,#4972));
#880=EDGE_LOOP('',(#4973,#4974,#4975,#4976));
#881=EDGE_LOOP('',(#4977,#4978,#4979,#4980));
#882=EDGE_LOOP('',(#4981,#4982,#4983,#4984));
#883=EDGE_LOOP('',(#4985,#4986,#4987,#4988));
#884=EDGE_LOOP('',(#4989,#4990,#4991,#4992,#4993,#4994,#4995,#4996,#4997,
#4998,#4999));
#885=EDGE_LOOP('',(#5000,#5001,#5002,#5003,#5004,#5005,#5006,#5007,#5008,
#5009,#5010));
#886=EDGE_LOOP('',(#5011,#5012,#5013,#5014));
#887=EDGE_LOOP('',(#5015,#5016,#5017,#5018,#5019,#5020));
#888=EDGE_LOOP('',(#5021,#5022,#5023,#5024));
#889=EDGE_LOOP('',(#5025,#5026,#5027,#5028));
#890=EDGE_LOOP('',(#5029,#5030,#5031,#5032,#5033,#5034));
#891=EDGE_LOOP('',(#5035,#5036,#5037,#5038));
#892=EDGE_LOOP('',(#5039,#5040,#5041,#5042,#5043,#5044));
#893=EDGE_LOOP('',(#5045,#5046,#5047,#5048));
#894=EDGE_LOOP('',(#5049,#5050,#5051,#5052,#5053,#5054));
#895=EDGE_LOOP('',(#5055,#5056,#5057,#5058));
#896=EDGE_LOOP('',(#5059,#5060,#5061,#5062,#5063,#5064));
#897=EDGE_LOOP('',(#5065,#5066,#5067,#5068));
#898=EDGE_LOOP('',(#5069,#5070,#5071,#5072,#5073,#5074));
#899=EDGE_LOOP('',(#5075,#5076,#5077,#5078));
#900=EDGE_LOOP('',(#5079,#5080,#5081,#5082));
#901=EDGE_LOOP('',(#5083,#5084,#5085,#5086,#5087,#5088));
#902=EDGE_LOOP('',(#5089,#5090,#5091,#5092));
#903=EDGE_LOOP('',(#5093,#5094,#5095,#5096));
#904=EDGE_LOOP('',(#5097,#5098,#5099,#5100,#5101,#5102));
#905=EDGE_LOOP('',(#5103,#5104,#5105,#5106));
#906=EDGE_LOOP('',(#5107,#5108,#5109,#5110));
#907=EDGE_LOOP('',(#5111,#5112,#5113,#5114));
#908=EDGE_LOOP('',(#5115,#5116,#5117,#5118));
#909=EDGE_LOOP('',(#5119,#5120,#5121,#5122));
#910=EDGE_LOOP('',(#5123,#5124,#5125,#5126));
#911=EDGE_LOOP('',(#5127,#5128,#5129,#5130));
#912=EDGE_LOOP('',(#5131,#5132,#5133,#5134));
#913=EDGE_LOOP('',(#5135,#5136,#5137,#5138));
#914=EDGE_LOOP('',(#5139,#5140,#5141,#5142,#5143,#5144,#5145,#5146,#5147,
#5148,#5149,#5150));
#915=EDGE_LOOP('',(#5151,#5152,#5153,#5154,#5155,#5156,#5157,#5158));
#916=EDGE_LOOP('',(#5159,#5160,#5161,#5162,#5163));
#917=EDGE_LOOP('',(#5164,#5165,#5166,#5167,#5168,#5169));
#918=EDGE_LOOP('',(#5170,#5171,#5172,#5173,#5174));
#919=EDGE_LOOP('',(#5175,#5176,#5177,#5178));
#920=EDGE_LOOP('',(#5179,#5180,#5181,#5182,#5183,#5184,#5185,#5186,#5187,
#5188,#5189,#5190,#5191,#5192,#5193,#5194));
#921=EDGE_LOOP('',(#5195,#5196,#5197,#5198,#5199,#5200,#5201,#5202));
#922=EDGE_LOOP('',(#5203,#5204,#5205,#5206));
#923=EDGE_LOOP('',(#5207,#5208,#5209,#5210,#5211));
#924=EDGE_LOOP('',(#5212,#5213,#5214,#5215,#5216,#5217));
#925=EDGE_LOOP('',(#5218,#5219,#5220,#5221));
#926=EDGE_LOOP('',(#5222,#5223,#5224,#5225));
#927=EDGE_LOOP('',(#5226,#5227,#5228,#5229));
#928=EDGE_LOOP('',(#5230,#5231,#5232,#5233,#5234));
#929=EDGE_LOOP('',(#5235,#5236,#5237,#5238));
#930=EDGE_LOOP('',(#5239,#5240,#5241,#5242));
#931=EDGE_LOOP('',(#5243,#5244,#5245,#5246));
#932=EDGE_LOOP('',(#5247,#5248,#5249,#5250));
#933=EDGE_LOOP('',(#5251,#5252,#5253,#5254));
#934=EDGE_LOOP('',(#5255,#5256,#5257,#5258));
#935=EDGE_LOOP('',(#5259,#5260,#5261,#5262));
#936=EDGE_LOOP('',(#5263,#5264,#5265,#5266));
#937=EDGE_LOOP('',(#5267,#5268,#5269,#5270));
#938=EDGE_LOOP('',(#5271,#5272,#5273,#5274));
#939=EDGE_LOOP('',(#5275,#5276,#5277,#5278));
#940=EDGE_LOOP('',(#5279,#5280,#5281,#5282));
#941=EDGE_LOOP('',(#5283,#5284,#5285,#5286));
#942=EDGE_LOOP('',(#5287,#5288,#5289,#5290));
#943=EDGE_LOOP('',(#5291,#5292,#5293,#5294));
#944=EDGE_LOOP('',(#5295,#5296,#5297,#5298,#5299,#5300,#5301,#5302));
#945=EDGE_LOOP('',(#5303,#5304,#5305,#5306,#5307,#5308,#5309,#5310));
#946=EDGE_LOOP('',(#5311,#5312,#5313,#5314,#5315));
#947=EDGE_LOOP('',(#5316,#5317,#5318,#5319));
#948=EDGE_LOOP('',(#5320,#5321,#5322,#5323));
#949=EDGE_LOOP('',(#5324,#5325,#5326,#5327));
#950=EDGE_LOOP('',(#5328,#5329,#5330,#5331));
#951=EDGE_LOOP('',(#5332,#5333,#5334,#5335));
#952=EDGE_LOOP('',(#5336,#5337,#5338,#5339));
#953=EDGE_LOOP('',(#5340,#5341,#5342,#5343));
#954=EDGE_LOOP('',(#5344,#5345,#5346,#5347));
#955=EDGE_LOOP('',(#5348,#5349,#5350,#5351));
#956=EDGE_LOOP('',(#5352,#5353,#5354,#5355));
#957=EDGE_LOOP('',(#5356,#5357,#5358,#5359));
#958=EDGE_LOOP('',(#5360,#5361,#5362,#5363));
#959=EDGE_LOOP('',(#5364,#5365,#5366,#5367));
#960=EDGE_LOOP('',(#5368,#5369,#5370,#5371));
#961=EDGE_LOOP('',(#5372,#5373,#5374,#5375));
#962=EDGE_LOOP('',(#5376,#5377,#5378,#5379,#5380));
#963=EDGE_LOOP('',(#5381,#5382,#5383,#5384));
#964=EDGE_LOOP('',(#5385,#5386,#5387,#5388));
#965=EDGE_LOOP('',(#5389,#5390,#5391,#5392));
#966=EDGE_LOOP('',(#5393,#5394,#5395,#5396));
#967=EDGE_LOOP('',(#5397,#5398,#5399,#5400));
#968=EDGE_LOOP('',(#5401,#5402,#5403,#5404));
#969=EDGE_LOOP('',(#5405,#5406,#5407,#5408));
#970=EDGE_LOOP('',(#5409,#5410,#5411,#5412,#5413));
#971=EDGE_LOOP('',(#5414,#5415,#5416,#5417));
#972=EDGE_LOOP('',(#5418,#5419,#5420,#5421));
#973=EDGE_LOOP('',(#5422,#5423,#5424,#5425));
#974=EDGE_LOOP('',(#5426,#5427,#5428,#5429));
#975=EDGE_LOOP('',(#5430,#5431,#5432,#5433));
#976=EDGE_LOOP('',(#5434,#5435,#5436,#5437));
#977=EDGE_LOOP('',(#5438,#5439,#5440,#5441));
#978=EDGE_LOOP('',(#5442,#5443,#5444,#5445));
#979=EDGE_LOOP('',(#5446,#5447,#5448,#5449));
#980=EDGE_LOOP('',(#5450,#5451,#5452,#5453));
#981=EDGE_LOOP('',(#5454,#5455,#5456,#5457));
#982=EDGE_LOOP('',(#5458,#5459,#5460,#5461));
#983=EDGE_LOOP('',(#5462,#5463,#5464,#5465));
#984=EDGE_LOOP('',(#5466,#5467,#5468,#5469));
#985=EDGE_LOOP('',(#5470,#5471,#5472,#5473));
#986=EDGE_LOOP('',(#5474,#5475,#5476,#5477));
#987=EDGE_LOOP('',(#5478,#5479,#5480,#5481));
#988=EDGE_LOOP('',(#5482,#5483,#5484,#5485));
#989=EDGE_LOOP('',(#5486,#5487,#5488,#5489,#5490));
#990=EDGE_LOOP('',(#5491,#5492,#5493,#5494));
#991=EDGE_LOOP('',(#5495,#5496,#5497,#5498));
#992=EDGE_LOOP('',(#5499,#5500,#5501,#5502));
#993=EDGE_LOOP('',(#5503,#5504,#5505,#5506));
#994=EDGE_LOOP('',(#5507));
#995=EDGE_LOOP('',(#5508));
#996=EDGE_LOOP('',(#5509,#5510,#5511,#5512));
#997=EDGE_LOOP('',(#5513,#5514,#5515,#5516));
#998=EDGE_LOOP('',(#5517,#5518,#5519,#5520));
#999=EDGE_LOOP('',(#5521,#5522,#5523,#5524));
#1000=EDGE_LOOP('',(#5525,#5526,#5527,#5528));
#1001=EDGE_LOOP('',(#5529));
#1002=EDGE_LOOP('',(#5530));
#1003=EDGE_LOOP('',(#5531,#5532,#5533,#5534));
#1004=EDGE_LOOP('',(#5535,#5536,#5537,#5538));
#1005=EDGE_LOOP('',(#5539,#5540,#5541,#5542));
#1006=EDGE_LOOP('',(#5543,#5544,#5545,#5546));
#1007=EDGE_LOOP('',(#5547,#5548,#5549,#5550));
#1008=EDGE_LOOP('',(#5551,#5552,#5553,#5554));
#1009=EDGE_LOOP('',(#5555,#5556,#5557,#5558));
#1010=EDGE_LOOP('',(#5559,#5560,#5561,#5562,#5563,#5564));
#1011=EDGE_LOOP('',(#5565,#5566,#5567,#5568));
#1012=EDGE_LOOP('',(#5569,#5570,#5571,#5572));
#1013=EDGE_LOOP('',(#5573,#5574,#5575,#5576));
#1014=EDGE_LOOP('',(#5577,#5578,#5579,#5580));
#1015=EDGE_LOOP('',(#5581,#5582,#5583,#5584));
#1016=EDGE_LOOP('',(#5585,#5586,#5587,#5588));
#1017=EDGE_LOOP('',(#5589,#5590,#5591,#5592));
#1018=EDGE_LOOP('',(#5593,#5594,#5595,#5596));
#1019=EDGE_LOOP('',(#5597,#5598,#5599,#5600));
#1020=EDGE_LOOP('',(#5601,#5602,#5603,#5604));
#1021=EDGE_LOOP('',(#5605,#5606,#5607,#5608));
#1022=EDGE_LOOP('',(#5609,#5610,#5611,#5612));
#1023=EDGE_LOOP('',(#5613,#5614,#5615,#5616));
#1024=EDGE_LOOP('',(#5617,#5618,#5619,#5620));
#1025=EDGE_LOOP('',(#5621,#5622,#5623,#5624));
#1026=EDGE_LOOP('',(#5625,#5626,#5627,#5628));
#1027=EDGE_LOOP('',(#5629,#5630,#5631,#5632));
#1028=EDGE_LOOP('',(#5633,#5634,#5635,#5636));
#1029=LINE('',#7429,#1471);
#1030=LINE('',#7435,#1472);
#1031=LINE('',#7454,#1473);
#1032=LINE('',#7473,#1474);
#1033=LINE('',#7492,#1475);
#1034=LINE('',#7511,#1476);
#1035=LINE('',#7530,#1477);
#1036=LINE('',#7549,#1478);
#1037=LINE('',#7568,#1479);
#1038=LINE('',#7587,#1480);
#1039=LINE('',#7606,#1481);
#1040=LINE('',#7625,#1482);
#1041=LINE('',#7659,#1483);
#1042=LINE('',#7665,#1484);
#1043=LINE('',#7684,#1485);
#1044=LINE('',#7703,#1486);
#1045=LINE('',#7722,#1487);
#1046=LINE('',#7741,#1488);
#1047=LINE('',#7760,#1489);
#1048=LINE('',#7779,#1490);
#1049=LINE('',#7813,#1491);
#1050=LINE('',#7819,#1492);
#1051=LINE('',#7838,#1493);
#1052=LINE('',#7857,#1494);
#1053=LINE('',#7876,#1495);
#1054=LINE('',#7879,#1496);
#1055=LINE('',#7881,#1497);
#1056=LINE('',#7882,#1498);
#1057=LINE('',#7884,#1499);
#1058=LINE('',#7885,#1500);
#1059=LINE('',#7901,#1501);
#1060=LINE('',#7907,#1502);
#1061=LINE('',#7926,#1503);
#1062=LINE('',#7929,#1504);
#1063=LINE('',#7931,#1505);
#1064=LINE('',#7932,#1506);
#1065=LINE('',#7935,#1507);
#1066=LINE('',#7937,#1508);
#1067=LINE('',#7938,#1509);
#1068=LINE('',#7970,#1510);
#1069=LINE('',#7976,#1511);
#1070=LINE('',#7995,#1512);
#1071=LINE('',#8027,#1513);
#1072=LINE('',#8033,#1514);
#1073=LINE('',#8052,#1515);
#1074=LINE('',#8071,#1516);
#1075=LINE('',#8103,#1517);
#1076=LINE('',#8109,#1518);
#1077=LINE('',#8128,#1519);
#1078=LINE('',#8160,#1520);
#1079=LINE('',#8166,#1521);
#1080=LINE('',#8185,#1522);
#1081=LINE('',#8204,#1523);
#1082=LINE('',#8236,#1524);
#1083=LINE('',#8242,#1525);
#1084=LINE('',#8245,#1526);
#1085=LINE('',#8247,#1527);
#1086=LINE('',#8248,#1528);
#1087=LINE('',#8251,#1529);
#1088=LINE('',#8253,#1530);
#1089=LINE('',#8254,#1531);
#1090=LINE('',#8273,#1532);
#1091=LINE('',#8292,#1533);
#1092=LINE('',#8324,#1534);
#1093=LINE('',#8330,#1535);
#1094=LINE('',#8349,#1536);
#1095=LINE('',#8368,#1537);
#1096=LINE('',#8371,#1538);
#1097=LINE('',#8373,#1539);
#1098=LINE('',#8374,#1540);
#1099=LINE('',#8377,#1541);
#1100=LINE('',#8379,#1542);
#1101=LINE('',#8380,#1543);
#1102=LINE('',#8399,#1544);
#1103=LINE('',#8418,#1545);
#1104=LINE('',#8437,#1546);
#1105=LINE('',#8456,#1547);
#1106=LINE('',#8475,#1548);
#1107=LINE('',#8494,#1549);
#1108=LINE('',#8513,#1550);
#1109=LINE('',#8532,#1551);
#1110=LINE('',#8551,#1552);
#1111=LINE('',#8554,#1553);
#1112=LINE('',#8556,#1554);
#1113=LINE('',#8557,#1555);
#1114=LINE('',#8560,#1556);
#1115=LINE('',#8562,#1557);
#1116=LINE('',#8563,#1558);
#1117=LINE('',#8582,#1559);
#1118=LINE('',#8601,#1560);
#1119=LINE('',#8620,#1561);
#1120=LINE('',#8639,#1562);
#1121=LINE('',#8658,#1563);
#1122=LINE('',#8677,#1564);
#1123=LINE('',#8696,#1565);
#1124=LINE('',#8715,#1566);
#1125=LINE('',#8734,#1567);
#1126=LINE('',#8753,#1568);
#1127=LINE('',#8772,#1569);
#1128=LINE('',#8791,#1570);
#1129=LINE('',#8810,#1571);
#1130=LINE('',#8829,#1572);
#1131=LINE('',#8848,#1573);
#1132=LINE('',#8867,#1574);
#1133=LINE('',#8886,#1575);
#1134=LINE('',#8905,#1576);
#1135=LINE('',#8924,#1577);
#1136=LINE('',#8943,#1578);
#1137=LINE('',#8962,#1579);
#1138=LINE('',#8981,#1580);
#1139=LINE('',#9000,#1581);
#1140=LINE('',#9019,#1582);
#1141=LINE('',#9038,#1583);
#1142=LINE('',#9057,#1584);
#1143=LINE('',#9076,#1585);
#1144=LINE('',#9095,#1586);
#1145=LINE('',#9114,#1587);
#1146=LINE('',#9133,#1588);
#1147=LINE('',#9152,#1589);
#1148=LINE('',#9171,#1590);
#1149=LINE('',#9190,#1591);
#1150=LINE('',#9209,#1592);
#1151=LINE('',#9228,#1593);
#1152=LINE('',#9247,#1594);
#1153=LINE('',#9266,#1595);
#1154=LINE('',#9285,#1596);
#1155=LINE('',#9304,#1597);
#1156=LINE('',#9323,#1598);
#1157=LINE('',#9342,#1599);
#1158=LINE('',#9361,#1600);
#1159=LINE('',#9380,#1601);
#1160=LINE('',#9399,#1602);
#1161=LINE('',#9418,#1603);
#1162=LINE('',#9437,#1604);
#1163=LINE('',#9456,#1605);
#1164=LINE('',#9475,#1606);
#1165=LINE('',#9494,#1607);
#1166=LINE('',#9513,#1608);
#1167=LINE('',#9532,#1609);
#1168=LINE('',#9551,#1610);
#1169=LINE('',#9570,#1611);
#1170=LINE('',#9589,#1612);
#1171=LINE('',#9608,#1613);
#1172=LINE('',#9627,#1614);
#1173=LINE('',#9646,#1615);
#1174=LINE('',#9665,#1616);
#1175=LINE('',#9684,#1617);
#1176=LINE('',#9703,#1618);
#1177=LINE('',#9722,#1619);
#1178=LINE('',#9741,#1620);
#1179=LINE('',#9760,#1621);
#1180=LINE('',#9779,#1622);
#1181=LINE('',#9798,#1623);
#1182=LINE('',#9817,#1624);
#1183=LINE('',#9836,#1625);
#1184=LINE('',#9849,#1626);
#1185=LINE('',#9868,#1627);
#1186=LINE('',#9887,#1628);
#1187=LINE('',#9906,#1629);
#1188=LINE('',#9925,#1630);
#1189=LINE('',#9944,#1631);
#1190=LINE('',#9963,#1632);
#1191=LINE('',#9982,#1633);
#1192=LINE('',#10001,#1634);
#1193=LINE('',#10020,#1635);
#1194=LINE('',#10039,#1636);
#1195=LINE('',#10058,#1637);
#1196=LINE('',#10077,#1638);
#1197=LINE('',#10096,#1639);
#1198=LINE('',#10115,#1640);
#1199=LINE('',#10134,#1641);
#1200=LINE('',#10153,#1642);
#1201=LINE('',#10172,#1643);
#1202=LINE('',#10191,#1644);
#1203=LINE('',#10194,#1645);
#1204=LINE('',#10196,#1646);
#1205=LINE('',#10197,#1647);
#1206=LINE('',#10200,#1648);
#1207=LINE('',#10202,#1649);
#1208=LINE('',#10203,#1650);
#1209=LINE('',#10222,#1651);
#1210=LINE('',#10241,#1652);
#1211=LINE('',#10260,#1653);
#1212=LINE('',#10279,#1654);
#1213=LINE('',#10298,#1655);
#1214=LINE('',#10317,#1656);
#1215=LINE('',#10336,#1657);
#1216=LINE('',#10355,#1658);
#1217=LINE('',#10374,#1659);
#1218=LINE('',#10377,#1660);
#1219=LINE('',#10379,#1661);
#1220=LINE('',#10380,#1662);
#1221=LINE('',#10383,#1663);
#1222=LINE('',#10385,#1664);
#1223=LINE('',#10386,#1665);
#1224=LINE('',#10405,#1666);
#1225=LINE('',#10424,#1667);
#1226=LINE('',#10443,#1668);
#1227=LINE('',#10446,#1669);
#1228=LINE('',#10448,#1670);
#1229=LINE('',#10449,#1671);
#1230=LINE('',#10452,#1672);
#1231=LINE('',#10454,#1673);
#1232=LINE('',#10455,#1674);
#1233=LINE('',#10474,#1675);
#1234=LINE('',#10493,#1676);
#1235=LINE('',#10512,#1677);
#1236=LINE('',#10531,#1678);
#1237=LINE('',#10550,#1679);
#1238=LINE('',#10569,#1680);
#1239=LINE('',#10588,#1681);
#1240=LINE('',#10607,#1682);
#1241=LINE('',#10626,#1683);
#1242=LINE('',#10645,#1684);
#1243=LINE('',#10664,#1685);
#1244=LINE('',#10683,#1686);
#1245=LINE('',#10702,#1687);
#1246=LINE('',#10721,#1688);
#1247=LINE('',#10740,#1689);
#1248=LINE('',#10759,#1690);
#1249=LINE('',#10778,#1691);
#1250=LINE('',#10797,#1692);
#1251=LINE('',#10816,#1693);
#1252=LINE('',#10835,#1694);
#1253=LINE('',#10869,#1695);
#1254=LINE('',#10875,#1696);
#1255=LINE('',#10894,#1697);
#1256=LINE('',#10913,#1698);
#1257=LINE('',#10916,#1699);
#1258=LINE('',#10918,#1700);
#1259=LINE('',#10919,#1701);
#1260=LINE('',#10922,#1702);
#1261=LINE('',#10924,#1703);
#1262=LINE('',#10925,#1704);
#1263=LINE('',#10944,#1705);
#1264=LINE('',#10963,#1706);
#1265=LINE('',#10982,#1707);
#1266=LINE('',#11001,#1708);
#1267=LINE('',#11020,#1709);
#1268=LINE('',#11042,#1710);
#1269=LINE('',#11044,#1711);
#1270=LINE('',#11046,#1712);
#1271=LINE('',#11047,#1713);
#1272=LINE('',#11050,#1714);
#1273=LINE('',#11052,#1715);
#1274=LINE('',#11054,#1716);
#1275=LINE('',#11056,#1717);
#1276=LINE('',#11057,#1718);
#1277=LINE('',#11060,#1719);
#1278=LINE('',#11061,#1720);
#1279=LINE('',#11064,#1721);
#1280=LINE('',#11066,#1722);
#1281=LINE('',#11067,#1723);
#1282=LINE('',#11070,#1724);
#1283=LINE('',#11071,#1725);
#1284=LINE('',#11072,#1726);
#1285=LINE('',#11075,#1727);
#1286=LINE('',#11077,#1728);
#1287=LINE('',#11078,#1729);
#1288=LINE('',#11082,#1730);
#1289=LINE('',#11086,#1731);
#1290=LINE('',#11088,#1732);
#1291=LINE('',#11090,#1733);
#1292=LINE('',#11091,#1734);
#1293=LINE('',#11094,#1735);
#1294=LINE('',#11096,#1736);
#1295=LINE('',#11097,#1737);
#1296=LINE('',#11101,#1738);
#1297=LINE('',#11103,#1739);
#1298=LINE('',#11105,#1740);
#1299=LINE('',#11106,#1741);
#1300=LINE('',#11109,#1742);
#1301=LINE('',#11111,#1743);
#1302=LINE('',#11113,#1744);
#1303=LINE('',#11114,#1745);
#1304=LINE('',#11118,#1746);
#1305=LINE('',#11122,#1747);
#1306=LINE('',#11124,#1748);
#1307=LINE('',#11126,#1749);
#1308=LINE('',#11127,#1750);
#1309=LINE('',#11130,#1751);
#1310=LINE('',#11132,#1752);
#1311=LINE('',#11133,#1753);
#1312=LINE('',#11137,#1754);
#1313=LINE('',#11139,#1755);
#1314=LINE('',#11141,#1756);
#1315=LINE('',#11142,#1757);
#1316=LINE('',#11145,#1758);
#1317=LINE('',#11147,#1759);
#1318=LINE('',#11149,#1760);
#1319=LINE('',#11150,#1761);
#1320=LINE('',#11154,#1762);
#1321=LINE('',#11156,#1763);
#1322=LINE('',#11158,#1764);
#1323=LINE('',#11159,#1765);
#1324=LINE('',#11162,#1766);
#1325=LINE('',#11164,#1767);
#1326=LINE('',#11166,#1768);
#1327=LINE('',#11168,#1769);
#1328=LINE('',#11169,#1770);
#1329=LINE('',#11172,#1771);
#1330=LINE('',#11173,#1772);
#1331=LINE('',#11176,#1773);
#1332=LINE('',#11178,#1774);
#1333=LINE('',#11179,#1775);
#1334=LINE('',#11182,#1776);
#1335=LINE('',#11183,#1777);
#1336=LINE('',#11184,#1778);
#1337=LINE('',#11187,#1779);
#1338=LINE('',#11189,#1780);
#1339=LINE('',#11190,#1781);
#1340=LINE('',#11196,#1782);
#1341=LINE('',#11199,#1783);
#1342=LINE('',#11216,#1784);
#1343=LINE('',#11217,#1785);
#1344=LINE('',#11222,#1786);
#1345=LINE('',#11223,#1787);
#1346=LINE('',#11237,#1788);
#1347=LINE('',#11238,#1789);
#1348=LINE('',#11257,#1790);
#1349=LINE('',#11271,#1791);
#1350=LINE('',#11276,#1792);
#1351=LINE('',#11288,#1793);
#1352=LINE('',#11291,#1794);
#1353=LINE('',#11294,#1795);
#1354=LINE('',#11297,#1796);
#1355=LINE('',#11298,#1797);
#1356=LINE('',#11301,#1798);
#1357=LINE('',#11305,#1799);
#1358=LINE('',#11306,#1800);
#1359=LINE('',#11309,#1801);
#1360=LINE('',#11313,#1802);
#1361=LINE('',#11317,#1803);
#1362=LINE('',#11321,#1804);
#1363=LINE('',#11325,#1805);
#1364=LINE('',#11329,#1806);
#1365=LINE('',#11336,#1807);
#1366=LINE('',#11349,#1808);
#1367=LINE('',#11353,#1809);
#1368=LINE('',#11356,#1810);
#1369=LINE('',#11374,#1811);
#1370=LINE('',#11375,#1812);
#1371=LINE('',#11377,#1813);
#1372=LINE('',#11383,#1814);
#1373=LINE('',#11388,#1815);
#1374=LINE('',#11390,#1816);
#1375=LINE('',#11393,#1817);
#1376=LINE('',#11396,#1818);
#1377=LINE('',#11399,#1819);
#1378=LINE('',#11400,#1820);
#1379=LINE('',#11405,#1821);
#1380=LINE('',#11411,#1822);
#1381=LINE('',#11416,#1823);
#1382=LINE('',#11418,#1824);
#1383=LINE('',#11420,#1825);
#1384=LINE('',#11421,#1826);
#1385=LINE('',#11427,#1827);
#1386=LINE('',#11430,#1828);
#1387=LINE('',#11432,#1829);
#1388=LINE('',#11433,#1830);
#1389=LINE('',#11440,#1831);
#1390=LINE('',#11442,#1832);
#1391=LINE('',#11444,#1833);
#1392=LINE('',#11445,#1834);
#1393=LINE('',#11451,#1835);
#1394=LINE('',#11454,#1836);
#1395=LINE('',#11456,#1837);
#1396=LINE('',#11457,#1838);
#1397=LINE('',#11464,#1839);
#1398=LINE('',#11466,#1840);
#1399=LINE('',#11468,#1841);
#1400=LINE('',#11469,#1842);
#1401=LINE('',#11475,#1843);
#1402=LINE('',#11478,#1844);
#1403=LINE('',#11480,#1845);
#1404=LINE('',#11481,#1846);
#1405=LINE('',#11487,#1847);
#1406=LINE('',#11490,#1848);
#1407=LINE('',#11494,#1849);
#1408=LINE('',#11496,#1850);
#1409=LINE('',#11498,#1851);
#1410=LINE('',#11499,#1852);
#1411=LINE('',#11502,#1853);
#1412=LINE('',#11504,#1854);
#1413=LINE('',#11505,#1855);
#1414=LINE('',#11507,#1856);
#1415=LINE('',#11508,#1857);
#1416=LINE('',#11513,#1858);
#1417=LINE('',#11516,#1859);
#1418=LINE('',#11519,#1860);
#1419=LINE('',#11522,#1861);
#1420=LINE('',#11525,#1862);
#1421=LINE('',#11528,#1863);
#1422=LINE('',#11530,#1864);
#1423=LINE('',#11531,#1865);
#1424=LINE('',#11534,#1866);
#1425=LINE('',#11535,#1867);
#1426=LINE('',#11537,#1868);
#1427=LINE('',#11539,#1869);
#1428=LINE('',#11544,#1870);
#1429=LINE('',#11549,#1871);
#1430=LINE('',#11552,#1872);
#1431=LINE('',#11555,#1873);
#1432=LINE('',#11558,#1874);
#1433=LINE('',#11560,#1875);
#1434=LINE('',#11561,#1876);
#1435=LINE('',#11564,#1877);
#1436=LINE('',#11565,#1878);
#1437=LINE('',#11567,#1879);
#1438=LINE('',#11569,#1880);
#1439=LINE('',#11574,#1881);
#1440=LINE('',#11579,#1882);
#1441=LINE('',#11582,#1883);
#1442=LINE('',#11585,#1884);
#1443=LINE('',#11587,#1885);
#1444=LINE('',#11590,#1886);
#1445=LINE('',#11592,#1887);
#1446=LINE('',#11593,#1888);
#1447=LINE('',#11596,#1889);
#1448=LINE('',#11597,#1890);
#1449=LINE('',#11599,#1891);
#1450=LINE('',#11601,#1892);
#1451=LINE('',#11603,#1893);
#1452=LINE('',#11609,#1894);
#1453=LINE('',#11618,#1895);
#1454=LINE('',#11622,#1896);
#1455=LINE('',#11626,#1897);
#1456=LINE('',#11630,#1898);
#1457=LINE('',#11634,#1899);
#1458=LINE('',#11638,#1900);
#1459=LINE('',#11641,#1901);
#1460=LINE('',#11642,#1902);
#1461=LINE('',#11644,#1903);
#1462=LINE('',#11646,#1904);
#1463=LINE('',#11649,#1905);
#1464=LINE('',#11650,#1906);
#1465=LINE('',#11652,#1907);
#1466=LINE('',#11654,#1908);
#1467=LINE('',#11657,#1909);
#1468=LINE('',#11658,#1910);
#1469=LINE('',#11660,#1911);
#1470=LINE('',#11662,#1912);
#1471=VECTOR('',#6445,10.);
#1472=VECTOR('',#6446,10.);
#1473=VECTOR('',#6447,10.);
#1474=VECTOR('',#6448,10.);
#1475=VECTOR('',#6449,10.);
#1476=VECTOR('',#6450,10.);
#1477=VECTOR('',#6451,10.);
#1478=VECTOR('',#6452,10.);
#1479=VECTOR('',#6453,10.);
#1480=VECTOR('',#6454,10.);
#1481=VECTOR('',#6455,10.);
#1482=VECTOR('',#6456,10.);
#1483=VECTOR('',#6461,10.);
#1484=VECTOR('',#6462,10.);
#1485=VECTOR('',#6463,10.);
#1486=VECTOR('',#6464,10.);
#1487=VECTOR('',#6465,10.);
#1488=VECTOR('',#6466,10.);
#1489=VECTOR('',#6467,10.);
#1490=VECTOR('',#6468,10.);
#1491=VECTOR('',#6473,10.);
#1492=VECTOR('',#6474,10.);
#1493=VECTOR('',#6475,10.);
#1494=VECTOR('',#6476,10.);
#1495=VECTOR('',#6477,10.);
#1496=VECTOR('',#6480,10.);
#1497=VECTOR('',#6481,10.);
#1498=VECTOR('',#6482,10.);
#1499=VECTOR('',#6485,10.);
#1500=VECTOR('',#6486,10.);
#1501=VECTOR('',#6487,10.);
#1502=VECTOR('',#6488,10.);
#1503=VECTOR('',#6489,10.);
#1504=VECTOR('',#6492,10.);
#1505=VECTOR('',#6493,10.);
#1506=VECTOR('',#6494,10.);
#1507=VECTOR('',#6497,10.);
#1508=VECTOR('',#6498,10.);
#1509=VECTOR('',#6499,10.);
#1510=VECTOR('',#6500,10.);
#1511=VECTOR('',#6501,10.);
#1512=VECTOR('',#6502,10.);
#1513=VECTOR('',#6503,10.);
#1514=VECTOR('',#6504,10.);
#1515=VECTOR('',#6505,10.);
#1516=VECTOR('',#6506,10.);
#1517=VECTOR('',#6507,10.);
#1518=VECTOR('',#6508,10.);
#1519=VECTOR('',#6509,10.);
#1520=VECTOR('',#6510,10.);
#1521=VECTOR('',#6511,10.);
#1522=VECTOR('',#6512,10.);
#1523=VECTOR('',#6513,10.);
#1524=VECTOR('',#6514,10.);
#1525=VECTOR('',#6515,10.);
#1526=VECTOR('',#6518,10.);
#1527=VECTOR('',#6519,10.);
#1528=VECTOR('',#6520,10.);
#1529=VECTOR('',#6523,10.);
#1530=VECTOR('',#6524,10.);
#1531=VECTOR('',#6525,10.);
#1532=VECTOR('',#6526,10.);
#1533=VECTOR('',#6527,10.);
#1534=VECTOR('',#6528,10.);
#1535=VECTOR('',#6529,10.);
#1536=VECTOR('',#6530,10.);
#1537=VECTOR('',#6531,10.);
#1538=VECTOR('',#6534,10.);
#1539=VECTOR('',#6535,10.);
#1540=VECTOR('',#6536,10.);
#1541=VECTOR('',#6539,10.);
#1542=VECTOR('',#6540,10.);
#1543=VECTOR('',#6541,10.);
#1544=VECTOR('',#6542,10.);
#1545=VECTOR('',#6543,10.);
#1546=VECTOR('',#6544,10.);
#1547=VECTOR('',#6545,10.);
#1548=VECTOR('',#6546,10.);
#1549=VECTOR('',#6547,10.);
#1550=VECTOR('',#6548,10.);
#1551=VECTOR('',#6549,10.);
#1552=VECTOR('',#6550,10.);
#1553=VECTOR('',#6553,10.);
#1554=VECTOR('',#6554,10.);
#1555=VECTOR('',#6555,10.);
#1556=VECTOR('',#6558,10.);
#1557=VECTOR('',#6559,10.);
#1558=VECTOR('',#6560,10.);
#1559=VECTOR('',#6561,10.);
#1560=VECTOR('',#6562,10.);
#1561=VECTOR('',#6563,10.);
#1562=VECTOR('',#6564,10.);
#1563=VECTOR('',#6565,10.);
#1564=VECTOR('',#6566,10.);
#1565=VECTOR('',#6567,10.);
#1566=VECTOR('',#6568,10.);
#1567=VECTOR('',#6569,10.);
#1568=VECTOR('',#6570,10.);
#1569=VECTOR('',#6571,10.);
#1570=VECTOR('',#6572,10.);
#1571=VECTOR('',#6573,10.);
#1572=VECTOR('',#6574,10.);
#1573=VECTOR('',#6575,10.);
#1574=VECTOR('',#6576,10.);
#1575=VECTOR('',#6577,10.);
#1576=VECTOR('',#6578,10.);
#1577=VECTOR('',#6579,10.);
#1578=VECTOR('',#6580,10.);
#1579=VECTOR('',#6581,10.);
#1580=VECTOR('',#6582,10.);
#1581=VECTOR('',#6583,10.);
#1582=VECTOR('',#6584,10.);
#1583=VECTOR('',#6585,10.);
#1584=VECTOR('',#6586,10.);
#1585=VECTOR('',#6587,10.);
#1586=VECTOR('',#6588,10.);
#1587=VECTOR('',#6589,10.);
#1588=VECTOR('',#6590,10.);
#1589=VECTOR('',#6591,10.);
#1590=VECTOR('',#6592,10.);
#1591=VECTOR('',#6593,10.);
#1592=VECTOR('',#6594,10.);
#1593=VECTOR('',#6595,10.);
#1594=VECTOR('',#6596,10.);
#1595=VECTOR('',#6597,10.);
#1596=VECTOR('',#6598,10.);
#1597=VECTOR('',#6599,10.);
#1598=VECTOR('',#6600,10.);
#1599=VECTOR('',#6601,10.);
#1600=VECTOR('',#6602,10.);
#1601=VECTOR('',#6603,10.);
#1602=VECTOR('',#6604,10.);
#1603=VECTOR('',#6605,10.);
#1604=VECTOR('',#6606,10.);
#1605=VECTOR('',#6607,10.);
#1606=VECTOR('',#6608,10.);
#1607=VECTOR('',#6609,10.);
#1608=VECTOR('',#6610,10.);
#1609=VECTOR('',#6611,10.);
#1610=VECTOR('',#6612,10.);
#1611=VECTOR('',#6613,10.);
#1612=VECTOR('',#6614,10.);
#1613=VECTOR('',#6615,10.);
#1614=VECTOR('',#6616,10.);
#1615=VECTOR('',#6617,10.);
#1616=VECTOR('',#6618,10.);
#1617=VECTOR('',#6619,10.);
#1618=VECTOR('',#6620,10.);
#1619=VECTOR('',#6621,10.);
#1620=VECTOR('',#6622,10.);
#1621=VECTOR('',#6623,10.);
#1622=VECTOR('',#6624,10.);
#1623=VECTOR('',#6625,10.);
#1624=VECTOR('',#6626,10.);
#1625=VECTOR('',#6627,10.);
#1626=VECTOR('',#6632,10.);
#1627=VECTOR('',#6633,10.);
#1628=VECTOR('',#6634,10.);
#1629=VECTOR('',#6635,10.);
#1630=VECTOR('',#6636,10.);
#1631=VECTOR('',#6637,10.);
#1632=VECTOR('',#6638,10.);
#1633=VECTOR('',#6639,10.);
#1634=VECTOR('',#6640,10.);
#1635=VECTOR('',#6641,10.);
#1636=VECTOR('',#6642,10.);
#1637=VECTOR('',#6643,10.);
#1638=VECTOR('',#6644,10.);
#1639=VECTOR('',#6645,10.);
#1640=VECTOR('',#6646,10.);
#1641=VECTOR('',#6647,10.);
#1642=VECTOR('',#6648,10.);
#1643=VECTOR('',#6649,10.);
#1644=VECTOR('',#6650,10.);
#1645=VECTOR('',#6653,10.);
#1646=VECTOR('',#6654,10.);
#1647=VECTOR('',#6655,10.);
#1648=VECTOR('',#6658,10.);
#1649=VECTOR('',#6659,10.);
#1650=VECTOR('',#6660,10.);
#1651=VECTOR('',#6661,10.);
#1652=VECTOR('',#6662,10.);
#1653=VECTOR('',#6663,10.);
#1654=VECTOR('',#6664,10.);
#1655=VECTOR('',#6665,10.);
#1656=VECTOR('',#6666,10.);
#1657=VECTOR('',#6667,10.);
#1658=VECTOR('',#6668,10.);
#1659=VECTOR('',#6669,10.);
#1660=VECTOR('',#6672,10.);
#1661=VECTOR('',#6673,10.);
#1662=VECTOR('',#6674,10.);
#1663=VECTOR('',#6677,10.);
#1664=VECTOR('',#6678,10.);
#1665=VECTOR('',#6679,10.);
#1666=VECTOR('',#6680,10.);
#1667=VECTOR('',#6681,10.);
#1668=VECTOR('',#6682,10.);
#1669=VECTOR('',#6685,10.);
#1670=VECTOR('',#6686,10.);
#1671=VECTOR('',#6687,10.);
#1672=VECTOR('',#6690,10.);
#1673=VECTOR('',#6691,10.);
#1674=VECTOR('',#6692,10.);
#1675=VECTOR('',#6693,10.);
#1676=VECTOR('',#6694,10.);
#1677=VECTOR('',#6695,10.);
#1678=VECTOR('',#6696,10.);
#1679=VECTOR('',#6697,10.);
#1680=VECTOR('',#6698,10.);
#1681=VECTOR('',#6699,10.);
#1682=VECTOR('',#6700,10.);
#1683=VECTOR('',#6701,10.);
#1684=VECTOR('',#6702,10.);
#1685=VECTOR('',#6703,10.);
#1686=VECTOR('',#6704,10.);
#1687=VECTOR('',#6705,10.);
#1688=VECTOR('',#6706,10.);
#1689=VECTOR('',#6707,10.);
#1690=VECTOR('',#6708,10.);
#1691=VECTOR('',#6709,10.);
#1692=VECTOR('',#6710,10.);
#1693=VECTOR('',#6711,10.);
#1694=VECTOR('',#6712,10.);
#1695=VECTOR('',#6717,10.);
#1696=VECTOR('',#6718,10.);
#1697=VECTOR('',#6719,10.);
#1698=VECTOR('',#6720,10.);
#1699=VECTOR('',#6723,10.);
#1700=VECTOR('',#6724,10.);
#1701=VECTOR('',#6725,10.);
#1702=VECTOR('',#6728,10.);
#1703=VECTOR('',#6729,10.);
#1704=VECTOR('',#6730,10.);
#1705=VECTOR('',#6731,10.);
#1706=VECTOR('',#6732,10.);
#1707=VECTOR('',#6733,10.);
#1708=VECTOR('',#6734,10.);
#1709=VECTOR('',#6735,10.);
#1710=VECTOR('',#6742,10.);
#1711=VECTOR('',#6743,10.);
#1712=VECTOR('',#6744,10.);
#1713=VECTOR('',#6745,10.);
#1714=VECTOR('',#6748,10.);
#1715=VECTOR('',#6749,10.);
#1716=VECTOR('',#6750,10.);
#1717=VECTOR('',#6751,10.);
#1718=VECTOR('',#6752,10.);
#1719=VECTOR('',#6755,10.);
#1720=VECTOR('',#6756,10.);
#1721=VECTOR('',#6759,10.);
#1722=VECTOR('',#6760,10.);
#1723=VECTOR('',#6761,10.);
#1724=VECTOR('',#6764,10.);
#1725=VECTOR('',#6765,10.);
#1726=VECTOR('',#6766,10.);
#1727=VECTOR('',#6769,10.);
#1728=VECTOR('',#6770,10.);
#1729=VECTOR('',#6771,10.);
#1730=VECTOR('',#6774,10.);
#1731=VECTOR('',#6777,10.);
#1732=VECTOR('',#6778,10.);
#1733=VECTOR('',#6779,10.);
#1734=VECTOR('',#6780,10.);
#1735=VECTOR('',#6783,10.);
#1736=VECTOR('',#6784,10.);
#1737=VECTOR('',#6785,10.);
#1738=VECTOR('',#6788,10.);
#1739=VECTOR('',#6789,10.);
#1740=VECTOR('',#6790,10.);
#1741=VECTOR('',#6791,10.);
#1742=VECTOR('',#6796,10.);
#1743=VECTOR('',#6797,10.);
#1744=VECTOR('',#6798,10.);
#1745=VECTOR('',#6799,10.);
#1746=VECTOR('',#6802,10.);
#1747=VECTOR('',#6805,10.);
#1748=VECTOR('',#6806,10.);
#1749=VECTOR('',#6807,10.);
#1750=VECTOR('',#6808,10.);
#1751=VECTOR('',#6811,10.);
#1752=VECTOR('',#6812,10.);
#1753=VECTOR('',#6813,10.);
#1754=VECTOR('',#6816,10.);
#1755=VECTOR('',#6817,10.);
#1756=VECTOR('',#6818,10.);
#1757=VECTOR('',#6819,10.);
#1758=VECTOR('',#6824,10.);
#1759=VECTOR('',#6825,10.);
#1760=VECTOR('',#6826,10.);
#1761=VECTOR('',#6827,10.);
#1762=VECTOR('',#6830,10.);
#1763=VECTOR('',#6831,10.);
#1764=VECTOR('',#6832,10.);
#1765=VECTOR('',#6833,10.);
#1766=VECTOR('',#6836,10.);
#1767=VECTOR('',#6837,10.);
#1768=VECTOR('',#6838,10.);
#1769=VECTOR('',#6839,10.);
#1770=VECTOR('',#6840,10.);
#1771=VECTOR('',#6843,10.);
#1772=VECTOR('',#6844,10.);
#1773=VECTOR('',#6847,10.);
#1774=VECTOR('',#6848,10.);
#1775=VECTOR('',#6849,10.);
#1776=VECTOR('',#6852,10.);
#1777=VECTOR('',#6853,10.);
#1778=VECTOR('',#6854,10.);
#1779=VECTOR('',#6857,10.);
#1780=VECTOR('',#6858,10.);
#1781=VECTOR('',#6859,10.);
#1782=VECTOR('',#6864,10.);
#1783=VECTOR('',#6867,0.5);
#1784=VECTOR('',#6888,10.);
#1785=VECTOR('',#6889,0.5);
#1786=VECTOR('',#6894,0.5);
#1787=VECTOR('',#6895,10.);
#1788=VECTOR('',#6914,10.);
#1789=VECTOR('',#6915,0.5);
#1790=VECTOR('',#6948,2.);
#1791=VECTOR('',#6969,2.);
#1792=VECTOR('',#6976,2.);
#1793=VECTOR('',#6995,2.);
#1794=VECTOR('',#6998,10.);
#1795=VECTOR('',#7001,10.);
#1796=VECTOR('',#7004,10.);
#1797=VECTOR('',#7005,2.);
#1798=VECTOR('',#7008,10.);
#1799=VECTOR('',#7013,10.);
#1800=VECTOR('',#7014,2.);
#1801=VECTOR('',#7015,10.);
#1802=VECTOR('',#7018,10.);
#1803=VECTOR('',#7021,10.);
#1804=VECTOR('',#7024,10.);
#1805=VECTOR('',#7027,10.);
#1806=VECTOR('',#7030,10.);
#1807=VECTOR('',#7039,10.);
#1808=VECTOR('',#7056,10.);
#1809=VECTOR('',#7061,2.);
#1810=VECTOR('',#7064,10.);
#1811=VECTOR('',#7081,2.);
#1812=VECTOR('',#7082,10.);
#1813=VECTOR('',#7083,2.);
#1814=VECTOR('',#7084,10.);
#1815=VECTOR('',#7089,10.);
#1816=VECTOR('',#7092,10.);
#1817=VECTOR('',#7095,10.);
#1818=VECTOR('',#7098,10.);
#1819=VECTOR('',#7101,10.);
#1820=VECTOR('',#7102,10.);
#1821=VECTOR('',#7107,1.02079770815942);
#1822=VECTOR('',#7114,1.01647239194512);
#1823=VECTOR('',#7119,10.);
#1824=VECTOR('',#7120,10.);
#1825=VECTOR('',#7121,10.);
#1826=VECTOR('',#7122,10.);
#1827=VECTOR('',#7129,10.);
#1828=VECTOR('',#7132,10.);
#1829=VECTOR('',#7133,10.);
#1830=VECTOR('',#7134,10.);
#1831=VECTOR('',#7143,10.);
#1832=VECTOR('',#7144,10.);
#1833=VECTOR('',#7145,10.);
#1834=VECTOR('',#7146,10.);
#1835=VECTOR('',#7153,10.);
#1836=VECTOR('',#7156,10.);
#1837=VECTOR('',#7157,10.);
#1838=VECTOR('',#7158,10.);
#1839=VECTOR('',#7167,10.);
#1840=VECTOR('',#7168,10.);
#1841=VECTOR('',#7169,10.);
#1842=VECTOR('',#7170,10.);
#1843=VECTOR('',#7177,10.);
#1844=VECTOR('',#7180,10.);
#1845=VECTOR('',#7181,10.);
#1846=VECTOR('',#7182,10.);
#1847=VECTOR('',#7191,10.);
#1848=VECTOR('',#7196,10.);
#1849=VECTOR('',#7199,10.);
#1850=VECTOR('',#7200,10.);
#1851=VECTOR('',#7201,10.);
#1852=VECTOR('',#7202,10.);
#1853=VECTOR('',#7205,10.);
#1854=VECTOR('',#7206,10.);
#1855=VECTOR('',#7207,10.);
#1856=VECTOR('',#7210,10.);
#1857=VECTOR('',#7211,10.);
#1858=VECTOR('',#7216,10.);
#1859=VECTOR('',#7221,10.);
#1860=VECTOR('',#7224,10.);
#1861=VECTOR('',#7229,10.);
#1862=VECTOR('',#7234,10.);
#1863=VECTOR('',#7237,10.);
#1864=VECTOR('',#7238,10.);
#1865=VECTOR('',#7239,10.);
#1866=VECTOR('',#7242,10.);
#1867=VECTOR('',#7243,10.);
#1868=VECTOR('',#7246,10.);
#1869=VECTOR('',#7249,10.);
#1870=VECTOR('',#7254,10.);
#1871=VECTOR('',#7261,10.);
#1872=VECTOR('',#7266,10.);
#1873=VECTOR('',#7271,10.);
#1874=VECTOR('',#7274,10.);
#1875=VECTOR('',#7275,10.);
#1876=VECTOR('',#7276,10.);
#1877=VECTOR('',#7279,10.);
#1878=VECTOR('',#7280,10.);
#1879=VECTOR('',#7283,10.);
#1880=VECTOR('',#7286,10.);
#1881=VECTOR('',#7291,10.);
#1882=VECTOR('',#7298,10.);
#1883=VECTOR('',#7303,10.);
#1884=VECTOR('',#7308,10.);
#1885=VECTOR('',#7311,10.);
#1886=VECTOR('',#7314,10.);
#1887=VECTOR('',#7315,10.);
#1888=VECTOR('',#7316,10.);
#1889=VECTOR('',#7319,10.);
#1890=VECTOR('',#7320,10.);
#1891=VECTOR('',#7323,10.);
#1892=VECTOR('',#7326,10.);
#1893=VECTOR('',#7329,10.);
#1894=VECTOR('',#7340,10.);
#1895=VECTOR('',#7353,10.);
#1896=VECTOR('',#7356,10.);
#1897=VECTOR('',#7359,10.);
#1898=VECTOR('',#7362,10.);
#1899=VECTOR('',#7365,10.);
#1900=VECTOR('',#7368,10.);
#1901=VECTOR('',#7373,10.);
#1902=VECTOR('',#7374,10.);
#1903=VECTOR('',#7377,10.);
#1904=VECTOR('',#7380,10.);
#1905=VECTOR('',#7385,10.);
#1906=VECTOR('',#7386,10.);
#1907=VECTOR('',#7389,10.);
#1908=VECTOR('',#7392,10.);
#1909=VECTOR('',#7397,10.);
#1910=VECTOR('',#7398,10.);
#1911=VECTOR('',#7401,10.);
#1912=VECTOR('',#7404,10.);
#1913=B_SPLINE_CURVE_WITH_KNOTS('',3,(#7424,#7425,#7426,#7427),
 .UNSPECIFIED.,.F.,.F.,(4,4),(0.,1.),.UNSPECIFIED.);
#1914=B_SPLINE_CURVE_WITH_KNOTS('',3,(#7431,#7432,#7433,#7434),
 .UNSPECIFIED.,.F.,.F.,(4,4),(-1.,0.),.UNSPECIFIED.);
#1915=B_SPLINE_CURVE_WITH_KNOTS('',3,(#7445,#7446,#7447,#7448),
 .UNSPECIFIED.,.F.,.F.,(4,4),(0.,1.),.UNSPECIFIED.);
#1916=B_SPLINE_CURVE_WITH_KNOTS('',3,(#7450,#7451,#7452,#7453),
 .UNSPECIFIED.,.F.,.F.,(4,4),(-1.,0.),.UNSPECIFIED.);
#1917=B_SPLINE_CURVE_WITH_KNOTS('',3,(#7464,#7465,#7466,#7467),
 .UNSPECIFIED.,.F.,.F.,(4,4),(0.,1.),.UNSPECIFIED.);
#1918=B_SPLINE_CURVE_WITH_KNOTS('',3,(#7469,#7470,#7471,#7472),
 .UNSPECIFIED.,.F.,.F.,(4,4),(-1.,0.),.UNSPECIFIED.);
#1919=B_SPLINE_CURVE_WITH_KNOTS('',3,(#7483,#7484,#7485,#7486),
 .UNSPECIFIED.,.F.,.F.,(4,4),(0.,1.),.UNSPECIFIED.);
#1920=B_SPLINE_CURVE_WITH_KNOTS('',3,(#7488,#7489,#7490,#7491),
 .UNSPECIFIED.,.F.,.F.,(4,4),(-1.,0.),.UNSPECIFIED.);
#1921=B_SPLINE_CURVE_WITH_KNOTS('',3,(#7502,#7503,#7504,#7505),
 .UNSPECIFIED.,.F.,.F.,(4,4),(0.,1.),.UNSPECIFIED.);
#1922=B_SPLINE_CURVE_WITH_KNOTS('',3,(#7507,#7508,#7509,#7510),
 .UNSPECIFIED.,.F.,.F.,(4,4),(-1.,0.),.UNSPECIFIED.);
#1923=B_SPLINE_CURVE_WITH_KNOTS('',3,(#7521,#7522,#7523,#7524),
 .UNSPECIFIED.,.F.,.F.,(4,4),(0.,1.),.UNSPECIFIED.);
#1924=B_SPLINE_CURVE_WITH_KNOTS('',3,(#7526,#7527,#7528,#7529),
 .UNSPECIFIED.,.F.,.F.,(4,4),(-1.,0.),.UNSPECIFIED.);
#1925=B_SPLINE_CURVE_WITH_KNOTS('',3,(#7540,#7541,#7542,#7543),
 .UNSPECIFIED.,.F.,.F.,(4,4),(0.,1.),.UNSPECIFIED.);
#1926=B_SPLINE_CURVE_WITH_KNOTS('',3,(#7545,#7546,#7547,#7548),
 .UNSPECIFIED.,.F.,.F.,(4,4),(-1.,0.),.UNSPECIFIED.);
#1927=B_SPLINE_CURVE_WITH_KNOTS('',3,(#7559,#7560,#7561,#7562),
 .UNSPECIFIED.,.F.,.F.,(4,4),(0.,0.078952713932764),.UNSPECIFIED.);
#1928=B_SPLINE_CURVE_WITH_KNOTS('',3,(#7564,#7565,#7566,#7567),
 .UNSPECIFIED.,.F.,.F.,(4,4),(-1.,0.),.UNSPECIFIED.);
#1929=B_SPLINE_CURVE_WITH_KNOTS('',3,(#7578,#7579,#7580,#7581),
 .UNSPECIFIED.,.F.,.F.,(4,4),(0.,1.),.UNSPECIFIED.);
#1930=B_SPLINE_CURVE_WITH_KNOTS('',3,(#7583,#7584,#7585,#7586),
 .UNSPECIFIED.,.F.,.F.,(4,4),(-0.643906577107845,0.),.UNSPECIFIED.);
#1931=B_SPLINE_CURVE_WITH_KNOTS('',3,(#7597,#7598,#7599,#7600),
 .UNSPECIFIED.,.F.,.F.,(4,4),(0.,1.),.UNSPECIFIED.);
#1932=B_SPLINE_CURVE_WITH_KNOTS('',3,(#7602,#7603,#7604,#7605),
 .UNSPECIFIED.,.F.,.F.,(4,4),(-1.,0.),.UNSPECIFIED.);
#1933=B_SPLINE_CURVE_WITH_KNOTS('',3,(#7616,#7617,#7618,#7619),
 .UNSPECIFIED.,.F.,.F.,(4,4),(0.,1.),.UNSPECIFIED.);
#1934=B_SPLINE_CURVE_WITH_KNOTS('',3,(#7621,#7622,#7623,#7624),
 .UNSPECIFIED.,.F.,.F.,(4,4),(-1.,0.),.UNSPECIFIED.);
#1935=B_SPLINE_CURVE_WITH_KNOTS('',3,(#7634,#7635,#7636,#7637),
 .UNSPECIFIED.,.F.,.F.,(4,4),(0.,1.),.UNSPECIFIED.);
#1936=B_SPLINE_CURVE_WITH_KNOTS('',3,(#7638,#7639,#7640,#7641),
 .UNSPECIFIED.,.F.,.F.,(4,4),(-1.,0.),.UNSPECIFIED.);
#1937=B_SPLINE_CURVE_WITH_KNOTS('',3,(#7654,#7655,#7656,#7657),
 .UNSPECIFIED.,.F.,.F.,(4,4),(0.,1.),.UNSPECIFIED.);
#1938=B_SPLINE_CURVE_WITH_KNOTS('',3,(#7661,#7662,#7663,#7664),
 .UNSPECIFIED.,.F.,.F.,(4,4),(-1.,0.),.UNSPECIFIED.);
#1939=B_SPLINE_CURVE_WITH_KNOTS('',3,(#7675,#7676,#7677,#7678),
 .UNSPECIFIED.,.F.,.F.,(4,4),(0.,1.),.UNSPECIFIED.);
#1940=B_SPLINE_CURVE_WITH_KNOTS('',3,(#7680,#7681,#7682,#7683),
 .UNSPECIFIED.,.F.,.F.,(4,4),(-1.,0.),.UNSPECIFIED.);
#1941=B_SPLINE_CURVE_WITH_KNOTS('',3,(#7694,#7695,#7696,#7697),
 .UNSPECIFIED.,.F.,.F.,(4,4),(0.,1.),.UNSPECIFIED.);
#1942=B_SPLINE_CURVE_WITH_KNOTS('',3,(#7699,#7700,#7701,#7702),
 .UNSPECIFIED.,.F.,.F.,(4,4),(-1.,0.),.UNSPECIFIED.);
#1943=B_SPLINE_CURVE_WITH_KNOTS('',3,(#7713,#7714,#7715,#7716),
 .UNSPECIFIED.,.F.,.F.,(4,4),(0.,1.),.UNSPECIFIED.);
#1944=B_SPLINE_CURVE_WITH_KNOTS('',3,(#7718,#7719,#7720,#7721),
 .UNSPECIFIED.,.F.,.F.,(4,4),(-1.,0.),.UNSPECIFIED.);
#1945=B_SPLINE_CURVE_WITH_KNOTS('',3,(#7732,#7733,#7734,#7735),
 .UNSPECIFIED.,.F.,.F.,(4,4),(0.,1.),.UNSPECIFIED.);
#1946=B_SPLINE_CURVE_WITH_KNOTS('',3,(#7737,#7738,#7739,#7740),
 .UNSPECIFIED.,.F.,.F.,(4,4),(-1.,0.),.UNSPECIFIED.);
#1947=B_SPLINE_CURVE_WITH_KNOTS('',3,(#7751,#7752,#7753,#7754),
 .UNSPECIFIED.,.F.,.F.,(4,4),(0.,1.),.UNSPECIFIED.);
#1948=B_SPLINE_CURVE_WITH_KNOTS('',3,(#7756,#7757,#7758,#7759),
 .UNSPECIFIED.,.F.,.F.,(4,4),(-1.,0.),.UNSPECIFIED.);
#1949=B_SPLINE_CURVE_WITH_KNOTS('',3,(#7770,#7771,#7772,#7773),
 .UNSPECIFIED.,.F.,.F.,(4,4),(0.,1.),.UNSPECIFIED.);
#1950=B_SPLINE_CURVE_WITH_KNOTS('',3,(#7775,#7776,#7777,#7778),
 .UNSPECIFIED.,.F.,.F.,(4,4),(-1.,0.),.UNSPECIFIED.);
#1951=B_SPLINE_CURVE_WITH_KNOTS('',3,(#7788,#7789,#7790,#7791),
 .UNSPECIFIED.,.F.,.F.,(4,4),(0.,1.),.UNSPECIFIED.);
#1952=B_SPLINE_CURVE_WITH_KNOTS('',3,(#7792,#7793,#7794,#7795),
 .UNSPECIFIED.,.F.,.F.,(4,4),(-1.,0.),.UNSPECIFIED.);
#1953=B_SPLINE_CURVE_WITH_KNOTS('',3,(#7808,#7809,#7810,#7811),
 .UNSPECIFIED.,.F.,.F.,(4,4),(-1.,0.),.UNSPECIFIED.);
#1954=B_SPLINE_CURVE_WITH_KNOTS('',3,(#7815,#7816,#7817,#7818),
 .UNSPECIFIED.,.F.,.F.,(4,4),(-1.,0.),.UNSPECIFIED.);
#1955=B_SPLINE_CURVE_WITH_KNOTS('',3,(#7829,#7830,#7831,#7832),
 .UNSPECIFIED.,.F.,.F.,(4,4),(-1.,0.),.UNSPECIFIED.);
#1956=B_SPLINE_CURVE_WITH_KNOTS('',3,(#7834,#7835,#7836,#7837),
 .UNSPECIFIED.,.F.,.F.,(4,4),(-1.,0.),.UNSPECIFIED.);
#1957=B_SPLINE_CURVE_WITH_KNOTS('',3,(#7848,#7849,#7850,#7851),
 .UNSPECIFIED.,.F.,.F.,(4,4),(-1.,0.),.UNSPECIFIED.);
#1958=B_SPLINE_CURVE_WITH_KNOTS('',3,(#7853,#7854,#7855,#7856),
 .UNSPECIFIED.,.F.,.F.,(4,4),(-1.,0.),.UNSPECIFIED.);
#1959=B_SPLINE_CURVE_WITH_KNOTS('',3,(#7867,#7868,#7869,#7870),
 .UNSPECIFIED.,.F.,.F.,(4,4),(-1.,0.),.UNSPECIFIED.);
#1960=B_SPLINE_CURVE_WITH_KNOTS('',3,(#7872,#7873,#7874,#7875),
 .UNSPECIFIED.,.F.,.F.,(4,4),(-1.,0.),.UNSPECIFIED.);
#1961=B_SPLINE_CURVE_WITH_KNOTS('',3,(#7896,#7897,#7898,#7899),
 .UNSPECIFIED.,.F.,.F.,(4,4),(-1.,0.),.UNSPECIFIED.);
#1962=B_SPLINE_CURVE_WITH_KNOTS('',3,(#7903,#7904,#7905,#7906),
 .UNSPECIFIED.,.F.,.F.,(4,4),(-1.,0.),.UNSPECIFIED.);
#1963=B_SPLINE_CURVE_WITH_KNOTS('',3,(#7917,#7918,#7919,#7920),
 .UNSPECIFIED.,.F.,.F.,(4,4),(-1.,0.),.UNSPECIFIED.);
#1964=B_SPLINE_CURVE_WITH_KNOTS('',3,(#7922,#7923,#7924,#7925),
 .UNSPECIFIED.,.F.,.F.,(4,4),(-1.,0.),.UNSPECIFIED.);
#1965=B_SPLINE_CURVE_WITH_KNOTS('',3,(#7947,#7948,#7949,#7950),
 .UNSPECIFIED.,.F.,.F.,(4,4),(-1.,0.),.UNSPECIFIED.);
#1966=B_SPLINE_CURVE_WITH_KNOTS('',3,(#7951,#7952,#7953,#7954),
 .UNSPECIFIED.,.F.,.F.,(4,4),(-1.,0.),.UNSPECIFIED.);
#1967=B_SPLINE_CURVE_WITH_KNOTS('',3,(#7965,#7966,#7967,#7968),
 .UNSPECIFIED.,.F.,.F.,(4,4),(-1.,0.),.UNSPECIFIED.);
#1968=B_SPLINE_CURVE_WITH_KNOTS('',3,(#7972,#7973,#7974,#7975),
 .UNSPECIFIED.,.F.,.F.,(4,4),(-1.,0.),.UNSPECIFIED.);
#1969=B_SPLINE_CURVE_WITH_KNOTS('',3,(#7986,#7987,#7988,#7989),
 .UNSPECIFIED.,.F.,.F.,(4,4),(-1.,0.),.UNSPECIFIED.);
#1970=B_SPLINE_CURVE_WITH_KNOTS('',3,(#7991,#7992,#7993,#7994),
 .UNSPECIFIED.,.F.,.F.,(4,4),(-1.,0.),.UNSPECIFIED.);
#1971=B_SPLINE_CURVE_WITH_KNOTS('',3,(#8004,#8005,#8006,#8007),
 .UNSPECIFIED.,.F.,.F.,(4,4),(-1.,0.),.UNSPECIFIED.);
#1972=B_SPLINE_CURVE_WITH_KNOTS('',3,(#8008,#8009,#8010,#8011),
 .UNSPECIFIED.,.F.,.F.,(4,4),(-1.,0.),.UNSPECIFIED.);
#1973=B_SPLINE_CURVE_WITH_KNOTS('',3,(#8022,#8023,#8024,#8025),
 .UNSPECIFIED.,.F.,.F.,(4,4),(-1.,0.),.UNSPECIFIED.);
#1974=B_SPLINE_CURVE_WITH_KNOTS('',3,(#8029,#8030,#8031,#8032),
 .UNSPECIFIED.,.F.,.F.,(4,4),(-1.,0.),.UNSPECIFIED.);
#1975=B_SPLINE_CURVE_WITH_KNOTS('',3,(#8043,#8044,#8045,#8046),
 .UNSPECIFIED.,.F.,.F.,(4,4),(-1.,0.),.UNSPECIFIED.);
#1976=B_SPLINE_CURVE_WITH_KNOTS('',3,(#8048,#8049,#8050,#8051),
 .UNSPECIFIED.,.F.,.F.,(4,4),(-1.,0.),.UNSPECIFIED.);
#1977=B_SPLINE_CURVE_WITH_KNOTS('',3,(#8062,#8063,#8064,#8065),
 .UNSPECIFIED.,.F.,.F.,(4,4),(-1.,0.),.UNSPECIFIED.);
#1978=B_SPLINE_CURVE_WITH_KNOTS('',3,(#8067,#8068,#8069,#8070),
 .UNSPECIFIED.,.F.,.F.,(4,4),(-1.,0.),.UNSPECIFIED.);
#1979=B_SPLINE_CURVE_WITH_KNOTS('',3,(#8080,#8081,#8082,#8083),
 .UNSPECIFIED.,.F.,.F.,(4,4),(-0.0490237638001749,0.),.UNSPECIFIED.);
#1980=B_SPLINE_CURVE_WITH_KNOTS('',3,(#8084,#8085,#8086,#8087),
 .UNSPECIFIED.,.F.,.F.,(4,4),(-0.0490237637884965,0.),.UNSPECIFIED.);
#1981=B_SPLINE_CURVE_WITH_KNOTS('',3,(#8098,#8099,#8100,#8101),
 .UNSPECIFIED.,.F.,.F.,(4,4),(-1.,0.),.UNSPECIFIED.);
#1982=B_SPLINE_CURVE_WITH_KNOTS('',3,(#8105,#8106,#8107,#8108),
 .UNSPECIFIED.,.F.,.F.,(4,4),(-1.,0.),.UNSPECIFIED.);
#1983=B_SPLINE_CURVE_WITH_KNOTS('',3,(#8119,#8120,#8121,#8122),
 .UNSPECIFIED.,.F.,.F.,(4,4),(-1.,0.),.UNSPECIFIED.);
#1984=B_SPLINE_CURVE_WITH_KNOTS('',3,(#8124,#8125,#8126,#8127),
 .UNSPECIFIED.,.F.,.F.,(4,4),(-1.,0.),.UNSPECIFIED.);
#1985=B_SPLINE_CURVE_WITH_KNOTS('',3,(#8137,#8138,#8139,#8140),
 .UNSPECIFIED.,.F.,.F.,(4,4),(-1.,0.),.UNSPECIFIED.);
#1986=B_SPLINE_CURVE_WITH_KNOTS('',3,(#8141,#8142,#8143,#8144),
 .UNSPECIFIED.,.F.,.F.,(4,4),(-1.,0.),.UNSPECIFIED.);
#1987=B_SPLINE_CURVE_WITH_KNOTS('',3,(#8155,#8156,#8157,#8158),
 .UNSPECIFIED.,.F.,.F.,(4,4),(-1.,0.),.UNSPECIFIED.);
#1988=B_SPLINE_CURVE_WITH_KNOTS('',3,(#8162,#8163,#8164,#8165),
 .UNSPECIFIED.,.F.,.F.,(4,4),(-1.,0.),.UNSPECIFIED.);
#1989=B_SPLINE_CURVE_WITH_KNOTS('',3,(#8176,#8177,#8178,#8179),
 .UNSPECIFIED.,.F.,.F.,(4,4),(-1.,0.),.UNSPECIFIED.);
#1990=B_SPLINE_CURVE_WITH_KNOTS('',3,(#8181,#8182,#8183,#8184),
 .UNSPECIFIED.,.F.,.F.,(4,4),(-1.,0.),.UNSPECIFIED.);
#1991=B_SPLINE_CURVE_WITH_KNOTS('',3,(#8195,#8196,#8197,#8198),
 .UNSPECIFIED.,.F.,.F.,(4,4),(-1.,0.),.UNSPECIFIED.);
#1992=B_SPLINE_CURVE_WITH_KNOTS('',3,(#8200,#8201,#8202,#8203),
 .UNSPECIFIED.,.F.,.F.,(4,4),(-1.,0.),.UNSPECIFIED.);
#1993=B_SPLINE_CURVE_WITH_KNOTS('',3,(#8213,#8214,#8215,#8216),
 .UNSPECIFIED.,.F.,.F.,(4,4),(-1.,0.),.UNSPECIFIED.);
#1994=B_SPLINE_CURVE_WITH_KNOTS('',3,(#8217,#8218,#8219,#8220),
 .UNSPECIFIED.,.F.,.F.,(4,4),(-1.,0.),.UNSPECIFIED.);
#1995=B_SPLINE_CURVE_WITH_KNOTS('',3,(#8231,#8232,#8233,#8234),
 .UNSPECIFIED.,.F.,.F.,(4,4),(-1.,0.),.UNSPECIFIED.);
#1996=B_SPLINE_CURVE_WITH_KNOTS('',3,(#8238,#8239,#8240,#8241),
 .UNSPECIFIED.,.F.,.F.,(4,4),(-1.,0.),.UNSPECIFIED.);
#1997=B_SPLINE_CURVE_WITH_KNOTS('',3,(#8264,#8265,#8266,#8267),
 .UNSPECIFIED.,.F.,.F.,(4,4),(-1.,0.),.UNSPECIFIED.);
#1998=B_SPLINE_CURVE_WITH_KNOTS('',3,(#8269,#8270,#8271,#8272),
 .UNSPECIFIED.,.F.,.F.,(4,4),(-1.,0.),.UNSPECIFIED.);
#1999=B_SPLINE_CURVE_WITH_KNOTS('',3,(#8283,#8284,#8285,#8286),
 .UNSPECIFIED.,.F.,.F.,(4,4),(-1.,0.),.UNSPECIFIED.);
#2000=B_SPLINE_CURVE_WITH_KNOTS('',3,(#8288,#8289,#8290,#8291),
 .UNSPECIFIED.,.F.,.F.,(4,4),(-1.,0.),.UNSPECIFIED.);
#2001=B_SPLINE_CURVE_WITH_KNOTS('',3,(#8301,#8302,#8303,#8304),
 .UNSPECIFIED.,.F.,.F.,(4,4),(-1.,0.),.UNSPECIFIED.);
#2002=B_SPLINE_CURVE_WITH_KNOTS('',3,(#8305,#8306,#8307,#8308),
 .UNSPECIFIED.,.F.,.F.,(4,4),(-1.,0.),.UNSPECIFIED.);
#2003=B_SPLINE_CURVE_WITH_KNOTS('',3,(#8319,#8320,#8321,#8322),
 .UNSPECIFIED.,.F.,.F.,(4,4),(0.,1.),.UNSPECIFIED.);
#2004=B_SPLINE_CURVE_WITH_KNOTS('',3,(#8326,#8327,#8328,#8329),
 .UNSPECIFIED.,.F.,.F.,(4,4),(-1.,0.),.UNSPECIFIED.);
#2005=B_SPLINE_CURVE_WITH_KNOTS('',3,(#8340,#8341,#8342,#8343),
 .UNSPECIFIED.,.F.,.F.,(4,4),(0.,1.),.UNSPECIFIED.);
#2006=B_SPLINE_CURVE_WITH_KNOTS('',3,(#8345,#8346,#8347,#8348),
 .UNSPECIFIED.,.F.,.F.,(4,4),(-1.,0.),.UNSPECIFIED.);
#2007=B_SPLINE_CURVE_WITH_KNOTS('',3,(#8359,#8360,#8361,#8362),
 .UNSPECIFIED.,.F.,.F.,(4,4),(0.,1.),.UNSPECIFIED.);
#2008=B_SPLINE_CURVE_WITH_KNOTS('',3,(#8364,#8365,#8366,#8367),
 .UNSPECIFIED.,.F.,.F.,(4,4),(-1.,0.),.UNSPECIFIED.);
#2009=B_SPLINE_CURVE_WITH_KNOTS('',3,(#8390,#8391,#8392,#8393),
 .UNSPECIFIED.,.F.,.F.,(4,4),(0.,1.),.UNSPECIFIED.);
#2010=B_SPLINE_CURVE_WITH_KNOTS('',3,(#8395,#8396,#8397,#8398),
 .UNSPECIFIED.,.F.,.F.,(4,4),(-1.,0.),.UNSPECIFIED.);
#2011=B_SPLINE_CURVE_WITH_KNOTS('',3,(#8409,#8410,#8411,#8412),
 .UNSPECIFIED.,.F.,.F.,(4,4),(0.,1.),.UNSPECIFIED.);
#2012=B_SPLINE_CURVE_WITH_KNOTS('',3,(#8414,#8415,#8416,#8417),
 .UNSPECIFIED.,.F.,.F.,(4,4),(-1.,0.),.UNSPECIFIED.);
#2013=B_SPLINE_CURVE_WITH_KNOTS('',3,(#8428,#8429,#8430,#8431),
 .UNSPECIFIED.,.F.,.F.,(4,4),(0.,1.),.UNSPECIFIED.);
#2014=B_SPLINE_CURVE_WITH_KNOTS('',3,(#8433,#8434,#8435,#8436),
 .UNSPECIFIED.,.F.,.F.,(4,4),(-1.,0.),.UNSPECIFIED.);
#2015=B_SPLINE_CURVE_WITH_KNOTS('',3,(#8447,#8448,#8449,#8450),
 .UNSPECIFIED.,.F.,.F.,(4,4),(0.,0.136801073630142),.UNSPECIFIED.);
#2016=B_SPLINE_CURVE_WITH_KNOTS('',3,(#8452,#8453,#8454,#8455),
 .UNSPECIFIED.,.F.,.F.,(4,4),(-0.136801073630382,0.),.UNSPECIFIED.);
#2017=B_SPLINE_CURVE_WITH_KNOTS('',3,(#8466,#8467,#8468,#8469),
 .UNSPECIFIED.,.F.,.F.,(4,4),(0.,1.),.UNSPECIFIED.);
#2018=B_SPLINE_CURVE_WITH_KNOTS('',3,(#8471,#8472,#8473,#8474),
 .UNSPECIFIED.,.F.,.F.,(4,4),(-1.,0.),.UNSPECIFIED.);
#2019=B_SPLINE_CURVE_WITH_KNOTS('',3,(#8485,#8486,#8487,#8488),
 .UNSPECIFIED.,.F.,.F.,(4,4),(0.,1.),.UNSPECIFIED.);
#2020=B_SPLINE_CURVE_WITH_KNOTS('',3,(#8490,#8491,#8492,#8493),
 .UNSPECIFIED.,.F.,.F.,(4,4),(-1.,0.),.UNSPECIFIED.);
#2021=B_SPLINE_CURVE_WITH_KNOTS('',3,(#8504,#8505,#8506,#8507),
 .UNSPECIFIED.,.F.,.F.,(4,4),(0.,1.),.UNSPECIFIED.);
#2022=B_SPLINE_CURVE_WITH_KNOTS('',3,(#8509,#8510,#8511,#8512),
 .UNSPECIFIED.,.F.,.F.,(4,4),(-1.,0.),.UNSPECIFIED.);
#2023=B_SPLINE_CURVE_WITH_KNOTS('',3,(#8523,#8524,#8525,#8526),
 .UNSPECIFIED.,.F.,.F.,(4,4),(0.,1.),.UNSPECIFIED.);
#2024=B_SPLINE_CURVE_WITH_KNOTS('',3,(#8528,#8529,#8530,#8531),
 .UNSPECIFIED.,.F.,.F.,(4,4),(-1.,0.),.UNSPECIFIED.);
#2025=B_SPLINE_CURVE_WITH_KNOTS('',3,(#8542,#8543,#8544,#8545),
 .UNSPECIFIED.,.F.,.F.,(4,4),(0.,1.),.UNSPECIFIED.);
#2026=B_SPLINE_CURVE_WITH_KNOTS('',3,(#8547,#8548,#8549,#8550),
 .UNSPECIFIED.,.F.,.F.,(4,4),(-1.,0.),.UNSPECIFIED.);
#2027=B_SPLINE_CURVE_WITH_KNOTS('',3,(#8573,#8574,#8575,#8576),
 .UNSPECIFIED.,.F.,.F.,(4,4),(0.,1.),.UNSPECIFIED.);
#2028=B_SPLINE_CURVE_WITH_KNOTS('',3,(#8578,#8579,#8580,#8581),
 .UNSPECIFIED.,.F.,.F.,(4,4),(-1.,0.),.UNSPECIFIED.);
#2029=B_SPLINE_CURVE_WITH_KNOTS('',3,(#8592,#8593,#8594,#8595),
 .UNSPECIFIED.,.F.,.F.,(4,4),(0.,1.),.UNSPECIFIED.);
#2030=B_SPLINE_CURVE_WITH_KNOTS('',3,(#8597,#8598,#8599,#8600),
 .UNSPECIFIED.,.F.,.F.,(4,4),(-1.,0.),.UNSPECIFIED.);
#2031=B_SPLINE_CURVE_WITH_KNOTS('',3,(#8611,#8612,#8613,#8614),
 .UNSPECIFIED.,.F.,.F.,(4,4),(0.,1.),.UNSPECIFIED.);
#2032=B_SPLINE_CURVE_WITH_KNOTS('',3,(#8616,#8617,#8618,#8619),
 .UNSPECIFIED.,.F.,.F.,(4,4),(-1.,0.),.UNSPECIFIED.);
#2033=B_SPLINE_CURVE_WITH_KNOTS('',3,(#8630,#8631,#8632,#8633),
 .UNSPECIFIED.,.F.,.F.,(4,4),(0.,1.),.UNSPECIFIED.);
#2034=B_SPLINE_CURVE_WITH_KNOTS('',3,(#8635,#8636,#8637,#8638),
 .UNSPECIFIED.,.F.,.F.,(4,4),(-1.,0.),.UNSPECIFIED.);
#2035=B_SPLINE_CURVE_WITH_KNOTS('',3,(#8649,#8650,#8651,#8652),
 .UNSPECIFIED.,.F.,.F.,(4,4),(0.,1.),.UNSPECIFIED.);
#2036=B_SPLINE_CURVE_WITH_KNOTS('',3,(#8654,#8655,#8656,#8657),
 .UNSPECIFIED.,.F.,.F.,(4,4),(-1.,0.),.UNSPECIFIED.);
#2037=B_SPLINE_CURVE_WITH_KNOTS('',3,(#8668,#8669,#8670,#8671),
 .UNSPECIFIED.,.F.,.F.,(4,4),(0.,1.),.UNSPECIFIED.);
#2038=B_SPLINE_CURVE_WITH_KNOTS('',3,(#8673,#8674,#8675,#8676),
 .UNSPECIFIED.,.F.,.F.,(4,4),(-1.,0.),.UNSPECIFIED.);
#2039=B_SPLINE_CURVE_WITH_KNOTS('',3,(#8687,#8688,#8689,#8690),
 .UNSPECIFIED.,.F.,.F.,(4,4),(0.,1.),.UNSPECIFIED.);
#2040=B_SPLINE_CURVE_WITH_KNOTS('',3,(#8692,#8693,#8694,#8695),
 .UNSPECIFIED.,.F.,.F.,(4,4),(-1.,0.),.UNSPECIFIED.);
#2041=B_SPLINE_CURVE_WITH_KNOTS('',3,(#8706,#8707,#8708,#8709),
 .UNSPECIFIED.,.F.,.F.,(4,4),(0.,1.),.UNSPECIFIED.);
#2042=B_SPLINE_CURVE_WITH_KNOTS('',3,(#8711,#8712,#8713,#8714),
 .UNSPECIFIED.,.F.,.F.,(4,4),(-1.,0.),.UNSPECIFIED.);
#2043=B_SPLINE_CURVE_WITH_KNOTS('',3,(#8725,#8726,#8727,#8728),
 .UNSPECIFIED.,.F.,.F.,(4,4),(0.,1.),.UNSPECIFIED.);
#2044=B_SPLINE_CURVE_WITH_KNOTS('',3,(#8730,#8731,#8732,#8733),
 .UNSPECIFIED.,.F.,.F.,(4,4),(-1.,0.),.UNSPECIFIED.);
#2045=B_SPLINE_CURVE_WITH_KNOTS('',3,(#8744,#8745,#8746,#8747),
 .UNSPECIFIED.,.F.,.F.,(4,4),(0.,1.),.UNSPECIFIED.);
#2046=B_SPLINE_CURVE_WITH_KNOTS('',3,(#8749,#8750,#8751,#8752),
 .UNSPECIFIED.,.F.,.F.,(4,4),(-1.,0.),.UNSPECIFIED.);
#2047=B_SPLINE_CURVE_WITH_KNOTS('',3,(#8763,#8764,#8765,#8766),
 .UNSPECIFIED.,.F.,.F.,(4,4),(0.,1.),.UNSPECIFIED.);
#2048=B_SPLINE_CURVE_WITH_KNOTS('',3,(#8768,#8769,#8770,#8771),
 .UNSPECIFIED.,.F.,.F.,(4,4),(-1.,0.),.UNSPECIFIED.);
#2049=B_SPLINE_CURVE_WITH_KNOTS('',3,(#8782,#8783,#8784,#8785),
 .UNSPECIFIED.,.F.,.F.,(4,4),(0.,1.),.UNSPECIFIED.);
#2050=B_SPLINE_CURVE_WITH_KNOTS('',3,(#8787,#8788,#8789,#8790),
 .UNSPECIFIED.,.F.,.F.,(4,4),(-1.,0.),.UNSPECIFIED.);
#2051=B_SPLINE_CURVE_WITH_KNOTS('',3,(#8801,#8802,#8803,#8804),
 .UNSPECIFIED.,.F.,.F.,(4,4),(0.,1.),.UNSPECIFIED.);
#2052=B_SPLINE_CURVE_WITH_KNOTS('',3,(#8806,#8807,#8808,#8809),
 .UNSPECIFIED.,.F.,.F.,(4,4),(-1.,0.),.UNSPECIFIED.);
#2053=B_SPLINE_CURVE_WITH_KNOTS('',3,(#8820,#8821,#8822,#8823),
 .UNSPECIFIED.,.F.,.F.,(4,4),(0.,1.),.UNSPECIFIED.);
#2054=B_SPLINE_CURVE_WITH_KNOTS('',3,(#8825,#8826,#8827,#8828),
 .UNSPECIFIED.,.F.,.F.,(4,4),(-1.,0.),.UNSPECIFIED.);
#2055=B_SPLINE_CURVE_WITH_KNOTS('',3,(#8839,#8840,#8841,#8842),
 .UNSPECIFIED.,.F.,.F.,(4,4),(0.,1.),.UNSPECIFIED.);
#2056=B_SPLINE_CURVE_WITH_KNOTS('',3,(#8844,#8845,#8846,#8847),
 .UNSPECIFIED.,.F.,.F.,(4,4),(-1.,0.),.UNSPECIFIED.);
#2057=B_SPLINE_CURVE_WITH_KNOTS('',3,(#8858,#8859,#8860,#8861),
 .UNSPECIFIED.,.F.,.F.,(4,4),(0.,1.),.UNSPECIFIED.);
#2058=B_SPLINE_CURVE_WITH_KNOTS('',3,(#8863,#8864,#8865,#8866),
 .UNSPECIFIED.,.F.,.F.,(4,4),(-1.,0.),.UNSPECIFIED.);
#2059=B_SPLINE_CURVE_WITH_KNOTS('',3,(#8877,#8878,#8879,#8880),
 .UNSPECIFIED.,.F.,.F.,(4,4),(0.,1.),.UNSPECIFIED.);
#2060=B_SPLINE_CURVE_WITH_KNOTS('',3,(#8882,#8883,#8884,#8885),
 .UNSPECIFIED.,.F.,.F.,(4,4),(-1.,0.),.UNSPECIFIED.);
#2061=B_SPLINE_CURVE_WITH_KNOTS('',3,(#8896,#8897,#8898,#8899),
 .UNSPECIFIED.,.F.,.F.,(4,4),(0.,1.),.UNSPECIFIED.);
#2062=B_SPLINE_CURVE_WITH_KNOTS('',3,(#8901,#8902,#8903,#8904),
 .UNSPECIFIED.,.F.,.F.,(4,4),(-1.,0.),.UNSPECIFIED.);
#2063=B_SPLINE_CURVE_WITH_KNOTS('',3,(#8915,#8916,#8917,#8918),
 .UNSPECIFIED.,.F.,.F.,(4,4),(0.,1.),.UNSPECIFIED.);
#2064=B_SPLINE_CURVE_WITH_KNOTS('',3,(#8920,#8921,#8922,#8923),
 .UNSPECIFIED.,.F.,.F.,(4,4),(-1.,0.),.UNSPECIFIED.);
#2065=B_SPLINE_CURVE_WITH_KNOTS('',3,(#8934,#8935,#8936,#8937),
 .UNSPECIFIED.,.F.,.F.,(4,4),(0.,1.),.UNSPECIFIED.);
#2066=B_SPLINE_CURVE_WITH_KNOTS('',3,(#8939,#8940,#8941,#8942),
 .UNSPECIFIED.,.F.,.F.,(4,4),(-1.,0.),.UNSPECIFIED.);
#2067=B_SPLINE_CURVE_WITH_KNOTS('',3,(#8953,#8954,#8955,#8956),
 .UNSPECIFIED.,.F.,.F.,(4,4),(0.,1.),.UNSPECIFIED.);
#2068=B_SPLINE_CURVE_WITH_KNOTS('',3,(#8958,#8959,#8960,#8961),
 .UNSPECIFIED.,.F.,.F.,(4,4),(-1.,0.),.UNSPECIFIED.);
#2069=B_SPLINE_CURVE_WITH_KNOTS('',3,(#8972,#8973,#8974,#8975),
 .UNSPECIFIED.,.F.,.F.,(4,4),(0.,1.),.UNSPECIFIED.);
#2070=B_SPLINE_CURVE_WITH_KNOTS('',3,(#8977,#8978,#8979,#8980),
 .UNSPECIFIED.,.F.,.F.,(4,4),(-1.,0.),.UNSPECIFIED.);
#2071=B_SPLINE_CURVE_WITH_KNOTS('',3,(#8991,#8992,#8993,#8994),
 .UNSPECIFIED.,.F.,.F.,(4,4),(0.,1.),.UNSPECIFIED.);
#2072=B_SPLINE_CURVE_WITH_KNOTS('',3,(#8996,#8997,#8998,#8999),
 .UNSPECIFIED.,.F.,.F.,(4,4),(-1.,0.),.UNSPECIFIED.);
#2073=B_SPLINE_CURVE_WITH_KNOTS('',3,(#9010,#9011,#9012,#9013),
 .UNSPECIFIED.,.F.,.F.,(4,4),(0.,1.),.UNSPECIFIED.);
#2074=B_SPLINE_CURVE_WITH_KNOTS('',3,(#9015,#9016,#9017,#9018),
 .UNSPECIFIED.,.F.,.F.,(4,4),(-1.,0.),.UNSPECIFIED.);
#2075=B_SPLINE_CURVE_WITH_KNOTS('',3,(#9029,#9030,#9031,#9032),
 .UNSPECIFIED.,.F.,.F.,(4,4),(0.,1.),.UNSPECIFIED.);
#2076=B_SPLINE_CURVE_WITH_KNOTS('',3,(#9034,#9035,#9036,#9037),
 .UNSPECIFIED.,.F.,.F.,(4,4),(-1.,0.),.UNSPECIFIED.);
#2077=B_SPLINE_CURVE_WITH_KNOTS('',3,(#9048,#9049,#9050,#9051),
 .UNSPECIFIED.,.F.,.F.,(4,4),(0.,0.141013508596982),.UNSPECIFIED.);
#2078=B_SPLINE_CURVE_WITH_KNOTS('',3,(#9053,#9054,#9055,#9056),
 .UNSPECIFIED.,.F.,.F.,(4,4),(-0.14101350859697,0.),.UNSPECIFIED.);
#2079=B_SPLINE_CURVE_WITH_KNOTS('',3,(#9067,#9068,#9069,#9070),
 .UNSPECIFIED.,.F.,.F.,(4,4),(0.,1.),.UNSPECIFIED.);
#2080=B_SPLINE_CURVE_WITH_KNOTS('',3,(#9072,#9073,#9074,#9075),
 .UNSPECIFIED.,.F.,.F.,(4,4),(-1.,0.),.UNSPECIFIED.);
#2081=B_SPLINE_CURVE_WITH_KNOTS('',3,(#9086,#9087,#9088,#9089),
 .UNSPECIFIED.,.F.,.F.,(4,4),(0.,1.),.UNSPECIFIED.);
#2082=B_SPLINE_CURVE_WITH_KNOTS('',3,(#9091,#9092,#9093,#9094),
 .UNSPECIFIED.,.F.,.F.,(4,4),(-1.,0.),.UNSPECIFIED.);
#2083=B_SPLINE_CURVE_WITH_KNOTS('',3,(#9105,#9106,#9107,#9108),
 .UNSPECIFIED.,.F.,.F.,(4,4),(0.,1.),.UNSPECIFIED.);
#2084=B_SPLINE_CURVE_WITH_KNOTS('',3,(#9110,#9111,#9112,#9113),
 .UNSPECIFIED.,.F.,.F.,(4,4),(-1.,0.),.UNSPECIFIED.);
#2085=B_SPLINE_CURVE_WITH_KNOTS('',3,(#9124,#9125,#9126,#9127),
 .UNSPECIFIED.,.F.,.F.,(4,4),(0.,1.),.UNSPECIFIED.);
#2086=B_SPLINE_CURVE_WITH_KNOTS('',3,(#9129,#9130,#9131,#9132),
 .UNSPECIFIED.,.F.,.F.,(4,4),(-1.,0.),.UNSPECIFIED.);
#2087=B_SPLINE_CURVE_WITH_KNOTS('',3,(#9143,#9144,#9145,#9146),
 .UNSPECIFIED.,.F.,.F.,(4,4),(0.,1.),.UNSPECIFIED.);
#2088=B_SPLINE_CURVE_WITH_KNOTS('',3,(#9148,#9149,#9150,#9151),
 .UNSPECIFIED.,.F.,.F.,(4,4),(-1.,0.),.UNSPECIFIED.);
#2089=B_SPLINE_CURVE_WITH_KNOTS('',3,(#9162,#9163,#9164,#9165),
 .UNSPECIFIED.,.F.,.F.,(4,4),(0.,1.),.UNSPECIFIED.);
#2090=B_SPLINE_CURVE_WITH_KNOTS('',3,(#9167,#9168,#9169,#9170),
 .UNSPECIFIED.,.F.,.F.,(4,4),(-1.,0.),.UNSPECIFIED.);
#2091=B_SPLINE_CURVE_WITH_KNOTS('',3,(#9181,#9182,#9183,#9184),
 .UNSPECIFIED.,.F.,.F.,(4,4),(0.,1.),.UNSPECIFIED.);
#2092=B_SPLINE_CURVE_WITH_KNOTS('',3,(#9186,#9187,#9188,#9189),
 .UNSPECIFIED.,.F.,.F.,(4,4),(-1.,0.),.UNSPECIFIED.);
#2093=B_SPLINE_CURVE_WITH_KNOTS('',3,(#9200,#9201,#9202,#9203),
 .UNSPECIFIED.,.F.,.F.,(4,4),(0.,1.),.UNSPECIFIED.);
#2094=B_SPLINE_CURVE_WITH_KNOTS('',3,(#9205,#9206,#9207,#9208),
 .UNSPECIFIED.,.F.,.F.,(4,4),(-1.,0.),.UNSPECIFIED.);
#2095=B_SPLINE_CURVE_WITH_KNOTS('',3,(#9219,#9220,#9221,#9222),
 .UNSPECIFIED.,.F.,.F.,(4,4),(0.,1.),.UNSPECIFIED.);
#2096=B_SPLINE_CURVE_WITH_KNOTS('',3,(#9224,#9225,#9226,#9227),
 .UNSPECIFIED.,.F.,.F.,(4,4),(-1.,0.),.UNSPECIFIED.);
#2097=B_SPLINE_CURVE_WITH_KNOTS('',3,(#9238,#9239,#9240,#9241),
 .UNSPECIFIED.,.F.,.F.,(4,4),(0.,1.),.UNSPECIFIED.);
#2098=B_SPLINE_CURVE_WITH_KNOTS('',3,(#9243,#9244,#9245,#9246),
 .UNSPECIFIED.,.F.,.F.,(4,4),(-1.,0.),.UNSPECIFIED.);
#2099=B_SPLINE_CURVE_WITH_KNOTS('',3,(#9257,#9258,#9259,#9260),
 .UNSPECIFIED.,.F.,.F.,(4,4),(0.,1.),.UNSPECIFIED.);
#2100=B_SPLINE_CURVE_WITH_KNOTS('',3,(#9262,#9263,#9264,#9265),
 .UNSPECIFIED.,.F.,.F.,(4,4),(-1.,0.),.UNSPECIFIED.);
#2101=B_SPLINE_CURVE_WITH_KNOTS('',3,(#9276,#9277,#9278,#9279),
 .UNSPECIFIED.,.F.,.F.,(4,4),(0.,1.),.UNSPECIFIED.);
#2102=B_SPLINE_CURVE_WITH_KNOTS('',3,(#9281,#9282,#9283,#9284),
 .UNSPECIFIED.,.F.,.F.,(4,4),(-1.,0.),.UNSPECIFIED.);
#2103=B_SPLINE_CURVE_WITH_KNOTS('',3,(#9295,#9296,#9297,#9298),
 .UNSPECIFIED.,.F.,.F.,(4,4),(0.,1.),.UNSPECIFIED.);
#2104=B_SPLINE_CURVE_WITH_KNOTS('',3,(#9300,#9301,#9302,#9303),
 .UNSPECIFIED.,.F.,.F.,(4,4),(-1.,0.),.UNSPECIFIED.);
#2105=B_SPLINE_CURVE_WITH_KNOTS('',3,(#9314,#9315,#9316,#9317),
 .UNSPECIFIED.,.F.,.F.,(4,4),(0.,1.),.UNSPECIFIED.);
#2106=B_SPLINE_CURVE_WITH_KNOTS('',3,(#9319,#9320,#9321,#9322),
 .UNSPECIFIED.,.F.,.F.,(4,4),(-1.,0.),.UNSPECIFIED.);
#2107=B_SPLINE_CURVE_WITH_KNOTS('',3,(#9333,#9334,#9335,#9336),
 .UNSPECIFIED.,.F.,.F.,(4,4),(0.,1.),.UNSPECIFIED.);
#2108=B_SPLINE_CURVE_WITH_KNOTS('',3,(#9338,#9339,#9340,#9341),
 .UNSPECIFIED.,.F.,.F.,(4,4),(-1.,0.),.UNSPECIFIED.);
#2109=B_SPLINE_CURVE_WITH_KNOTS('',3,(#9352,#9353,#9354,#9355),
 .UNSPECIFIED.,.F.,.F.,(4,4),(0.,1.),.UNSPECIFIED.);
#2110=B_SPLINE_CURVE_WITH_KNOTS('',3,(#9357,#9358,#9359,#9360),
 .UNSPECIFIED.,.F.,.F.,(4,4),(-1.,0.),.UNSPECIFIED.);
#2111=B_SPLINE_CURVE_WITH_KNOTS('',3,(#9371,#9372,#9373,#9374),
 .UNSPECIFIED.,.F.,.F.,(4,4),(0.,1.),.UNSPECIFIED.);
#2112=B_SPLINE_CURVE_WITH_KNOTS('',3,(#9376,#9377,#9378,#9379),
 .UNSPECIFIED.,.F.,.F.,(4,4),(-1.,0.),.UNSPECIFIED.);
#2113=B_SPLINE_CURVE_WITH_KNOTS('',3,(#9390,#9391,#9392,#9393),
 .UNSPECIFIED.,.F.,.F.,(4,4),(0.,1.),.UNSPECIFIED.);
#2114=B_SPLINE_CURVE_WITH_KNOTS('',3,(#9395,#9396,#9397,#9398),
 .UNSPECIFIED.,.F.,.F.,(4,4),(-1.,0.),.UNSPECIFIED.);
#2115=B_SPLINE_CURVE_WITH_KNOTS('',3,(#9409,#9410,#9411,#9412),
 .UNSPECIFIED.,.F.,.F.,(4,4),(0.,1.),.UNSPECIFIED.);
#2116=B_SPLINE_CURVE_WITH_KNOTS('',3,(#9414,#9415,#9416,#9417),
 .UNSPECIFIED.,.F.,.F.,(4,4),(-1.,0.),.UNSPECIFIED.);
#2117=B_SPLINE_CURVE_WITH_KNOTS('',3,(#9428,#9429,#9430,#9431),
 .UNSPECIFIED.,.F.,.F.,(4,4),(0.,1.),.UNSPECIFIED.);
#2118=B_SPLINE_CURVE_WITH_KNOTS('',3,(#9433,#9434,#9435,#9436),
 .UNSPECIFIED.,.F.,.F.,(4,4),(-1.,0.),.UNSPECIFIED.);
#2119=B_SPLINE_CURVE_WITH_KNOTS('',3,(#9447,#9448,#9449,#9450),
 .UNSPECIFIED.,.F.,.F.,(4,4),(0.,1.),.UNSPECIFIED.);
#2120=B_SPLINE_CURVE_WITH_KNOTS('',3,(#9452,#9453,#9454,#9455),
 .UNSPECIFIED.,.F.,.F.,(4,4),(-1.,0.),.UNSPECIFIED.);
#2121=B_SPLINE_CURVE_WITH_KNOTS('',3,(#9466,#9467,#9468,#9469),
 .UNSPECIFIED.,.F.,.F.,(4,4),(0.,1.),.UNSPECIFIED.);
#2122=B_SPLINE_CURVE_WITH_KNOTS('',3,(#9471,#9472,#9473,#9474),
 .UNSPECIFIED.,.F.,.F.,(4,4),(-1.,0.),.UNSPECIFIED.);
#2123=B_SPLINE_CURVE_WITH_KNOTS('',3,(#9485,#9486,#9487,#9488),
 .UNSPECIFIED.,.F.,.F.,(4,4),(0.,1.),.UNSPECIFIED.);
#2124=B_SPLINE_CURVE_WITH_KNOTS('',3,(#9490,#9491,#9492,#9493),
 .UNSPECIFIED.,.F.,.F.,(4,4),(-1.,0.),.UNSPECIFIED.);
#2125=B_SPLINE_CURVE_WITH_KNOTS('',3,(#9504,#9505,#9506,#9507),
 .UNSPECIFIED.,.F.,.F.,(4,4),(0.,1.),.UNSPECIFIED.);
#2126=B_SPLINE_CURVE_WITH_KNOTS('',3,(#9509,#9510,#9511,#9512),
 .UNSPECIFIED.,.F.,.F.,(4,4),(-1.,0.),.UNSPECIFIED.);
#2127=B_SPLINE_CURVE_WITH_KNOTS('',3,(#9523,#9524,#9525,#9526),
 .UNSPECIFIED.,.F.,.F.,(4,4),(0.,1.),.UNSPECIFIED.);
#2128=B_SPLINE_CURVE_WITH_KNOTS('',3,(#9528,#9529,#9530,#9531),
 .UNSPECIFIED.,.F.,.F.,(4,4),(-1.,0.),.UNSPECIFIED.);
#2129=B_SPLINE_CURVE_WITH_KNOTS('',3,(#9542,#9543,#9544,#9545),
 .UNSPECIFIED.,.F.,.F.,(4,4),(0.,1.),.UNSPECIFIED.);
#2130=B_SPLINE_CURVE_WITH_KNOTS('',3,(#9547,#9548,#9549,#9550),
 .UNSPECIFIED.,.F.,.F.,(4,4),(-1.,0.),.UNSPECIFIED.);
#2131=B_SPLINE_CURVE_WITH_KNOTS('',3,(#9561,#9562,#9563,#9564),
 .UNSPECIFIED.,.F.,.F.,(4,4),(0.,1.),.UNSPECIFIED.);
#2132=B_SPLINE_CURVE_WITH_KNOTS('',3,(#9566,#9567,#9568,#9569),
 .UNSPECIFIED.,.F.,.F.,(4,4),(-1.,0.),.UNSPECIFIED.);
#2133=B_SPLINE_CURVE_WITH_KNOTS('',3,(#9580,#9581,#9582,#9583),
 .UNSPECIFIED.,.F.,.F.,(4,4),(0.,1.),.UNSPECIFIED.);
#2134=B_SPLINE_CURVE_WITH_KNOTS('',3,(#9585,#9586,#9587,#9588),
 .UNSPECIFIED.,.F.,.F.,(4,4),(-1.,0.),.UNSPECIFIED.);
#2135=B_SPLINE_CURVE_WITH_KNOTS('',3,(#9599,#9600,#9601,#9602),
 .UNSPECIFIED.,.F.,.F.,(4,4),(0.,1.),.UNSPECIFIED.);
#2136=B_SPLINE_CURVE_WITH_KNOTS('',3,(#9604,#9605,#9606,#9607),
 .UNSPECIFIED.,.F.,.F.,(4,4),(-1.,0.),.UNSPECIFIED.);
#2137=B_SPLINE_CURVE_WITH_KNOTS('',3,(#9618,#9619,#9620,#9621),
 .UNSPECIFIED.,.F.,.F.,(4,4),(0.,1.),.UNSPECIFIED.);
#2138=B_SPLINE_CURVE_WITH_KNOTS('',3,(#9623,#9624,#9625,#9626),
 .UNSPECIFIED.,.F.,.F.,(4,4),(-1.,0.),.UNSPECIFIED.);
#2139=B_SPLINE_CURVE_WITH_KNOTS('',3,(#9637,#9638,#9639,#9640),
 .UNSPECIFIED.,.F.,.F.,(4,4),(0.,1.),.UNSPECIFIED.);
#2140=B_SPLINE_CURVE_WITH_KNOTS('',3,(#9642,#9643,#9644,#9645),
 .UNSPECIFIED.,.F.,.F.,(4,4),(-1.,0.),.UNSPECIFIED.);
#2141=B_SPLINE_CURVE_WITH_KNOTS('',3,(#9656,#9657,#9658,#9659),
 .UNSPECIFIED.,.F.,.F.,(4,4),(0.,1.),.UNSPECIFIED.);
#2142=B_SPLINE_CURVE_WITH_KNOTS('',3,(#9661,#9662,#9663,#9664),
 .UNSPECIFIED.,.F.,.F.,(4,4),(-1.,0.),.UNSPECIFIED.);
#2143=B_SPLINE_CURVE_WITH_KNOTS('',3,(#9675,#9676,#9677,#9678),
 .UNSPECIFIED.,.F.,.F.,(4,4),(0.,1.),.UNSPECIFIED.);
#2144=B_SPLINE_CURVE_WITH_KNOTS('',3,(#9680,#9681,#9682,#9683),
 .UNSPECIFIED.,.F.,.F.,(4,4),(-1.,0.),.UNSPECIFIED.);
#2145=B_SPLINE_CURVE_WITH_KNOTS('',3,(#9694,#9695,#9696,#9697),
 .UNSPECIFIED.,.F.,.F.,(4,4),(0.,1.),.UNSPECIFIED.);
#2146=B_SPLINE_CURVE_WITH_KNOTS('',3,(#9699,#9700,#9701,#9702),
 .UNSPECIFIED.,.F.,.F.,(4,4),(-1.,0.),.UNSPECIFIED.);
#2147=B_SPLINE_CURVE_WITH_KNOTS('',3,(#9713,#9714,#9715,#9716),
 .UNSPECIFIED.,.F.,.F.,(4,4),(0.,1.),.UNSPECIFIED.);
#2148=B_SPLINE_CURVE_WITH_KNOTS('',3,(#9718,#9719,#9720,#9721),
 .UNSPECIFIED.,.F.,.F.,(4,4),(-1.,0.),.UNSPECIFIED.);
#2149=B_SPLINE_CURVE_WITH_KNOTS('',3,(#9732,#9733,#9734,#9735),
 .UNSPECIFIED.,.F.,.F.,(4,4),(0.,1.),.UNSPECIFIED.);
#2150=B_SPLINE_CURVE_WITH_KNOTS('',3,(#9737,#9738,#9739,#9740),
 .UNSPECIFIED.,.F.,.F.,(4,4),(-1.,0.),.UNSPECIFIED.);
#2151=B_SPLINE_CURVE_WITH_KNOTS('',3,(#9751,#9752,#9753,#9754),
 .UNSPECIFIED.,.F.,.F.,(4,4),(0.,0.0589244115087273),.UNSPECIFIED.);
#2152=B_SPLINE_CURVE_WITH_KNOTS('',3,(#9756,#9757,#9758,#9759),
 .UNSPECIFIED.,.F.,.F.,(4,4),(-1.,0.),.UNSPECIFIED.);
#2153=B_SPLINE_CURVE_WITH_KNOTS('',3,(#9770,#9771,#9772,#9773),
 .UNSPECIFIED.,.F.,.F.,(4,4),(0.,1.),.UNSPECIFIED.);
#2154=B_SPLINE_CURVE_WITH_KNOTS('',3,(#9775,#9776,#9777,#9778),
 .UNSPECIFIED.,.F.,.F.,(4,4),(-1.,0.),.UNSPECIFIED.);
#2155=B_SPLINE_CURVE_WITH_KNOTS('',3,(#9789,#9790,#9791,#9792),
 .UNSPECIFIED.,.F.,.F.,(4,4),(0.,1.),.UNSPECIFIED.);
#2156=B_SPLINE_CURVE_WITH_KNOTS('',3,(#9794,#9795,#9796,#9797),
 .UNSPECIFIED.,.F.,.F.,(4,4),(-1.,0.),.UNSPECIFIED.);
#2157=B_SPLINE_CURVE_WITH_KNOTS('',3,(#9808,#9809,#9810,#9811),
 .UNSPECIFIED.,.F.,.F.,(4,4),(0.,1.),.UNSPECIFIED.);
#2158=B_SPLINE_CURVE_WITH_KNOTS('',3,(#9813,#9814,#9815,#9816),
 .UNSPECIFIED.,.F.,.F.,(4,4),(-1.,0.),.UNSPECIFIED.);
#2159=B_SPLINE_CURVE_WITH_KNOTS('',3,(#9827,#9828,#9829,#9830),
 .UNSPECIFIED.,.F.,.F.,(4,4),(0.,1.),.UNSPECIFIED.);
#2160=B_SPLINE_CURVE_WITH_KNOTS('',3,(#9832,#9833,#9834,#9835),
 .UNSPECIFIED.,.F.,.F.,(4,4),(-1.,0.),.UNSPECIFIED.);
#2161=B_SPLINE_CURVE_WITH_KNOTS('',3,(#9859,#9860,#9861,#9862),
 .UNSPECIFIED.,.F.,.F.,(4,4),(0.,1.),.UNSPECIFIED.);
#2162=B_SPLINE_CURVE_WITH_KNOTS('',3,(#9864,#9865,#9866,#9867),
 .UNSPECIFIED.,.F.,.F.,(4,4),(-1.,0.),.UNSPECIFIED.);
#2163=B_SPLINE_CURVE_WITH_KNOTS('',3,(#9878,#9879,#9880,#9881),
 .UNSPECIFIED.,.F.,.F.,(4,4),(0.,1.),.UNSPECIFIED.);
#2164=B_SPLINE_CURVE_WITH_KNOTS('',3,(#9883,#9884,#9885,#9886),
 .UNSPECIFIED.,.F.,.F.,(4,4),(-1.,0.),.UNSPECIFIED.);
#2165=B_SPLINE_CURVE_WITH_KNOTS('',3,(#9897,#9898,#9899,#9900),
 .UNSPECIFIED.,.F.,.F.,(4,4),(0.,1.),.UNSPECIFIED.);
#2166=B_SPLINE_CURVE_WITH_KNOTS('',3,(#9902,#9903,#9904,#9905),
 .UNSPECIFIED.,.F.,.F.,(4,4),(-1.,0.),.UNSPECIFIED.);
#2167=B_SPLINE_CURVE_WITH_KNOTS('',3,(#9916,#9917,#9918,#9919),
 .UNSPECIFIED.,.F.,.F.,(4,4),(0.,1.),.UNSPECIFIED.);
#2168=B_SPLINE_CURVE_WITH_KNOTS('',3,(#9921,#9922,#9923,#9924),
 .UNSPECIFIED.,.F.,.F.,(4,4),(-1.,0.),.UNSPECIFIED.);
#2169=B_SPLINE_CURVE_WITH_KNOTS('',3,(#9935,#9936,#9937,#9938),
 .UNSPECIFIED.,.F.,.F.,(4,4),(0.,1.),.UNSPECIFIED.);
#2170=B_SPLINE_CURVE_WITH_KNOTS('',3,(#9940,#9941,#9942,#9943),
 .UNSPECIFIED.,.F.,.F.,(4,4),(-1.,0.),.UNSPECIFIED.);
#2171=B_SPLINE_CURVE_WITH_KNOTS('',3,(#9954,#9955,#9956,#9957),
 .UNSPECIFIED.,.F.,.F.,(4,4),(0.,1.),.UNSPECIFIED.);
#2172=B_SPLINE_CURVE_WITH_KNOTS('',3,(#9959,#9960,#9961,#9962),
 .UNSPECIFIED.,.F.,.F.,(4,4),(-1.,0.),.UNSPECIFIED.);
#2173=B_SPLINE_CURVE_WITH_KNOTS('',3,(#9973,#9974,#9975,#9976),
 .UNSPECIFIED.,.F.,.F.,(4,4),(0.,1.),.UNSPECIFIED.);
#2174=B_SPLINE_CURVE_WITH_KNOTS('',3,(#9978,#9979,#9980,#9981),
 .UNSPECIFIED.,.F.,.F.,(4,4),(-1.,0.),.UNSPECIFIED.);
#2175=B_SPLINE_CURVE_WITH_KNOTS('',3,(#9992,#9993,#9994,#9995),
 .UNSPECIFIED.,.F.,.F.,(4,4),(0.,1.),.UNSPECIFIED.);
#2176=B_SPLINE_CURVE_WITH_KNOTS('',3,(#9997,#9998,#9999,#10000),
 .UNSPECIFIED.,.F.,.F.,(4,4),(-1.,0.),.UNSPECIFIED.);
#2177=B_SPLINE_CURVE_WITH_KNOTS('',3,(#10011,#10012,#10013,#10014),
 .UNSPECIFIED.,.F.,.F.,(4,4),(0.,1.),.UNSPECIFIED.);
#2178=B_SPLINE_CURVE_WITH_KNOTS('',3,(#10016,#10017,#10018,#10019),
 .UNSPECIFIED.,.F.,.F.,(4,4),(-1.,0.),.UNSPECIFIED.);
#2179=B_SPLINE_CURVE_WITH_KNOTS('',3,(#10030,#10031,#10032,#10033),
 .UNSPECIFIED.,.F.,.F.,(4,4),(0.,1.),.UNSPECIFIED.);
#2180=B_SPLINE_CURVE_WITH_KNOTS('',3,(#10035,#10036,#10037,#10038),
 .UNSPECIFIED.,.F.,.F.,(4,4),(-1.,0.),.UNSPECIFIED.);
#2181=B_SPLINE_CURVE_WITH_KNOTS('',3,(#10049,#10050,#10051,#10052),
 .UNSPECIFIED.,.F.,.F.,(4,4),(0.,1.),.UNSPECIFIED.);
#2182=B_SPLINE_CURVE_WITH_KNOTS('',3,(#10054,#10055,#10056,#10057),
 .UNSPECIFIED.,.F.,.F.,(4,4),(-1.,0.),.UNSPECIFIED.);
#2183=B_SPLINE_CURVE_WITH_KNOTS('',3,(#10068,#10069,#10070,#10071),
 .UNSPECIFIED.,.F.,.F.,(4,4),(0.,1.),.UNSPECIFIED.);
#2184=B_SPLINE_CURVE_WITH_KNOTS('',3,(#10073,#10074,#10075,#10076),
 .UNSPECIFIED.,.F.,.F.,(4,4),(-1.,0.),.UNSPECIFIED.);
#2185=B_SPLINE_CURVE_WITH_KNOTS('',3,(#10087,#10088,#10089,#10090),
 .UNSPECIFIED.,.F.,.F.,(4,4),(0.,1.),.UNSPECIFIED.);
#2186=B_SPLINE_CURVE_WITH_KNOTS('',3,(#10092,#10093,#10094,#10095),
 .UNSPECIFIED.,.F.,.F.,(4,4),(-1.,0.),.UNSPECIFIED.);
#2187=B_SPLINE_CURVE_WITH_KNOTS('',3,(#10106,#10107,#10108,#10109),
 .UNSPECIFIED.,.F.,.F.,(4,4),(0.,1.),.UNSPECIFIED.);
#2188=B_SPLINE_CURVE_WITH_KNOTS('',3,(#10111,#10112,#10113,#10114),
 .UNSPECIFIED.,.F.,.F.,(4,4),(-1.,0.),.UNSPECIFIED.);
#2189=B_SPLINE_CURVE_WITH_KNOTS('',3,(#10125,#10126,#10127,#10128),
 .UNSPECIFIED.,.F.,.F.,(4,4),(0.,1.),.UNSPECIFIED.);
#2190=B_SPLINE_CURVE_WITH_KNOTS('',3,(#10130,#10131,#10132,#10133),
 .UNSPECIFIED.,.F.,.F.,(4,4),(-1.,0.),.UNSPECIFIED.);
#2191=B_SPLINE_CURVE_WITH_KNOTS('',3,(#10144,#10145,#10146,#10147),
 .UNSPECIFIED.,.F.,.F.,(4,4),(0.,1.),.UNSPECIFIED.);
#2192=B_SPLINE_CURVE_WITH_KNOTS('',3,(#10149,#10150,#10151,#10152),
 .UNSPECIFIED.,.F.,.F.,(4,4),(-1.,0.),.UNSPECIFIED.);
#2193=B_SPLINE_CURVE_WITH_KNOTS('',3,(#10163,#10164,#10165,#10166),
 .UNSPECIFIED.,.F.,.F.,(4,4),(0.,1.),.UNSPECIFIED.);
#2194=B_SPLINE_CURVE_WITH_KNOTS('',3,(#10168,#10169,#10170,#10171),
 .UNSPECIFIED.,.F.,.F.,(4,4),(-1.,0.),.UNSPECIFIED.);
#2195=B_SPLINE_CURVE_WITH_KNOTS('',3,(#10182,#10183,#10184,#10185),
 .UNSPECIFIED.,.F.,.F.,(4,4),(0.,1.),.UNSPECIFIED.);
#2196=B_SPLINE_CURVE_WITH_KNOTS('',3,(#10187,#10188,#10189,#10190),
 .UNSPECIFIED.,.F.,.F.,(4,4),(-1.,0.),.UNSPECIFIED.);
#2197=B_SPLINE_CURVE_WITH_KNOTS('',3,(#10213,#10214,#10215,#10216),
 .UNSPECIFIED.,.F.,.F.,(4,4),(0.,1.),.UNSPECIFIED.);
#2198=B_SPLINE_CURVE_WITH_KNOTS('',3,(#10218,#10219,#10220,#10221),
 .UNSPECIFIED.,.F.,.F.,(4,4),(-1.,0.),.UNSPECIFIED.);
#2199=B_SPLINE_CURVE_WITH_KNOTS('',3,(#10232,#10233,#10234,#10235),
 .UNSPECIFIED.,.F.,.F.,(4,4),(0.,1.),.UNSPECIFIED.);
#2200=B_SPLINE_CURVE_WITH_KNOTS('',3,(#10237,#10238,#10239,#10240),
 .UNSPECIFIED.,.F.,.F.,(4,4),(-1.,0.),.UNSPECIFIED.);
#2201=B_SPLINE_CURVE_WITH_KNOTS('',3,(#10251,#10252,#10253,#10254),
 .UNSPECIFIED.,.F.,.F.,(4,4),(0.,1.),.UNSPECIFIED.);
#2202=B_SPLINE_CURVE_WITH_KNOTS('',3,(#10256,#10257,#10258,#10259),
 .UNSPECIFIED.,.F.,.F.,(4,4),(-1.,0.),.UNSPECIFIED.);
#2203=B_SPLINE_CURVE_WITH_KNOTS('',3,(#10270,#10271,#10272,#10273),
 .UNSPECIFIED.,.F.,.F.,(4,4),(0.,1.),.UNSPECIFIED.);
#2204=B_SPLINE_CURVE_WITH_KNOTS('',3,(#10275,#10276,#10277,#10278),
 .UNSPECIFIED.,.F.,.F.,(4,4),(-1.,0.),.UNSPECIFIED.);
#2205=B_SPLINE_CURVE_WITH_KNOTS('',3,(#10289,#10290,#10291,#10292),
 .UNSPECIFIED.,.F.,.F.,(4,4),(0.,1.),.UNSPECIFIED.);
#2206=B_SPLINE_CURVE_WITH_KNOTS('',3,(#10294,#10295,#10296,#10297),
 .UNSPECIFIED.,.F.,.F.,(4,4),(-1.,0.),.UNSPECIFIED.);
#2207=B_SPLINE_CURVE_WITH_KNOTS('',3,(#10308,#10309,#10310,#10311),
 .UNSPECIFIED.,.F.,.F.,(4,4),(0.,1.),.UNSPECIFIED.);
#2208=B_SPLINE_CURVE_WITH_KNOTS('',3,(#10313,#10314,#10315,#10316),
 .UNSPECIFIED.,.F.,.F.,(4,4),(-1.,0.),.UNSPECIFIED.);
#2209=B_SPLINE_CURVE_WITH_KNOTS('',3,(#10327,#10328,#10329,#10330),
 .UNSPECIFIED.,.F.,.F.,(4,4),(0.,1.),.UNSPECIFIED.);
#2210=B_SPLINE_CURVE_WITH_KNOTS('',3,(#10332,#10333,#10334,#10335),
 .UNSPECIFIED.,.F.,.F.,(4,4),(-1.,0.),.UNSPECIFIED.);
#2211=B_SPLINE_CURVE_WITH_KNOTS('',3,(#10346,#10347,#10348,#10349),
 .UNSPECIFIED.,.F.,.F.,(4,4),(0.,1.),.UNSPECIFIED.);
#2212=B_SPLINE_CURVE_WITH_KNOTS('',3,(#10351,#10352,#10353,#10354),
 .UNSPECIFIED.,.F.,.F.,(4,4),(-1.,0.),.UNSPECIFIED.);
#2213=B_SPLINE_CURVE_WITH_KNOTS('',3,(#10365,#10366,#10367,#10368),
 .UNSPECIFIED.,.F.,.F.,(4,4),(0.,1.),.UNSPECIFIED.);
#2214=B_SPLINE_CURVE_WITH_KNOTS('',3,(#10370,#10371,#10372,#10373),
 .UNSPECIFIED.,.F.,.F.,(4,4),(-1.,0.),.UNSPECIFIED.);
#2215=B_SPLINE_CURVE_WITH_KNOTS('',3,(#10396,#10397,#10398,#10399),
 .UNSPECIFIED.,.F.,.F.,(4,4),(0.,1.),.UNSPECIFIED.);
#2216=B_SPLINE_CURVE_WITH_KNOTS('',3,(#10401,#10402,#10403,#10404),
 .UNSPECIFIED.,.F.,.F.,(4,4),(-1.,0.),.UNSPECIFIED.);
#2217=B_SPLINE_CURVE_WITH_KNOTS('',3,(#10415,#10416,#10417,#10418),
 .UNSPECIFIED.,.F.,.F.,(4,4),(0.,1.),.UNSPECIFIED.);
#2218=B_SPLINE_CURVE_WITH_KNOTS('',3,(#10420,#10421,#10422,#10423),
 .UNSPECIFIED.,.F.,.F.,(4,4),(-1.,0.),.UNSPECIFIED.);
#2219=B_SPLINE_CURVE_WITH_KNOTS('',3,(#10434,#10435,#10436,#10437),
 .UNSPECIFIED.,.F.,.F.,(4,4),(0.,1.),.UNSPECIFIED.);
#2220=B_SPLINE_CURVE_WITH_KNOTS('',3,(#10439,#10440,#10441,#10442),
 .UNSPECIFIED.,.F.,.F.,(4,4),(-1.,0.),.UNSPECIFIED.);
#2221=B_SPLINE_CURVE_WITH_KNOTS('',3,(#10465,#10466,#10467,#10468),
 .UNSPECIFIED.,.F.,.F.,(4,4),(0.,1.),.UNSPECIFIED.);
#2222=B_SPLINE_CURVE_WITH_KNOTS('',3,(#10470,#10471,#10472,#10473),
 .UNSPECIFIED.,.F.,.F.,(4,4),(-1.,0.),.UNSPECIFIED.);
#2223=B_SPLINE_CURVE_WITH_KNOTS('',3,(#10484,#10485,#10486,#10487),
 .UNSPECIFIED.,.F.,.F.,(4,4),(0.,1.),.UNSPECIFIED.);
#2224=B_SPLINE_CURVE_WITH_KNOTS('',3,(#10489,#10490,#10491,#10492),
 .UNSPECIFIED.,.F.,.F.,(4,4),(-1.,0.),.UNSPECIFIED.);
#2225=B_SPLINE_CURVE_WITH_KNOTS('',3,(#10503,#10504,#10505,#10506),
 .UNSPECIFIED.,.F.,.F.,(4,4),(0.,1.),.UNSPECIFIED.);
#2226=B_SPLINE_CURVE_WITH_KNOTS('',3,(#10508,#10509,#10510,#10511),
 .UNSPECIFIED.,.F.,.F.,(4,4),(-1.,0.),.UNSPECIFIED.);
#2227=B_SPLINE_CURVE_WITH_KNOTS('',3,(#10522,#10523,#10524,#10525),
 .UNSPECIFIED.,.F.,.F.,(4,4),(0.,1.),.UNSPECIFIED.);
#2228=B_SPLINE_CURVE_WITH_KNOTS('',3,(#10527,#10528,#10529,#10530),
 .UNSPECIFIED.,.F.,.F.,(4,4),(-1.,0.),.UNSPECIFIED.);
#2229=B_SPLINE_CURVE_WITH_KNOTS('',3,(#10541,#10542,#10543,#10544),
 .UNSPECIFIED.,.F.,.F.,(4,4),(0.,1.),.UNSPECIFIED.);
#2230=B_SPLINE_CURVE_WITH_KNOTS('',3,(#10546,#10547,#10548,#10549),
 .UNSPECIFIED.,.F.,.F.,(4,4),(-1.,0.),.UNSPECIFIED.);
#2231=B_SPLINE_CURVE_WITH_KNOTS('',3,(#10560,#10561,#10562,#10563),
 .UNSPECIFIED.,.F.,.F.,(4,4),(0.,1.),.UNSPECIFIED.);
#2232=B_SPLINE_CURVE_WITH_KNOTS('',3,(#10565,#10566,#10567,#10568),
 .UNSPECIFIED.,.F.,.F.,(4,4),(-1.,0.),.UNSPECIFIED.);
#2233=B_SPLINE_CURVE_WITH_KNOTS('',3,(#10579,#10580,#10581,#10582),
 .UNSPECIFIED.,.F.,.F.,(4,4),(0.,1.),.UNSPECIFIED.);
#2234=B_SPLINE_CURVE_WITH_KNOTS('',3,(#10584,#10585,#10586,#10587),
 .UNSPECIFIED.,.F.,.F.,(4,4),(-1.,0.),.UNSPECIFIED.);
#2235=B_SPLINE_CURVE_WITH_KNOTS('',3,(#10598,#10599,#10600,#10601),
 .UNSPECIFIED.,.F.,.F.,(4,4),(0.,1.),.UNSPECIFIED.);
#2236=B_SPLINE_CURVE_WITH_KNOTS('',3,(#10603,#10604,#10605,#10606),
 .UNSPECIFIED.,.F.,.F.,(4,4),(-1.,0.),.UNSPECIFIED.);
#2237=B_SPLINE_CURVE_WITH_KNOTS('',3,(#10617,#10618,#10619,#10620),
 .UNSPECIFIED.,.F.,.F.,(4,4),(0.,1.),.UNSPECIFIED.);
#2238=B_SPLINE_CURVE_WITH_KNOTS('',3,(#10622,#10623,#10624,#10625),
 .UNSPECIFIED.,.F.,.F.,(4,4),(-1.,0.),.UNSPECIFIED.);
#2239=B_SPLINE_CURVE_WITH_KNOTS('',3,(#10636,#10637,#10638,#10639),
 .UNSPECIFIED.,.F.,.F.,(4,4),(0.,1.),.UNSPECIFIED.);
#2240=B_SPLINE_CURVE_WITH_KNOTS('',3,(#10641,#10642,#10643,#10644),
 .UNSPECIFIED.,.F.,.F.,(4,4),(-1.,0.),.UNSPECIFIED.);
#2241=B_SPLINE_CURVE_WITH_KNOTS('',3,(#10655,#10656,#10657,#10658),
 .UNSPECIFIED.,.F.,.F.,(4,4),(0.,1.),.UNSPECIFIED.);
#2242=B_SPLINE_CURVE_WITH_KNOTS('',3,(#10660,#10661,#10662,#10663),
 .UNSPECIFIED.,.F.,.F.,(4,4),(-1.,0.),.UNSPECIFIED.);
#2243=B_SPLINE_CURVE_WITH_KNOTS('',3,(#10674,#10675,#10676,#10677),
 .UNSPECIFIED.,.F.,.F.,(4,4),(0.,1.),.UNSPECIFIED.);
#2244=B_SPLINE_CURVE_WITH_KNOTS('',3,(#10679,#10680,#10681,#10682),
 .UNSPECIFIED.,.F.,.F.,(4,4),(-1.,0.),.UNSPECIFIED.);
#2245=B_SPLINE_CURVE_WITH_KNOTS('',3,(#10693,#10694,#10695,#10696),
 .UNSPECIFIED.,.F.,.F.,(4,4),(0.,1.),.UNSPECIFIED.);
#2246=B_SPLINE_CURVE_WITH_KNOTS('',3,(#10698,#10699,#10700,#10701),
 .UNSPECIFIED.,.F.,.F.,(4,4),(-1.,0.),.UNSPECIFIED.);
#2247=B_SPLINE_CURVE_WITH_KNOTS('',3,(#10712,#10713,#10714,#10715),
 .UNSPECIFIED.,.F.,.F.,(4,4),(0.,1.),.UNSPECIFIED.);
#2248=B_SPLINE_CURVE_WITH_KNOTS('',3,(#10717,#10718,#10719,#10720),
 .UNSPECIFIED.,.F.,.F.,(4,4),(-1.,0.),.UNSPECIFIED.);
#2249=B_SPLINE_CURVE_WITH_KNOTS('',3,(#10731,#10732,#10733,#10734),
 .UNSPECIFIED.,.F.,.F.,(4,4),(0.,1.),.UNSPECIFIED.);
#2250=B_SPLINE_CURVE_WITH_KNOTS('',3,(#10736,#10737,#10738,#10739),
 .UNSPECIFIED.,.F.,.F.,(4,4),(-1.,0.),.UNSPECIFIED.);
#2251=B_SPLINE_CURVE_WITH_KNOTS('',3,(#10750,#10751,#10752,#10753),
 .UNSPECIFIED.,.F.,.F.,(4,4),(0.,1.),.UNSPECIFIED.);
#2252=B_SPLINE_CURVE_WITH_KNOTS('',3,(#10755,#10756,#10757,#10758),
 .UNSPECIFIED.,.F.,.F.,(4,4),(-1.,0.),.UNSPECIFIED.);
#2253=B_SPLINE_CURVE_WITH_KNOTS('',3,(#10769,#10770,#10771,#10772),
 .UNSPECIFIED.,.F.,.F.,(4,4),(0.,1.),.UNSPECIFIED.);
#2254=B_SPLINE_CURVE_WITH_KNOTS('',3,(#10774,#10775,#10776,#10777),
 .UNSPECIFIED.,.F.,.F.,(4,4),(-1.,0.),.UNSPECIFIED.);
#2255=B_SPLINE_CURVE_WITH_KNOTS('',3,(#10788,#10789,#10790,#10791),
 .UNSPECIFIED.,.F.,.F.,(4,4),(0.,1.),.UNSPECIFIED.);
#2256=B_SPLINE_CURVE_WITH_KNOTS('',3,(#10793,#10794,#10795,#10796),
 .UNSPECIFIED.,.F.,.F.,(4,4),(-1.,0.),.UNSPECIFIED.);
#2257=B_SPLINE_CURVE_WITH_KNOTS('',3,(#10807,#10808,#10809,#10810),
 .UNSPECIFIED.,.F.,.F.,(4,4),(0.,1.),.UNSPECIFIED.);
#2258=B_SPLINE_CURVE_WITH_KNOTS('',3,(#10812,#10813,#10814,#10815),
 .UNSPECIFIED.,.F.,.F.,(4,4),(-1.,0.),.UNSPECIFIED.);
#2259=B_SPLINE_CURVE_WITH_KNOTS('',3,(#10826,#10827,#10828,#10829),
 .UNSPECIFIED.,.F.,.F.,(4,4),(0.,1.),.UNSPECIFIED.);
#2260=B_SPLINE_CURVE_WITH_KNOTS('',3,(#10831,#10832,#10833,#10834),
 .UNSPECIFIED.,.F.,.F.,(4,4),(-1.,0.),.UNSPECIFIED.);
#2261=B_SPLINE_CURVE_WITH_KNOTS('',3,(#10844,#10845,#10846,#10847),
 .UNSPECIFIED.,.F.,.F.,(4,4),(0.,1.),.UNSPECIFIED.);
#2262=B_SPLINE_CURVE_WITH_KNOTS('',3,(#10848,#10849,#10850,#10851),
 .UNSPECIFIED.,.F.,.F.,(4,4),(-1.,0.),.UNSPECIFIED.);
#2263=B_SPLINE_CURVE_WITH_KNOTS('',3,(#10864,#10865,#10866,#10867),
 .UNSPECIFIED.,.F.,.F.,(4,4),(0.,1.),.UNSPECIFIED.);
#2264=B_SPLINE_CURVE_WITH_KNOTS('',3,(#10871,#10872,#10873,#10874),
 .UNSPECIFIED.,.F.,.F.,(4,4),(-1.,0.),.UNSPECIFIED.);
#2265=B_SPLINE_CURVE_WITH_KNOTS('',3,(#10885,#10886,#10887,#10888),
 .UNSPECIFIED.,.F.,.F.,(4,4),(0.,1.),.UNSPECIFIED.);
#2266=B_SPLINE_CURVE_WITH_KNOTS('',3,(#10890,#10891,#10892,#10893),
 .UNSPECIFIED.,.F.,.F.,(4,4),(-1.,0.),.UNSPECIFIED.);
#2267=B_SPLINE_CURVE_WITH_KNOTS('',3,(#10904,#10905,#10906,#10907),
 .UNSPECIFIED.,.F.,.F.,(4,4),(0.,1.),.UNSPECIFIED.);
#2268=B_SPLINE_CURVE_WITH_KNOTS('',3,(#10909,#10910,#10911,#10912),
 .UNSPECIFIED.,.F.,.F.,(4,4),(-1.,0.),.UNSPECIFIED.);
#2269=B_SPLINE_CURVE_WITH_KNOTS('',3,(#10935,#10936,#10937,#10938),
 .UNSPECIFIED.,.F.,.F.,(4,4),(0.,1.),.UNSPECIFIED.);
#2270=B_SPLINE_CURVE_WITH_KNOTS('',3,(#10940,#10941,#10942,#10943),
 .UNSPECIFIED.,.F.,.F.,(4,4),(-1.,0.),.UNSPECIFIED.);
#2271=B_SPLINE_CURVE_WITH_KNOTS('',3,(#10954,#10955,#10956,#10957),
 .UNSPECIFIED.,.F.,.F.,(4,4),(0.,1.),.UNSPECIFIED.);
#2272=B_SPLINE_CURVE_WITH_KNOTS('',3,(#10959,#10960,#10961,#10962),
 .UNSPECIFIED.,.F.,.F.,(4,4),(-1.,0.),.UNSPECIFIED.);
#2273=B_SPLINE_CURVE_WITH_KNOTS('',3,(#10973,#10974,#10975,#10976),
 .UNSPECIFIED.,.F.,.F.,(4,4),(0.,1.),.UNSPECIFIED.);
#2274=B_SPLINE_CURVE_WITH_KNOTS('',3,(#10978,#10979,#10980,#10981),
 .UNSPECIFIED.,.F.,.F.,(4,4),(-1.,0.),.UNSPECIFIED.);
#2275=B_SPLINE_CURVE_WITH_KNOTS('',3,(#10992,#10993,#10994,#10995),
 .UNSPECIFIED.,.F.,.F.,(4,4),(0.,1.),.UNSPECIFIED.);
#2276=B_SPLINE_CURVE_WITH_KNOTS('',3,(#10997,#10998,#10999,#11000),
 .UNSPECIFIED.,.F.,.F.,(4,4),(-1.,0.),.UNSPECIFIED.);
#2277=B_SPLINE_CURVE_WITH_KNOTS('',3,(#11011,#11012,#11013,#11014),
 .UNSPECIFIED.,.F.,.F.,(4,4),(0.,1.),.UNSPECIFIED.);
#2278=B_SPLINE_CURVE_WITH_KNOTS('',3,(#11016,#11017,#11018,#11019),
 .UNSPECIFIED.,.F.,.F.,(4,4),(-1.,0.),.UNSPECIFIED.);
#2279=B_SPLINE_CURVE_WITH_KNOTS('',3,(#11029,#11030,#11031,#11032),
 .UNSPECIFIED.,.F.,.F.,(4,4),(0.,1.),.UNSPECIFIED.);
#2280=B_SPLINE_CURVE_WITH_KNOTS('',3,(#11033,#11034,#11035,#11036),
 .UNSPECIFIED.,.F.,.F.,(4,4),(-1.,0.),.UNSPECIFIED.);
#2281=B_SPLINE_CURVE_WITH_KNOTS('',3,(#11370,#11371,#11372,#11373),
 .UNSPECIFIED.,.F.,.F.,(4,4),(0.,0.0345774690281149),.UNSPECIFIED.);
#2282=B_SPLINE_CURVE_WITH_KNOTS('',3,(#11379,#11380,#11381,#11382),
 .UNSPECIFIED.,.F.,.F.,(4,4),(-0.0345774690281152,0.),.UNSPECIFIED.);
#2283=VERTEX_POINT('',#7422);
#2284=VERTEX_POINT('',#7423);
#2285=VERTEX_POINT('',#7428);
#2286=VERTEX_POINT('',#7430);
#2287=VERTEX_POINT('',#7444);
#2288=VERTEX_POINT('',#7449);
#2289=VERTEX_POINT('',#7463);
#2290=VERTEX_POINT('',#7468);
#2291=VERTEX_POINT('',#7482);
#2292=VERTEX_POINT('',#7487);
#2293=VERTEX_POINT('',#7501);
#2294=VERTEX_POINT('',#7506);
#2295=VERTEX_POINT('',#7520);
#2296=VERTEX_POINT('',#7525);
#2297=VERTEX_POINT('',#7539);
#2298=VERTEX_POINT('',#7544);
#2299=VERTEX_POINT('',#7558);
#2300=VERTEX_POINT('',#7563);
#2301=VERTEX_POINT('',#7577);
#2302=VERTEX_POINT('',#7582);
#2303=VERTEX_POINT('',#7596);
#2304=VERTEX_POINT('',#7601);
#2305=VERTEX_POINT('',#7615);
#2306=VERTEX_POINT('',#7620);
#2307=VERTEX_POINT('',#7652);
#2308=VERTEX_POINT('',#7653);
#2309=VERTEX_POINT('',#7658);
#2310=VERTEX_POINT('',#7660);
#2311=VERTEX_POINT('',#7674);
#2312=VERTEX_POINT('',#7679);
#2313=VERTEX_POINT('',#7693);
#2314=VERTEX_POINT('',#7698);
#2315=VERTEX_POINT('',#7712);
#2316=VERTEX_POINT('',#7717);
#2317=VERTEX_POINT('',#7731);
#2318=VERTEX_POINT('',#7736);
#2319=VERTEX_POINT('',#7750);
#2320=VERTEX_POINT('',#7755);
#2321=VERTEX_POINT('',#7769);
#2322=VERTEX_POINT('',#7774);
#2323=VERTEX_POINT('',#7806);
#2324=VERTEX_POINT('',#7807);
#2325=VERTEX_POINT('',#7812);
#2326=VERTEX_POINT('',#7814);
#2327=VERTEX_POINT('',#7828);
#2328=VERTEX_POINT('',#7833);
#2329=VERTEX_POINT('',#7847);
#2330=VERTEX_POINT('',#7852);
#2331=VERTEX_POINT('',#7866);
#2332=VERTEX_POINT('',#7871);
#2333=VERTEX_POINT('',#7878);
#2334=VERTEX_POINT('',#7880);
#2335=VERTEX_POINT('',#7894);
#2336=VERTEX_POINT('',#7895);
#2337=VERTEX_POINT('',#7900);
#2338=VERTEX_POINT('',#7902);
#2339=VERTEX_POINT('',#7916);
#2340=VERTEX_POINT('',#7921);
#2341=VERTEX_POINT('',#7928);
#2342=VERTEX_POINT('',#7930);
#2343=VERTEX_POINT('',#7934);
#2344=VERTEX_POINT('',#7936);
#2345=VERTEX_POINT('',#7963);
#2346=VERTEX_POINT('',#7964);
#2347=VERTEX_POINT('',#7969);
#2348=VERTEX_POINT('',#7971);
#2349=VERTEX_POINT('',#7985);
#2350=VERTEX_POINT('',#7990);
#2351=VERTEX_POINT('',#8020);
#2352=VERTEX_POINT('',#8021);
#2353=VERTEX_POINT('',#8026);
#2354=VERTEX_POINT('',#8028);
#2355=VERTEX_POINT('',#8042);
#2356=VERTEX_POINT('',#8047);
#2357=VERTEX_POINT('',#8061);
#2358=VERTEX_POINT('',#8066);
#2359=VERTEX_POINT('',#8096);
#2360=VERTEX_POINT('',#8097);
#2361=VERTEX_POINT('',#8102);
#2362=VERTEX_POINT('',#8104);
#2363=VERTEX_POINT('',#8118);
#2364=VERTEX_POINT('',#8123);
#2365=VERTEX_POINT('',#8153);
#2366=VERTEX_POINT('',#8154);
#2367=VERTEX_POINT('',#8159);
#2368=VERTEX_POINT('',#8161);
#2369=VERTEX_POINT('',#8175);
#2370=VERTEX_POINT('',#8180);
#2371=VERTEX_POINT('',#8194);
#2372=VERTEX_POINT('',#8199);
#2373=VERTEX_POINT('',#8229);
#2374=VERTEX_POINT('',#8230);
#2375=VERTEX_POINT('',#8235);
#2376=VERTEX_POINT('',#8237);
#2377=VERTEX_POINT('',#8244);
#2378=VERTEX_POINT('',#8246);
#2379=VERTEX_POINT('',#8250);
#2380=VERTEX_POINT('',#8252);
#2381=VERTEX_POINT('',#8263);
#2382=VERTEX_POINT('',#8268);
#2383=VERTEX_POINT('',#8282);
#2384=VERTEX_POINT('',#8287);
#2385=VERTEX_POINT('',#8317);
#2386=VERTEX_POINT('',#8318);
#2387=VERTEX_POINT('',#8323);
#2388=VERTEX_POINT('',#8325);
#2389=VERTEX_POINT('',#8339);
#2390=VERTEX_POINT('',#8344);
#2391=VERTEX_POINT('',#8358);
#2392=VERTEX_POINT('',#8363);
#2393=VERTEX_POINT('',#8370);
#2394=VERTEX_POINT('',#8372);
#2395=VERTEX_POINT('',#8376);
#2396=VERTEX_POINT('',#8378);
#2397=VERTEX_POINT('',#8389);
#2398=VERTEX_POINT('',#8394);
#2399=VERTEX_POINT('',#8408);
#2400=VERTEX_POINT('',#8413);
#2401=VERTEX_POINT('',#8427);
#2402=VERTEX_POINT('',#8432);
#2403=VERTEX_POINT('',#8446);
#2404=VERTEX_POINT('',#8451);
#2405=VERTEX_POINT('',#8465);
#2406=VERTEX_POINT('',#8470);
#2407=VERTEX_POINT('',#8484);
#2408=VERTEX_POINT('',#8489);
#2409=VERTEX_POINT('',#8503);
#2410=VERTEX_POINT('',#8508);
#2411=VERTEX_POINT('',#8522);
#2412=VERTEX_POINT('',#8527);
#2413=VERTEX_POINT('',#8541);
#2414=VERTEX_POINT('',#8546);
#2415=VERTEX_POINT('',#8553);
#2416=VERTEX_POINT('',#8555);
#2417=VERTEX_POINT('',#8559);
#2418=VERTEX_POINT('',#8561);
#2419=VERTEX_POINT('',#8572);
#2420=VERTEX_POINT('',#8577);
#2421=VERTEX_POINT('',#8591);
#2422=VERTEX_POINT('',#8596);
#2423=VERTEX_POINT('',#8610);
#2424=VERTEX_POINT('',#8615);
#2425=VERTEX_POINT('',#8629);
#2426=VERTEX_POINT('',#8634);
#2427=VERTEX_POINT('',#8648);
#2428=VERTEX_POINT('',#8653);
#2429=VERTEX_POINT('',#8667);
#2430=VERTEX_POINT('',#8672);
#2431=VERTEX_POINT('',#8686);
#2432=VERTEX_POINT('',#8691);
#2433=VERTEX_POINT('',#8705);
#2434=VERTEX_POINT('',#8710);
#2435=VERTEX_POINT('',#8724);
#2436=VERTEX_POINT('',#8729);
#2437=VERTEX_POINT('',#8743);
#2438=VERTEX_POINT('',#8748);
#2439=VERTEX_POINT('',#8762);
#2440=VERTEX_POINT('',#8767);
#2441=VERTEX_POINT('',#8781);
#2442=VERTEX_POINT('',#8786);
#2443=VERTEX_POINT('',#8800);
#2444=VERTEX_POINT('',#8805);
#2445=VERTEX_POINT('',#8819);
#2446=VERTEX_POINT('',#8824);
#2447=VERTEX_POINT('',#8838);
#2448=VERTEX_POINT('',#8843);
#2449=VERTEX_POINT('',#8857);
#2450=VERTEX_POINT('',#8862);
#2451=VERTEX_POINT('',#8876);
#2452=VERTEX_POINT('',#8881);
#2453=VERTEX_POINT('',#8895);
#2454=VERTEX_POINT('',#8900);
#2455=VERTEX_POINT('',#8914);
#2456=VERTEX_POINT('',#8919);
#2457=VERTEX_POINT('',#8933);
#2458=VERTEX_POINT('',#8938);
#2459=VERTEX_POINT('',#8952);
#2460=VERTEX_POINT('',#8957);
#2461=VERTEX_POINT('',#8971);
#2462=VERTEX_POINT('',#8976);
#2463=VERTEX_POINT('',#8990);
#2464=VERTEX_POINT('',#8995);
#2465=VERTEX_POINT('',#9009);
#2466=VERTEX_POINT('',#9014);
#2467=VERTEX_POINT('',#9028);
#2468=VERTEX_POINT('',#9033);
#2469=VERTEX_POINT('',#9047);
#2470=VERTEX_POINT('',#9052);
#2471=VERTEX_POINT('',#9066);
#2472=VERTEX_POINT('',#9071);
#2473=VERTEX_POINT('',#9085);
#2474=VERTEX_POINT('',#9090);
#2475=VERTEX_POINT('',#9104);
#2476=VERTEX_POINT('',#9109);
#2477=VERTEX_POINT('',#9123);
#2478=VERTEX_POINT('',#9128);
#2479=VERTEX_POINT('',#9142);
#2480=VERTEX_POINT('',#9147);
#2481=VERTEX_POINT('',#9161);
#2482=VERTEX_POINT('',#9166);
#2483=VERTEX_POINT('',#9180);
#2484=VERTEX_POINT('',#9185);
#2485=VERTEX_POINT('',#9199);
#2486=VERTEX_POINT('',#9204);
#2487=VERTEX_POINT('',#9218);
#2488=VERTEX_POINT('',#9223);
#2489=VERTEX_POINT('',#9237);
#2490=VERTEX_POINT('',#9242);
#2491=VERTEX_POINT('',#9256);
#2492=VERTEX_POINT('',#9261);
#2493=VERTEX_POINT('',#9275);
#2494=VERTEX_POINT('',#9280);
#2495=VERTEX_POINT('',#9294);
#2496=VERTEX_POINT('',#9299);
#2497=VERTEX_POINT('',#9313);
#2498=VERTEX_POINT('',#9318);
#2499=VERTEX_POINT('',#9332);
#2500=VERTEX_POINT('',#9337);
#2501=VERTEX_POINT('',#9351);
#2502=VERTEX_POINT('',#9356);
#2503=VERTEX_POINT('',#9370);
#2504=VERTEX_POINT('',#9375);
#2505=VERTEX_POINT('',#9389);
#2506=VERTEX_POINT('',#9394);
#2507=VERTEX_POINT('',#9408);
#2508=VERTEX_POINT('',#9413);
#2509=VERTEX_POINT('',#9427);
#2510=VERTEX_POINT('',#9432);
#2511=VERTEX_POINT('',#9446);
#2512=VERTEX_POINT('',#9451);
#2513=VERTEX_POINT('',#9465);
#2514=VERTEX_POINT('',#9470);
#2515=VERTEX_POINT('',#9484);
#2516=VERTEX_POINT('',#9489);
#2517=VERTEX_POINT('',#9503);
#2518=VERTEX_POINT('',#9508);
#2519=VERTEX_POINT('',#9522);
#2520=VERTEX_POINT('',#9527);
#2521=VERTEX_POINT('',#9541);
#2522=VERTEX_POINT('',#9546);
#2523=VERTEX_POINT('',#9560);
#2524=VERTEX_POINT('',#9565);
#2525=VERTEX_POINT('',#9579);
#2526=VERTEX_POINT('',#9584);
#2527=VERTEX_POINT('',#9598);
#2528=VERTEX_POINT('',#9603);
#2529=VERTEX_POINT('',#9617);
#2530=VERTEX_POINT('',#9622);
#2531=VERTEX_POINT('',#9636);
#2532=VERTEX_POINT('',#9641);
#2533=VERTEX_POINT('',#9655);
#2534=VERTEX_POINT('',#9660);
#2535=VERTEX_POINT('',#9674);
#2536=VERTEX_POINT('',#9679);
#2537=VERTEX_POINT('',#9693);
#2538=VERTEX_POINT('',#9698);
#2539=VERTEX_POINT('',#9712);
#2540=VERTEX_POINT('',#9717);
#2541=VERTEX_POINT('',#9731);
#2542=VERTEX_POINT('',#9736);
#2543=VERTEX_POINT('',#9750);
#2544=VERTEX_POINT('',#9755);
#2545=VERTEX_POINT('',#9769);
#2546=VERTEX_POINT('',#9774);
#2547=VERTEX_POINT('',#9788);
#2548=VERTEX_POINT('',#9793);
#2549=VERTEX_POINT('',#9807);
#2550=VERTEX_POINT('',#9812);
#2551=VERTEX_POINT('',#9826);
#2552=VERTEX_POINT('',#9831);
#2553=VERTEX_POINT('',#9845);
#2554=VERTEX_POINT('',#9847);
#2555=VERTEX_POINT('',#9858);
#2556=VERTEX_POINT('',#9863);
#2557=VERTEX_POINT('',#9877);
#2558=VERTEX_POINT('',#9882);
#2559=VERTEX_POINT('',#9896);
#2560=VERTEX_POINT('',#9901);
#2561=VERTEX_POINT('',#9915);
#2562=VERTEX_POINT('',#9920);
#2563=VERTEX_POINT('',#9934);
#2564=VERTEX_POINT('',#9939);
#2565=VERTEX_POINT('',#9953);
#2566=VERTEX_POINT('',#9958);
#2567=VERTEX_POINT('',#9972);
#2568=VERTEX_POINT('',#9977);
#2569=VERTEX_POINT('',#9991);
#2570=VERTEX_POINT('',#9996);
#2571=VERTEX_POINT('',#10010);
#2572=VERTEX_POINT('',#10015);
#2573=VERTEX_POINT('',#10029);
#2574=VERTEX_POINT('',#10034);
#2575=VERTEX_POINT('',#10048);
#2576=VERTEX_POINT('',#10053);
#2577=VERTEX_POINT('',#10067);
#2578=VERTEX_POINT('',#10072);
#2579=VERTEX_POINT('',#10086);
#2580=VERTEX_POINT('',#10091);
#2581=VERTEX_POINT('',#10105);
#2582=VERTEX_POINT('',#10110);
#2583=VERTEX_POINT('',#10124);
#2584=VERTEX_POINT('',#10129);
#2585=VERTEX_POINT('',#10143);
#2586=VERTEX_POINT('',#10148);
#2587=VERTEX_POINT('',#10162);
#2588=VERTEX_POINT('',#10167);
#2589=VERTEX_POINT('',#10181);
#2590=VERTEX_POINT('',#10186);
#2591=VERTEX_POINT('',#10193);
#2592=VERTEX_POINT('',#10195);
#2593=VERTEX_POINT('',#10199);
#2594=VERTEX_POINT('',#10201);
#2595=VERTEX_POINT('',#10212);
#2596=VERTEX_POINT('',#10217);
#2597=VERTEX_POINT('',#10231);
#2598=VERTEX_POINT('',#10236);
#2599=VERTEX_POINT('',#10250);
#2600=VERTEX_POINT('',#10255);
#2601=VERTEX_POINT('',#10269);
#2602=VERTEX_POINT('',#10274);
#2603=VERTEX_POINT('',#10288);
#2604=VERTEX_POINT('',#10293);
#2605=VERTEX_POINT('',#10307);
#2606=VERTEX_POINT('',#10312);
#2607=VERTEX_POINT('',#10326);
#2608=VERTEX_POINT('',#10331);
#2609=VERTEX_POINT('',#10345);
#2610=VERTEX_POINT('',#10350);
#2611=VERTEX_POINT('',#10364);
#2612=VERTEX_POINT('',#10369);
#2613=VERTEX_POINT('',#10376);
#2614=VERTEX_POINT('',#10378);
#2615=VERTEX_POINT('',#10382);
#2616=VERTEX_POINT('',#10384);
#2617=VERTEX_POINT('',#10395);
#2618=VERTEX_POINT('',#10400);
#2619=VERTEX_POINT('',#10414);
#2620=VERTEX_POINT('',#10419);
#2621=VERTEX_POINT('',#10433);
#2622=VERTEX_POINT('',#10438);
#2623=VERTEX_POINT('',#10445);
#2624=VERTEX_POINT('',#10447);
#2625=VERTEX_POINT('',#10451);
#2626=VERTEX_POINT('',#10453);
#2627=VERTEX_POINT('',#10464);
#2628=VERTEX_POINT('',#10469);
#2629=VERTEX_POINT('',#10483);
#2630=VERTEX_POINT('',#10488);
#2631=VERTEX_POINT('',#10502);
#2632=VERTEX_POINT('',#10507);
#2633=VERTEX_POINT('',#10521);
#2634=VERTEX_POINT('',#10526);
#2635=VERTEX_POINT('',#10540);
#2636=VERTEX_POINT('',#10545);
#2637=VERTEX_POINT('',#10559);
#2638=VERTEX_POINT('',#10564);
#2639=VERTEX_POINT('',#10578);
#2640=VERTEX_POINT('',#10583);
#2641=VERTEX_POINT('',#10597);
#2642=VERTEX_POINT('',#10602);
#2643=VERTEX_POINT('',#10616);
#2644=VERTEX_POINT('',#10621);
#2645=VERTEX_POINT('',#10635);
#2646=VERTEX_POINT('',#10640);
#2647=VERTEX_POINT('',#10654);
#2648=VERTEX_POINT('',#10659);
#2649=VERTEX_POINT('',#10673);
#2650=VERTEX_POINT('',#10678);
#2651=VERTEX_POINT('',#10692);
#2652=VERTEX_POINT('',#10697);
#2653=VERTEX_POINT('',#10711);
#2654=VERTEX_POINT('',#10716);
#2655=VERTEX_POINT('',#10730);
#2656=VERTEX_POINT('',#10735);
#2657=VERTEX_POINT('',#10749);
#2658=VERTEX_POINT('',#10754);
#2659=VERTEX_POINT('',#10768);
#2660=VERTEX_POINT('',#10773);
#2661=VERTEX_POINT('',#10787);
#2662=VERTEX_POINT('',#10792);
#2663=VERTEX_POINT('',#10806);
#2664=VERTEX_POINT('',#10811);
#2665=VERTEX_POINT('',#10825);
#2666=VERTEX_POINT('',#10830);
#2667=VERTEX_POINT('',#10862);
#2668=VERTEX_POINT('',#10863);
#2669=VERTEX_POINT('',#10868);
#2670=VERTEX_POINT('',#10870);
#2671=VERTEX_POINT('',#10884);
#2672=VERTEX_POINT('',#10889);
#2673=VERTEX_POINT('',#10903);
#2674=VERTEX_POINT('',#10908);
#2675=VERTEX_POINT('',#10915);
#2676=VERTEX_POINT('',#10917);
#2677=VERTEX_POINT('',#10921);
#2678=VERTEX_POINT('',#10923);
#2679=VERTEX_POINT('',#10934);
#2680=VERTEX_POINT('',#10939);
#2681=VERTEX_POINT('',#10953);
#2682=VERTEX_POINT('',#10958);
#2683=VERTEX_POINT('',#10972);
#2684=VERTEX_POINT('',#10977);
#2685=VERTEX_POINT('',#10991);
#2686=VERTEX_POINT('',#10996);
#2687=VERTEX_POINT('',#11010);
#2688=VERTEX_POINT('',#11015);
#2689=VERTEX_POINT('',#11040);
#2690=VERTEX_POINT('',#11041);
#2691=VERTEX_POINT('',#11043);
#2692=VERTEX_POINT('',#11045);
#2693=VERTEX_POINT('',#11049);
#2694=VERTEX_POINT('',#11051);
#2695=VERTEX_POINT('',#11053);
#2696=VERTEX_POINT('',#11055);
#2697=VERTEX_POINT('',#11059);
#2698=VERTEX_POINT('',#11063);
#2699=VERTEX_POINT('',#11065);
#2700=VERTEX_POINT('',#11069);
#2701=VERTEX_POINT('',#11074);
#2702=VERTEX_POINT('',#11076);
#2703=VERTEX_POINT('',#11080);
#2704=VERTEX_POINT('',#11081);
#2705=VERTEX_POINT('',#11083);
#2706=VERTEX_POINT('',#11085);
#2707=VERTEX_POINT('',#11087);
#2708=VERTEX_POINT('',#11089);
#2709=VERTEX_POINT('',#11093);
#2710=VERTEX_POINT('',#11095);
#2711=VERTEX_POINT('',#11099);
#2712=VERTEX_POINT('',#11100);
#2713=VERTEX_POINT('',#11102);
#2714=VERTEX_POINT('',#11104);
#2715=VERTEX_POINT('',#11110);
#2716=VERTEX_POINT('',#11112);
#2717=VERTEX_POINT('',#11116);
#2718=VERTEX_POINT('',#11117);
#2719=VERTEX_POINT('',#11119);
#2720=VERTEX_POINT('',#11121);
#2721=VERTEX_POINT('',#11123);
#2722=VERTEX_POINT('',#11125);
#2723=VERTEX_POINT('',#11129);
#2724=VERTEX_POINT('',#11131);
#2725=VERTEX_POINT('',#11135);
#2726=VERTEX_POINT('',#11136);
#2727=VERTEX_POINT('',#11138);
#2728=VERTEX_POINT('',#11140);
#2729=VERTEX_POINT('',#11146);
#2730=VERTEX_POINT('',#11148);
#2731=VERTEX_POINT('',#11152);
#2732=VERTEX_POINT('',#11153);
#2733=VERTEX_POINT('',#11155);
#2734=VERTEX_POINT('',#11157);
#2735=VERTEX_POINT('',#11161);
#2736=VERTEX_POINT('',#11163);
#2737=VERTEX_POINT('',#11165);
#2738=VERTEX_POINT('',#11167);
#2739=VERTEX_POINT('',#11171);
#2740=VERTEX_POINT('',#11175);
#2741=VERTEX_POINT('',#11177);
#2742=VERTEX_POINT('',#11181);
#2743=VERTEX_POINT('',#11186);
#2744=VERTEX_POINT('',#11188);
#2745=VERTEX_POINT('',#11192);
#2746=VERTEX_POINT('',#11193);
#2747=VERTEX_POINT('',#11195);
#2748=VERTEX_POINT('',#11197);
#2749=VERTEX_POINT('',#11201);
#2750=VERTEX_POINT('',#11202);
#2751=VERTEX_POINT('',#11207);
#2752=VERTEX_POINT('',#11208);
#2753=VERTEX_POINT('',#11213);
#2754=VERTEX_POINT('',#11214);
#2755=VERTEX_POINT('',#11219);
#2756=VERTEX_POINT('',#11220);
#2757=VERTEX_POINT('',#11225);
#2758=VERTEX_POINT('',#11226);
#2759=VERTEX_POINT('',#11231);
#2760=VERTEX_POINT('',#11232);
#2761=VERTEX_POINT('',#11254);
#2762=VERTEX_POINT('',#11256);
#2763=VERTEX_POINT('',#11260);
#2764=VERTEX_POINT('',#11265);
#2765=VERTEX_POINT('',#11270);
#2766=VERTEX_POINT('',#11274);
#2767=VERTEX_POINT('',#11278);
#2768=VERTEX_POINT('',#11283);
#2769=VERTEX_POINT('',#11290);
#2770=VERTEX_POINT('',#11292);
#2771=VERTEX_POINT('',#11296);
#2772=VERTEX_POINT('',#11300);
#2773=VERTEX_POINT('',#11304);
#2774=VERTEX_POINT('',#11307);
#2775=VERTEX_POINT('',#11308);
#2776=VERTEX_POINT('',#11310);
#2777=VERTEX_POINT('',#11312);
#2778=VERTEX_POINT('',#11315);
#2779=VERTEX_POINT('',#11316);
#2780=VERTEX_POINT('',#11318);
#2781=VERTEX_POINT('',#11320);
#2782=VERTEX_POINT('',#11323);
#2783=VERTEX_POINT('',#11324);
#2784=VERTEX_POINT('',#11326);
#2785=VERTEX_POINT('',#11328);
#2786=VERTEX_POINT('',#11332);
#2787=VERTEX_POINT('',#11334);
#2788=VERTEX_POINT('',#11338);
#2789=VERTEX_POINT('',#11342);
#2790=VERTEX_POINT('',#11343);
#2791=VERTEX_POINT('',#11348);
#2792=VERTEX_POINT('',#11352);
#2793=VERTEX_POINT('',#11354);
#2794=VERTEX_POINT('',#11358);
#2795=VERTEX_POINT('',#11362);
#2796=VERTEX_POINT('',#11363);
#2797=VERTEX_POINT('',#11368);
#2798=VERTEX_POINT('',#11369);
#2799=VERTEX_POINT('',#11376);
#2800=VERTEX_POINT('',#11378);
#2801=VERTEX_POINT('',#11385);
#2802=VERTEX_POINT('',#11387);
#2803=VERTEX_POINT('',#11392);
#2804=VERTEX_POINT('',#11394);
#2805=VERTEX_POINT('',#11398);
#2806=VERTEX_POINT('',#11402);
#2807=VERTEX_POINT('',#11404);
#2808=VERTEX_POINT('',#11408);
#2809=VERTEX_POINT('',#11410);
#2810=VERTEX_POINT('',#11414);
#2811=VERTEX_POINT('',#11415);
#2812=VERTEX_POINT('',#11417);
#2813=VERTEX_POINT('',#11419);
#2814=VERTEX_POINT('',#11423);
#2815=VERTEX_POINT('',#11425);
#2816=VERTEX_POINT('',#11429);
#2817=VERTEX_POINT('',#11431);
#2818=VERTEX_POINT('',#11438);
#2819=VERTEX_POINT('',#11439);
#2820=VERTEX_POINT('',#11441);
#2821=VERTEX_POINT('',#11443);
#2822=VERTEX_POINT('',#11447);
#2823=VERTEX_POINT('',#11449);
#2824=VERTEX_POINT('',#11453);
#2825=VERTEX_POINT('',#11455);
#2826=VERTEX_POINT('',#11462);
#2827=VERTEX_POINT('',#11463);
#2828=VERTEX_POINT('',#11465);
#2829=VERTEX_POINT('',#11467);
#2830=VERTEX_POINT('',#11471);
#2831=VERTEX_POINT('',#11473);
#2832=VERTEX_POINT('',#11477);
#2833=VERTEX_POINT('',#11479);
#2834=VERTEX_POINT('',#11486);
#2835=VERTEX_POINT('',#11492);
#2836=VERTEX_POINT('',#11493);
#2837=VERTEX_POINT('',#11495);
#2838=VERTEX_POINT('',#11497);
#2839=VERTEX_POINT('',#11501);
#2840=VERTEX_POINT('',#11503);
#2841=VERTEX_POINT('',#11510);
#2842=VERTEX_POINT('',#11512);
#2843=VERTEX_POINT('',#11517);
#2844=VERTEX_POINT('',#11527);
#2845=VERTEX_POINT('',#11529);
#2846=VERTEX_POINT('',#11533);
#2847=VERTEX_POINT('',#11541);
#2848=VERTEX_POINT('',#11543);
#2849=VERTEX_POINT('',#11547);
#2850=VERTEX_POINT('',#11557);
#2851=VERTEX_POINT('',#11559);
#2852=VERTEX_POINT('',#11563);
#2853=VERTEX_POINT('',#11571);
#2854=VERTEX_POINT('',#11573);
#2855=VERTEX_POINT('',#11577);
#2856=VERTEX_POINT('',#11589);
#2857=VERTEX_POINT('',#11591);
#2858=VERTEX_POINT('',#11595);
#2859=VERTEX_POINT('',#11616);
#2860=VERTEX_POINT('',#11617);
#2861=VERTEX_POINT('',#11619);
#2862=VERTEX_POINT('',#11621);
#2863=VERTEX_POINT('',#11624);
#2864=VERTEX_POINT('',#11625);
#2865=VERTEX_POINT('',#11627);
#2866=VERTEX_POINT('',#11629);
#2867=VERTEX_POINT('',#11632);
#2868=VERTEX_POINT('',#11633);
#2869=VERTEX_POINT('',#11635);
#2870=VERTEX_POINT('',#11637);
#2871=EDGE_CURVE('',#2283,#2284,#1913,.T.);
#2872=EDGE_CURVE('',#2283,#2285,#1029,.T.);
#2873=EDGE_CURVE('',#2286,#2285,#1914,.T.);
#2874=EDGE_CURVE('',#2284,#2286,#1030,.T.);
#2875=EDGE_CURVE('',#2284,#2287,#1915,.T.);
#2876=EDGE_CURVE('',#2288,#2286,#1916,.T.);
#2877=EDGE_CURVE('',#2287,#2288,#1031,.T.);
#2878=EDGE_CURVE('',#2287,#2289,#1917,.T.);
#2879=EDGE_CURVE('',#2290,#2288,#1918,.T.);
#2880=EDGE_CURVE('',#2289,#2290,#1032,.T.);
#2881=EDGE_CURVE('',#2289,#2291,#1919,.T.);
#2882=EDGE_CURVE('',#2292,#2290,#1920,.T.);
#2883=EDGE_CURVE('',#2291,#2292,#1033,.T.);
#2884=EDGE_CURVE('',#2291,#2293,#1921,.T.);
#2885=EDGE_CURVE('',#2294,#2292,#1922,.T.);
#2886=EDGE_CURVE('',#2293,#2294,#1034,.T.);
#2887=EDGE_CURVE('',#2293,#2295,#1923,.T.);
#2888=EDGE_CURVE('',#2296,#2294,#1924,.T.);
#2889=EDGE_CURVE('',#2295,#2296,#1035,.T.);
#2890=EDGE_CURVE('',#2295,#2297,#1925,.T.);
#2891=EDGE_CURVE('',#2298,#2296,#1926,.T.);
#2892=EDGE_CURVE('',#2297,#2298,#1036,.T.);
#2893=EDGE_CURVE('',#2297,#2299,#1927,.T.);
#2894=EDGE_CURVE('',#2300,#2298,#1928,.T.);
#2895=EDGE_CURVE('',#2299,#2300,#1037,.T.);
#2896=EDGE_CURVE('',#2299,#2301,#1929,.T.);
#2897=EDGE_CURVE('',#2302,#2300,#1930,.T.);
#2898=EDGE_CURVE('',#2301,#2302,#1038,.T.);
#2899=EDGE_CURVE('',#2301,#2303,#1931,.T.);
#2900=EDGE_CURVE('',#2304,#2302,#1932,.T.);
#2901=EDGE_CURVE('',#2303,#2304,#1039,.T.);
#2902=EDGE_CURVE('',#2303,#2305,#1933,.T.);
#2903=EDGE_CURVE('',#2306,#2304,#1934,.T.);
#2904=EDGE_CURVE('',#2305,#2306,#1040,.T.);
#2905=EDGE_CURVE('',#2305,#2283,#1935,.T.);
#2906=EDGE_CURVE('',#2285,#2306,#1936,.T.);
#2907=EDGE_CURVE('',#2307,#2308,#1937,.T.);
#2908=EDGE_CURVE('',#2307,#2309,#1041,.T.);
#2909=EDGE_CURVE('',#2310,#2309,#1938,.T.);
#2910=EDGE_CURVE('',#2308,#2310,#1042,.T.);
#2911=EDGE_CURVE('',#2308,#2311,#1939,.T.);
#2912=EDGE_CURVE('',#2312,#2310,#1940,.T.);
#2913=EDGE_CURVE('',#2311,#2312,#1043,.T.);
#2914=EDGE_CURVE('',#2311,#2313,#1941,.T.);
#2915=EDGE_CURVE('',#2314,#2312,#1942,.T.);
#2916=EDGE_CURVE('',#2313,#2314,#1044,.T.);
#2917=EDGE_CURVE('',#2313,#2315,#1943,.T.);
#2918=EDGE_CURVE('',#2316,#2314,#1944,.T.);
#2919=EDGE_CURVE('',#2315,#2316,#1045,.T.);
#2920=EDGE_CURVE('',#2315,#2317,#1945,.T.);
#2921=EDGE_CURVE('',#2318,#2316,#1946,.T.);
#2922=EDGE_CURVE('',#2317,#2318,#1046,.T.);
#2923=EDGE_CURVE('',#2317,#2319,#1947,.T.);
#2924=EDGE_CURVE('',#2320,#2318,#1948,.T.);
#2925=EDGE_CURVE('',#2319,#2320,#1047,.T.);
#2926=EDGE_CURVE('',#2319,#2321,#1949,.T.);
#2927=EDGE_CURVE('',#2322,#2320,#1950,.T.);
#2928=EDGE_CURVE('',#2321,#2322,#1048,.T.);
#2929=EDGE_CURVE('',#2321,#2307,#1951,.T.);
#2930=EDGE_CURVE('',#2309,#2322,#1952,.T.);
#2931=EDGE_CURVE('',#2323,#2324,#1953,.T.);
#2932=EDGE_CURVE('',#2324,#2325,#1049,.T.);
#2933=EDGE_CURVE('',#2326,#2325,#1954,.T.);
#2934=EDGE_CURVE('',#2323,#2326,#1050,.T.);
#2935=EDGE_CURVE('',#2327,#2323,#1955,.T.);
#2936=EDGE_CURVE('',#2328,#2326,#1956,.T.);
#2937=EDGE_CURVE('',#2327,#2328,#1051,.T.);
#2938=EDGE_CURVE('',#2329,#2327,#1957,.T.);
#2939=EDGE_CURVE('',#2330,#2328,#1958,.T.);
#2940=EDGE_CURVE('',#2329,#2330,#1052,.T.);
#2941=EDGE_CURVE('',#2331,#2329,#1959,.T.);
#2942=EDGE_CURVE('',#2332,#2330,#1960,.T.);
#2943=EDGE_CURVE('',#2331,#2332,#1053,.T.);
#2944=EDGE_CURVE('',#2333,#2331,#1054,.T.);
#2945=EDGE_CURVE('',#2334,#2332,#1055,.T.);
#2946=EDGE_CURVE('',#2333,#2334,#1056,.T.);
#2947=EDGE_CURVE('',#2324,#2333,#1057,.T.);
#2948=EDGE_CURVE('',#2325,#2334,#1058,.T.);
#2949=EDGE_CURVE('',#2335,#2336,#1961,.T.);
#2950=EDGE_CURVE('',#2336,#2337,#1059,.T.);
#2951=EDGE_CURVE('',#2338,#2337,#1962,.T.);
#2952=EDGE_CURVE('',#2335,#2338,#1060,.T.);
#2953=EDGE_CURVE('',#2339,#2335,#1963,.T.);
#2954=EDGE_CURVE('',#2340,#2338,#1964,.T.);
#2955=EDGE_CURVE('',#2339,#2340,#1061,.T.);
#2956=EDGE_CURVE('',#2341,#2339,#1062,.T.);
#2957=EDGE_CURVE('',#2342,#2340,#1063,.T.);
#2958=EDGE_CURVE('',#2341,#2342,#1064,.T.);
#2959=EDGE_CURVE('',#2343,#2341,#1065,.T.);
#2960=EDGE_CURVE('',#2344,#2342,#1066,.T.);
#2961=EDGE_CURVE('',#2343,#2344,#1067,.T.);
#2962=EDGE_CURVE('',#2336,#2343,#1965,.T.);
#2963=EDGE_CURVE('',#2337,#2344,#1966,.T.);
#2964=EDGE_CURVE('',#2345,#2346,#1967,.T.);
#2965=EDGE_CURVE('',#2346,#2347,#1068,.T.);
#2966=EDGE_CURVE('',#2348,#2347,#1968,.T.);
#2967=EDGE_CURVE('',#2345,#2348,#1069,.T.);
#2968=EDGE_CURVE('',#2349,#2345,#1969,.T.);
#2969=EDGE_CURVE('',#2350,#2348,#1970,.T.);
#2970=EDGE_CURVE('',#2349,#2350,#1070,.T.);
#2971=EDGE_CURVE('',#2346,#2349,#1971,.T.);
#2972=EDGE_CURVE('',#2347,#2350,#1972,.T.);
#2973=EDGE_CURVE('',#2351,#2352,#1973,.T.);
#2974=EDGE_CURVE('',#2352,#2353,#1071,.T.);
#2975=EDGE_CURVE('',#2354,#2353,#1974,.T.);
#2976=EDGE_CURVE('',#2351,#2354,#1072,.T.);
#2977=EDGE_CURVE('',#2355,#2351,#1975,.T.);
#2978=EDGE_CURVE('',#2356,#2354,#1976,.T.);
#2979=EDGE_CURVE('',#2355,#2356,#1073,.T.);
#2980=EDGE_CURVE('',#2357,#2355,#1977,.T.);
#2981=EDGE_CURVE('',#2358,#2356,#1978,.T.);
#2982=EDGE_CURVE('',#2357,#2358,#1074,.T.);
#2983=EDGE_CURVE('',#2352,#2357,#1979,.T.);
#2984=EDGE_CURVE('',#2353,#2358,#1980,.T.);
#2985=EDGE_CURVE('',#2359,#2360,#1981,.T.);
#2986=EDGE_CURVE('',#2360,#2361,#1075,.T.);
#2987=EDGE_CURVE('',#2362,#2361,#1982,.T.);
#2988=EDGE_CURVE('',#2359,#2362,#1076,.T.);
#2989=EDGE_CURVE('',#2363,#2359,#1983,.T.);
#2990=EDGE_CURVE('',#2364,#2362,#1984,.T.);
#2991=EDGE_CURVE('',#2363,#2364,#1077,.T.);
#2992=EDGE_CURVE('',#2360,#2363,#1985,.T.);
#2993=EDGE_CURVE('',#2361,#2364,#1986,.T.);
#2994=EDGE_CURVE('',#2365,#2366,#1987,.T.);
#2995=EDGE_CURVE('',#2366,#2367,#1078,.T.);
#2996=EDGE_CURVE('',#2368,#2367,#1988,.T.);
#2997=EDGE_CURVE('',#2365,#2368,#1079,.T.);
#2998=EDGE_CURVE('',#2369,#2365,#1989,.T.);
#2999=EDGE_CURVE('',#2370,#2368,#1990,.T.);
#3000=EDGE_CURVE('',#2369,#2370,#1080,.T.);
#3001=EDGE_CURVE('',#2371,#2369,#1991,.T.);
#3002=EDGE_CURVE('',#2372,#2370,#1992,.T.);
#3003=EDGE_CURVE('',#2371,#2372,#1081,.T.);
#3004=EDGE_CURVE('',#2366,#2371,#1993,.T.);
#3005=EDGE_CURVE('',#2367,#2372,#1994,.T.);
#3006=EDGE_CURVE('',#2373,#2374,#1995,.T.);
#3007=EDGE_CURVE('',#2374,#2375,#1082,.T.);
#3008=EDGE_CURVE('',#2376,#2375,#1996,.T.);
#3009=EDGE_CURVE('',#2373,#2376,#1083,.T.);
#3010=EDGE_CURVE('',#2377,#2373,#1084,.T.);
#3011=EDGE_CURVE('',#2378,#2376,#1085,.T.);
#3012=EDGE_CURVE('',#2377,#2378,#1086,.T.);
#3013=EDGE_CURVE('',#2379,#2377,#1087,.T.);
#3014=EDGE_CURVE('',#2380,#2378,#1088,.T.);
#3015=EDGE_CURVE('',#2379,#2380,#1089,.T.);
#3016=EDGE_CURVE('',#2381,#2379,#1997,.T.);
#3017=EDGE_CURVE('',#2382,#2380,#1998,.T.);
#3018=EDGE_CURVE('',#2381,#2382,#1090,.T.);
#3019=EDGE_CURVE('',#2383,#2381,#1999,.T.);
#3020=EDGE_CURVE('',#2384,#2382,#2000,.T.);
#3021=EDGE_CURVE('',#2383,#2384,#1091,.T.);
#3022=EDGE_CURVE('',#2374,#2383,#2001,.T.);
#3023=EDGE_CURVE('',#2375,#2384,#2002,.T.);
#3024=EDGE_CURVE('',#2385,#2386,#2003,.T.);
#3025=EDGE_CURVE('',#2385,#2387,#1092,.T.);
#3026=EDGE_CURVE('',#2388,#2387,#2004,.T.);
#3027=EDGE_CURVE('',#2386,#2388,#1093,.T.);
#3028=EDGE_CURVE('',#2386,#2389,#2005,.T.);
#3029=EDGE_CURVE('',#2390,#2388,#2006,.T.);
#3030=EDGE_CURVE('',#2389,#2390,#1094,.T.);
#3031=EDGE_CURVE('',#2389,#2391,#2007,.T.);
#3032=EDGE_CURVE('',#2392,#2390,#2008,.T.);
#3033=EDGE_CURVE('',#2391,#2392,#1095,.T.);
#3034=EDGE_CURVE('',#2391,#2393,#1096,.T.);
#3035=EDGE_CURVE('',#2394,#2392,#1097,.T.);
#3036=EDGE_CURVE('',#2393,#2394,#1098,.T.);
#3037=EDGE_CURVE('',#2393,#2395,#1099,.T.);
#3038=EDGE_CURVE('',#2396,#2394,#1100,.T.);
#3039=EDGE_CURVE('',#2395,#2396,#1101,.T.);
#3040=EDGE_CURVE('',#2395,#2397,#2009,.T.);
#3041=EDGE_CURVE('',#2398,#2396,#2010,.T.);
#3042=EDGE_CURVE('',#2397,#2398,#1102,.T.);
#3043=EDGE_CURVE('',#2397,#2399,#2011,.T.);
#3044=EDGE_CURVE('',#2400,#2398,#2012,.T.);
#3045=EDGE_CURVE('',#2399,#2400,#1103,.T.);
#3046=EDGE_CURVE('',#2399,#2401,#2013,.T.);
#3047=EDGE_CURVE('',#2402,#2400,#2014,.T.);
#3048=EDGE_CURVE('',#2401,#2402,#1104,.T.);
#3049=EDGE_CURVE('',#2401,#2403,#2015,.T.);
#3050=EDGE_CURVE('',#2404,#2402,#2016,.T.);
#3051=EDGE_CURVE('',#2403,#2404,#1105,.T.);
#3052=EDGE_CURVE('',#2403,#2405,#2017,.T.);
#3053=EDGE_CURVE('',#2406,#2404,#2018,.T.);
#3054=EDGE_CURVE('',#2405,#2406,#1106,.T.);
#3055=EDGE_CURVE('',#2405,#2407,#2019,.T.);
#3056=EDGE_CURVE('',#2408,#2406,#2020,.T.);
#3057=EDGE_CURVE('',#2407,#2408,#1107,.T.);
#3058=EDGE_CURVE('',#2407,#2409,#2021,.T.);
#3059=EDGE_CURVE('',#2410,#2408,#2022,.T.);
#3060=EDGE_CURVE('',#2409,#2410,#1108,.T.);
#3061=EDGE_CURVE('',#2409,#2411,#2023,.T.);
#3062=EDGE_CURVE('',#2412,#2410,#2024,.T.);
#3063=EDGE_CURVE('',#2411,#2412,#1109,.T.);
#3064=EDGE_CURVE('',#2411,#2413,#2025,.T.);
#3065=EDGE_CURVE('',#2414,#2412,#2026,.T.);
#3066=EDGE_CURVE('',#2413,#2414,#1110,.T.);
#3067=EDGE_CURVE('',#2413,#2415,#1111,.T.);
#3068=EDGE_CURVE('',#2416,#2414,#1112,.T.);
#3069=EDGE_CURVE('',#2415,#2416,#1113,.T.);
#3070=EDGE_CURVE('',#2415,#2417,#1114,.T.);
#3071=EDGE_CURVE('',#2418,#2416,#1115,.T.);
#3072=EDGE_CURVE('',#2417,#2418,#1116,.T.);
#3073=EDGE_CURVE('',#2417,#2419,#2027,.T.);
#3074=EDGE_CURVE('',#2420,#2418,#2028,.T.);
#3075=EDGE_CURVE('',#2419,#2420,#1117,.T.);
#3076=EDGE_CURVE('',#2419,#2421,#2029,.T.);
#3077=EDGE_CURVE('',#2422,#2420,#2030,.T.);
#3078=EDGE_CURVE('',#2421,#2422,#1118,.T.);
#3079=EDGE_CURVE('',#2421,#2423,#2031,.T.);
#3080=EDGE_CURVE('',#2424,#2422,#2032,.T.);
#3081=EDGE_CURVE('',#2423,#2424,#1119,.T.);
#3082=EDGE_CURVE('',#2423,#2425,#2033,.T.);
#3083=EDGE_CURVE('',#2426,#2424,#2034,.T.);
#3084=EDGE_CURVE('',#2425,#2426,#1120,.T.);
#3085=EDGE_CURVE('',#2425,#2427,#2035,.T.);
#3086=EDGE_CURVE('',#2428,#2426,#2036,.T.);
#3087=EDGE_CURVE('',#2427,#2428,#1121,.T.);
#3088=EDGE_CURVE('',#2427,#2429,#2037,.T.);
#3089=EDGE_CURVE('',#2430,#2428,#2038,.T.);
#3090=EDGE_CURVE('',#2429,#2430,#1122,.T.);
#3091=EDGE_CURVE('',#2429,#2431,#2039,.T.);
#3092=EDGE_CURVE('',#2432,#2430,#2040,.T.);
#3093=EDGE_CURVE('',#2431,#2432,#1123,.T.);
#3094=EDGE_CURVE('',#2431,#2433,#2041,.T.);
#3095=EDGE_CURVE('',#2434,#2432,#2042,.T.);
#3096=EDGE_CURVE('',#2433,#2434,#1124,.T.);
#3097=EDGE_CURVE('',#2433,#2435,#2043,.T.);
#3098=EDGE_CURVE('',#2436,#2434,#2044,.T.);
#3099=EDGE_CURVE('',#2435,#2436,#1125,.T.);
#3100=EDGE_CURVE('',#2435,#2437,#2045,.T.);
#3101=EDGE_CURVE('',#2438,#2436,#2046,.T.);
#3102=EDGE_CURVE('',#2437,#2438,#1126,.T.);
#3103=EDGE_CURVE('',#2437,#2439,#2047,.T.);
#3104=EDGE_CURVE('',#2440,#2438,#2048,.T.);
#3105=EDGE_CURVE('',#2439,#2440,#1127,.T.);
#3106=EDGE_CURVE('',#2439,#2441,#2049,.T.);
#3107=EDGE_CURVE('',#2442,#2440,#2050,.T.);
#3108=EDGE_CURVE('',#2441,#2442,#1128,.T.);
#3109=EDGE_CURVE('',#2441,#2443,#2051,.T.);
#3110=EDGE_CURVE('',#2444,#2442,#2052,.T.);
#3111=EDGE_CURVE('',#2443,#2444,#1129,.T.);
#3112=EDGE_CURVE('',#2443,#2445,#2053,.T.);
#3113=EDGE_CURVE('',#2446,#2444,#2054,.T.);
#3114=EDGE_CURVE('',#2445,#2446,#1130,.T.);
#3115=EDGE_CURVE('',#2445,#2447,#2055,.T.);
#3116=EDGE_CURVE('',#2448,#2446,#2056,.T.);
#3117=EDGE_CURVE('',#2447,#2448,#1131,.T.);
#3118=EDGE_CURVE('',#2447,#2449,#2057,.T.);
#3119=EDGE_CURVE('',#2450,#2448,#2058,.T.);
#3120=EDGE_CURVE('',#2449,#2450,#1132,.T.);
#3121=EDGE_CURVE('',#2449,#2451,#2059,.T.);
#3122=EDGE_CURVE('',#2452,#2450,#2060,.T.);
#3123=EDGE_CURVE('',#2451,#2452,#1133,.T.);
#3124=EDGE_CURVE('',#2451,#2453,#2061,.T.);
#3125=EDGE_CURVE('',#2454,#2452,#2062,.T.);
#3126=EDGE_CURVE('',#2453,#2454,#1134,.T.);
#3127=EDGE_CURVE('',#2453,#2455,#2063,.T.);
#3128=EDGE_CURVE('',#2456,#2454,#2064,.T.);
#3129=EDGE_CURVE('',#2455,#2456,#1135,.T.);
#3130=EDGE_CURVE('',#2455,#2457,#2065,.T.);
#3131=EDGE_CURVE('',#2458,#2456,#2066,.T.);
#3132=EDGE_CURVE('',#2457,#2458,#1136,.T.);
#3133=EDGE_CURVE('',#2457,#2459,#2067,.T.);
#3134=EDGE_CURVE('',#2460,#2458,#2068,.T.);
#3135=EDGE_CURVE('',#2459,#2460,#1137,.T.);
#3136=EDGE_CURVE('',#2459,#2461,#2069,.T.);
#3137=EDGE_CURVE('',#2462,#2460,#2070,.T.);
#3138=EDGE_CURVE('',#2461,#2462,#1138,.T.);
#3139=EDGE_CURVE('',#2461,#2463,#2071,.T.);
#3140=EDGE_CURVE('',#2464,#2462,#2072,.T.);
#3141=EDGE_CURVE('',#2463,#2464,#1139,.T.);
#3142=EDGE_CURVE('',#2463,#2465,#2073,.T.);
#3143=EDGE_CURVE('',#2466,#2464,#2074,.T.);
#3144=EDGE_CURVE('',#2465,#2466,#1140,.T.);
#3145=EDGE_CURVE('',#2465,#2467,#2075,.T.);
#3146=EDGE_CURVE('',#2468,#2466,#2076,.T.);
#3147=EDGE_CURVE('',#2467,#2468,#1141,.T.);
#3148=EDGE_CURVE('',#2467,#2469,#2077,.T.);
#3149=EDGE_CURVE('',#2470,#2468,#2078,.T.);
#3150=EDGE_CURVE('',#2469,#2470,#1142,.T.);
#3151=EDGE_CURVE('',#2469,#2471,#2079,.T.);
#3152=EDGE_CURVE('',#2472,#2470,#2080,.T.);
#3153=EDGE_CURVE('',#2471,#2472,#1143,.T.);
#3154=EDGE_CURVE('',#2471,#2473,#2081,.T.);
#3155=EDGE_CURVE('',#2474,#2472,#2082,.T.);
#3156=EDGE_CURVE('',#2473,#2474,#1144,.T.);
#3157=EDGE_CURVE('',#2473,#2475,#2083,.T.);
#3158=EDGE_CURVE('',#2476,#2474,#2084,.T.);
#3159=EDGE_CURVE('',#2475,#2476,#1145,.T.);
#3160=EDGE_CURVE('',#2475,#2477,#2085,.T.);
#3161=EDGE_CURVE('',#2478,#2476,#2086,.T.);
#3162=EDGE_CURVE('',#2477,#2478,#1146,.T.);
#3163=EDGE_CURVE('',#2477,#2479,#2087,.T.);
#3164=EDGE_CURVE('',#2480,#2478,#2088,.T.);
#3165=EDGE_CURVE('',#2479,#2480,#1147,.T.);
#3166=EDGE_CURVE('',#2479,#2481,#2089,.T.);
#3167=EDGE_CURVE('',#2482,#2480,#2090,.T.);
#3168=EDGE_CURVE('',#2481,#2482,#1148,.T.);
#3169=EDGE_CURVE('',#2481,#2483,#2091,.T.);
#3170=EDGE_CURVE('',#2484,#2482,#2092,.T.);
#3171=EDGE_CURVE('',#2483,#2484,#1149,.T.);
#3172=EDGE_CURVE('',#2483,#2485,#2093,.T.);
#3173=EDGE_CURVE('',#2486,#2484,#2094,.T.);
#3174=EDGE_CURVE('',#2485,#2486,#1150,.T.);
#3175=EDGE_CURVE('',#2485,#2487,#2095,.T.);
#3176=EDGE_CURVE('',#2488,#2486,#2096,.T.);
#3177=EDGE_CURVE('',#2487,#2488,#1151,.T.);
#3178=EDGE_CURVE('',#2487,#2489,#2097,.T.);
#3179=EDGE_CURVE('',#2490,#2488,#2098,.T.);
#3180=EDGE_CURVE('',#2489,#2490,#1152,.T.);
#3181=EDGE_CURVE('',#2489,#2491,#2099,.T.);
#3182=EDGE_CURVE('',#2492,#2490,#2100,.T.);
#3183=EDGE_CURVE('',#2491,#2492,#1153,.T.);
#3184=EDGE_CURVE('',#2491,#2493,#2101,.T.);
#3185=EDGE_CURVE('',#2494,#2492,#2102,.T.);
#3186=EDGE_CURVE('',#2493,#2494,#1154,.T.);
#3187=EDGE_CURVE('',#2493,#2495,#2103,.T.);
#3188=EDGE_CURVE('',#2496,#2494,#2104,.T.);
#3189=EDGE_CURVE('',#2495,#2496,#1155,.T.);
#3190=EDGE_CURVE('',#2495,#2497,#2105,.T.);
#3191=EDGE_CURVE('',#2498,#2496,#2106,.T.);
#3192=EDGE_CURVE('',#2497,#2498,#1156,.T.);
#3193=EDGE_CURVE('',#2497,#2499,#2107,.T.);
#3194=EDGE_CURVE('',#2500,#2498,#2108,.T.);
#3195=EDGE_CURVE('',#2499,#2500,#1157,.T.);
#3196=EDGE_CURVE('',#2499,#2501,#2109,.T.);
#3197=EDGE_CURVE('',#2502,#2500,#2110,.T.);
#3198=EDGE_CURVE('',#2501,#2502,#1158,.T.);
#3199=EDGE_CURVE('',#2501,#2503,#2111,.T.);
#3200=EDGE_CURVE('',#2504,#2502,#2112,.T.);
#3201=EDGE_CURVE('',#2503,#2504,#1159,.T.);
#3202=EDGE_CURVE('',#2503,#2505,#2113,.T.);
#3203=EDGE_CURVE('',#2506,#2504,#2114,.T.);
#3204=EDGE_CURVE('',#2505,#2506,#1160,.T.);
#3205=EDGE_CURVE('',#2505,#2507,#2115,.T.);
#3206=EDGE_CURVE('',#2508,#2506,#2116,.T.);
#3207=EDGE_CURVE('',#2507,#2508,#1161,.T.);
#3208=EDGE_CURVE('',#2507,#2509,#2117,.T.);
#3209=EDGE_CURVE('',#2510,#2508,#2118,.T.);
#3210=EDGE_CURVE('',#2509,#2510,#1162,.T.);
#3211=EDGE_CURVE('',#2509,#2511,#2119,.T.);
#3212=EDGE_CURVE('',#2512,#2510,#2120,.T.);
#3213=EDGE_CURVE('',#2511,#2512,#1163,.T.);
#3214=EDGE_CURVE('',#2511,#2513,#2121,.T.);
#3215=EDGE_CURVE('',#2514,#2512,#2122,.T.);
#3216=EDGE_CURVE('',#2513,#2514,#1164,.T.);
#3217=EDGE_CURVE('',#2513,#2515,#2123,.T.);
#3218=EDGE_CURVE('',#2516,#2514,#2124,.T.);
#3219=EDGE_CURVE('',#2515,#2516,#1165,.T.);
#3220=EDGE_CURVE('',#2515,#2517,#2125,.T.);
#3221=EDGE_CURVE('',#2518,#2516,#2126,.T.);
#3222=EDGE_CURVE('',#2517,#2518,#1166,.T.);
#3223=EDGE_CURVE('',#2517,#2519,#2127,.T.);
#3224=EDGE_CURVE('',#2520,#2518,#2128,.T.);
#3225=EDGE_CURVE('',#2519,#2520,#1167,.T.);
#3226=EDGE_CURVE('',#2519,#2521,#2129,.T.);
#3227=EDGE_CURVE('',#2522,#2520,#2130,.T.);
#3228=EDGE_CURVE('',#2521,#2522,#1168,.T.);
#3229=EDGE_CURVE('',#2521,#2523,#2131,.T.);
#3230=EDGE_CURVE('',#2524,#2522,#2132,.T.);
#3231=EDGE_CURVE('',#2523,#2524,#1169,.T.);
#3232=EDGE_CURVE('',#2523,#2525,#2133,.T.);
#3233=EDGE_CURVE('',#2526,#2524,#2134,.T.);
#3234=EDGE_CURVE('',#2525,#2526,#1170,.T.);
#3235=EDGE_CURVE('',#2525,#2527,#2135,.T.);
#3236=EDGE_CURVE('',#2528,#2526,#2136,.T.);
#3237=EDGE_CURVE('',#2527,#2528,#1171,.T.);
#3238=EDGE_CURVE('',#2527,#2529,#2137,.T.);
#3239=EDGE_CURVE('',#2530,#2528,#2138,.T.);
#3240=EDGE_CURVE('',#2529,#2530,#1172,.T.);
#3241=EDGE_CURVE('',#2529,#2531,#2139,.T.);
#3242=EDGE_CURVE('',#2532,#2530,#2140,.T.);
#3243=EDGE_CURVE('',#2531,#2532,#1173,.T.);
#3244=EDGE_CURVE('',#2531,#2533,#2141,.T.);
#3245=EDGE_CURVE('',#2534,#2532,#2142,.T.);
#3246=EDGE_CURVE('',#2533,#2534,#1174,.T.);
#3247=EDGE_CURVE('',#2533,#2535,#2143,.T.);
#3248=EDGE_CURVE('',#2536,#2534,#2144,.T.);
#3249=EDGE_CURVE('',#2535,#2536,#1175,.T.);
#3250=EDGE_CURVE('',#2535,#2537,#2145,.T.);
#3251=EDGE_CURVE('',#2538,#2536,#2146,.T.);
#3252=EDGE_CURVE('',#2537,#2538,#1176,.T.);
#3253=EDGE_CURVE('',#2537,#2539,#2147,.T.);
#3254=EDGE_CURVE('',#2540,#2538,#2148,.T.);
#3255=EDGE_CURVE('',#2539,#2540,#1177,.T.);
#3256=EDGE_CURVE('',#2539,#2541,#2149,.T.);
#3257=EDGE_CURVE('',#2542,#2540,#2150,.T.);
#3258=EDGE_CURVE('',#2541,#2542,#1178,.T.);
#3259=EDGE_CURVE('',#2541,#2543,#2151,.T.);
#3260=EDGE_CURVE('',#2544,#2542,#2152,.T.);
#3261=EDGE_CURVE('',#2543,#2544,#1179,.T.);
#3262=EDGE_CURVE('',#2543,#2545,#2153,.T.);
#3263=EDGE_CURVE('',#2546,#2544,#2154,.T.);
#3264=EDGE_CURVE('',#2545,#2546,#1180,.T.);
#3265=EDGE_CURVE('',#2545,#2547,#2155,.T.);
#3266=EDGE_CURVE('',#2548,#2546,#2156,.T.);
#3267=EDGE_CURVE('',#2547,#2548,#1181,.T.);
#3268=EDGE_CURVE('',#2547,#2549,#2157,.T.);
#3269=EDGE_CURVE('',#2550,#2548,#2158,.T.);
#3270=EDGE_CURVE('',#2549,#2550,#1182,.T.);
#3271=EDGE_CURVE('',#2549,#2551,#2159,.T.);
#3272=EDGE_CURVE('',#2552,#2550,#2160,.T.);
#3273=EDGE_CURVE('',#2551,#2552,#1183,.T.);
#3274=EDGE_CURVE('',#2551,#2553,#232,.T.);
#3275=EDGE_CURVE('',#2554,#2552,#233,.T.);
#3276=EDGE_CURVE('',#2553,#2554,#1184,.T.);
#3277=EDGE_CURVE('',#2553,#2555,#2161,.T.);
#3278=EDGE_CURVE('',#2556,#2554,#2162,.T.);
#3279=EDGE_CURVE('',#2555,#2556,#1185,.T.);
#3280=EDGE_CURVE('',#2555,#2557,#2163,.T.);
#3281=EDGE_CURVE('',#2558,#2556,#2164,.T.);
#3282=EDGE_CURVE('',#2557,#2558,#1186,.T.);
#3283=EDGE_CURVE('',#2557,#2559,#2165,.T.);
#3284=EDGE_CURVE('',#2560,#2558,#2166,.T.);
#3285=EDGE_CURVE('',#2559,#2560,#1187,.T.);
#3286=EDGE_CURVE('',#2559,#2561,#2167,.T.);
#3287=EDGE_CURVE('',#2562,#2560,#2168,.T.);
#3288=EDGE_CURVE('',#2561,#2562,#1188,.T.);
#3289=EDGE_CURVE('',#2561,#2563,#2169,.T.);
#3290=EDGE_CURVE('',#2564,#2562,#2170,.T.);
#3291=EDGE_CURVE('',#2563,#2564,#1189,.T.);
#3292=EDGE_CURVE('',#2563,#2565,#2171,.T.);
#3293=EDGE_CURVE('',#2566,#2564,#2172,.T.);
#3294=EDGE_CURVE('',#2565,#2566,#1190,.T.);
#3295=EDGE_CURVE('',#2565,#2567,#2173,.T.);
#3296=EDGE_CURVE('',#2568,#2566,#2174,.T.);
#3297=EDGE_CURVE('',#2567,#2568,#1191,.T.);
#3298=EDGE_CURVE('',#2567,#2569,#2175,.T.);
#3299=EDGE_CURVE('',#2570,#2568,#2176,.T.);
#3300=EDGE_CURVE('',#2569,#2570,#1192,.T.);
#3301=EDGE_CURVE('',#2569,#2571,#2177,.T.);
#3302=EDGE_CURVE('',#2572,#2570,#2178,.T.);
#3303=EDGE_CURVE('',#2571,#2572,#1193,.T.);
#3304=EDGE_CURVE('',#2571,#2573,#2179,.T.);
#3305=EDGE_CURVE('',#2574,#2572,#2180,.T.);
#3306=EDGE_CURVE('',#2573,#2574,#1194,.T.);
#3307=EDGE_CURVE('',#2573,#2575,#2181,.T.);
#3308=EDGE_CURVE('',#2576,#2574,#2182,.T.);
#3309=EDGE_CURVE('',#2575,#2576,#1195,.T.);
#3310=EDGE_CURVE('',#2575,#2577,#2183,.T.);
#3311=EDGE_CURVE('',#2578,#2576,#2184,.T.);
#3312=EDGE_CURVE('',#2577,#2578,#1196,.T.);
#3313=EDGE_CURVE('',#2577,#2579,#2185,.T.);
#3314=EDGE_CURVE('',#2580,#2578,#2186,.T.);
#3315=EDGE_CURVE('',#2579,#2580,#1197,.T.);
#3316=EDGE_CURVE('',#2579,#2581,#2187,.T.);
#3317=EDGE_CURVE('',#2582,#2580,#2188,.T.);
#3318=EDGE_CURVE('',#2581,#2582,#1198,.T.);
#3319=EDGE_CURVE('',#2581,#2583,#2189,.T.);
#3320=EDGE_CURVE('',#2584,#2582,#2190,.T.);
#3321=EDGE_CURVE('',#2583,#2584,#1199,.T.);
#3322=EDGE_CURVE('',#2583,#2585,#2191,.T.);
#3323=EDGE_CURVE('',#2586,#2584,#2192,.T.);
#3324=EDGE_CURVE('',#2585,#2586,#1200,.T.);
#3325=EDGE_CURVE('',#2585,#2587,#2193,.T.);
#3326=EDGE_CURVE('',#2588,#2586,#2194,.T.);
#3327=EDGE_CURVE('',#2587,#2588,#1201,.T.);
#3328=EDGE_CURVE('',#2587,#2589,#2195,.T.);
#3329=EDGE_CURVE('',#2590,#2588,#2196,.T.);
#3330=EDGE_CURVE('',#2589,#2590,#1202,.T.);
#3331=EDGE_CURVE('',#2589,#2591,#1203,.T.);
#3332=EDGE_CURVE('',#2592,#2590,#1204,.T.);
#3333=EDGE_CURVE('',#2591,#2592,#1205,.T.);
#3334=EDGE_CURVE('',#2591,#2593,#1206,.T.);
#3335=EDGE_CURVE('',#2594,#2592,#1207,.T.);
#3336=EDGE_CURVE('',#2593,#2594,#1208,.T.);
#3337=EDGE_CURVE('',#2593,#2595,#2197,.T.);
#3338=EDGE_CURVE('',#2596,#2594,#2198,.T.);
#3339=EDGE_CURVE('',#2595,#2596,#1209,.T.);
#3340=EDGE_CURVE('',#2595,#2597,#2199,.T.);
#3341=EDGE_CURVE('',#2598,#2596,#2200,.T.);
#3342=EDGE_CURVE('',#2597,#2598,#1210,.T.);
#3343=EDGE_CURVE('',#2597,#2599,#2201,.T.);
#3344=EDGE_CURVE('',#2600,#2598,#2202,.T.);
#3345=EDGE_CURVE('',#2599,#2600,#1211,.T.);
#3346=EDGE_CURVE('',#2599,#2601,#2203,.T.);
#3347=EDGE_CURVE('',#2602,#2600,#2204,.T.);
#3348=EDGE_CURVE('',#2601,#2602,#1212,.T.);
#3349=EDGE_CURVE('',#2601,#2603,#2205,.T.);
#3350=EDGE_CURVE('',#2604,#2602,#2206,.T.);
#3351=EDGE_CURVE('',#2603,#2604,#1213,.T.);
#3352=EDGE_CURVE('',#2603,#2605,#2207,.T.);
#3353=EDGE_CURVE('',#2606,#2604,#2208,.T.);
#3354=EDGE_CURVE('',#2605,#2606,#1214,.T.);
#3355=EDGE_CURVE('',#2605,#2607,#2209,.T.);
#3356=EDGE_CURVE('',#2608,#2606,#2210,.T.);
#3357=EDGE_CURVE('',#2607,#2608,#1215,.T.);
#3358=EDGE_CURVE('',#2607,#2609,#2211,.T.);
#3359=EDGE_CURVE('',#2610,#2608,#2212,.T.);
#3360=EDGE_CURVE('',#2609,#2610,#1216,.T.);
#3361=EDGE_CURVE('',#2609,#2611,#2213,.T.);
#3362=EDGE_CURVE('',#2612,#2610,#2214,.T.);
#3363=EDGE_CURVE('',#2611,#2612,#1217,.T.);
#3364=EDGE_CURVE('',#2611,#2613,#1218,.T.);
#3365=EDGE_CURVE('',#2614,#2612,#1219,.T.);
#3366=EDGE_CURVE('',#2613,#2614,#1220,.T.);
#3367=EDGE_CURVE('',#2613,#2615,#1221,.T.);
#3368=EDGE_CURVE('',#2616,#2614,#1222,.T.);
#3369=EDGE_CURVE('',#2615,#2616,#1223,.T.);
#3370=EDGE_CURVE('',#2615,#2617,#2215,.T.);
#3371=EDGE_CURVE('',#2618,#2616,#2216,.T.);
#3372=EDGE_CURVE('',#2617,#2618,#1224,.T.);
#3373=EDGE_CURVE('',#2617,#2619,#2217,.T.);
#3374=EDGE_CURVE('',#2620,#2618,#2218,.T.);
#3375=EDGE_CURVE('',#2619,#2620,#1225,.T.);
#3376=EDGE_CURVE('',#2619,#2621,#2219,.T.);
#3377=EDGE_CURVE('',#2622,#2620,#2220,.T.);
#3378=EDGE_CURVE('',#2621,#2622,#1226,.T.);
#3379=EDGE_CURVE('',#2621,#2623,#1227,.T.);
#3380=EDGE_CURVE('',#2624,#2622,#1228,.T.);
#3381=EDGE_CURVE('',#2623,#2624,#1229,.T.);
#3382=EDGE_CURVE('',#2623,#2625,#1230,.T.);
#3383=EDGE_CURVE('',#2626,#2624,#1231,.T.);
#3384=EDGE_CURVE('',#2625,#2626,#1232,.T.);
#3385=EDGE_CURVE('',#2625,#2627,#2221,.T.);
#3386=EDGE_CURVE('',#2628,#2626,#2222,.T.);
#3387=EDGE_CURVE('',#2627,#2628,#1233,.T.);
#3388=EDGE_CURVE('',#2627,#2629,#2223,.T.);
#3389=EDGE_CURVE('',#2630,#2628,#2224,.T.);
#3390=EDGE_CURVE('',#2629,#2630,#1234,.T.);
#3391=EDGE_CURVE('',#2629,#2631,#2225,.T.);
#3392=EDGE_CURVE('',#2632,#2630,#2226,.T.);
#3393=EDGE_CURVE('',#2631,#2632,#1235,.T.);
#3394=EDGE_CURVE('',#2631,#2633,#2227,.T.);
#3395=EDGE_CURVE('',#2634,#2632,#2228,.T.);
#3396=EDGE_CURVE('',#2633,#2634,#1236,.T.);
#3397=EDGE_CURVE('',#2633,#2635,#2229,.T.);
#3398=EDGE_CURVE('',#2636,#2634,#2230,.T.);
#3399=EDGE_CURVE('',#2635,#2636,#1237,.T.);
#3400=EDGE_CURVE('',#2635,#2637,#2231,.T.);
#3401=EDGE_CURVE('',#2638,#2636,#2232,.T.);
#3402=EDGE_CURVE('',#2637,#2638,#1238,.T.);
#3403=EDGE_CURVE('',#2637,#2639,#2233,.T.);
#3404=EDGE_CURVE('',#2640,#2638,#2234,.T.);
#3405=EDGE_CURVE('',#2639,#2640,#1239,.T.);
#3406=EDGE_CURVE('',#2639,#2641,#2235,.T.);
#3407=EDGE_CURVE('',#2642,#2640,#2236,.T.);
#3408=EDGE_CURVE('',#2641,#2642,#1240,.T.);
#3409=EDGE_CURVE('',#2641,#2643,#2237,.T.);
#3410=EDGE_CURVE('',#2644,#2642,#2238,.T.);
#3411=EDGE_CURVE('',#2643,#2644,#1241,.T.);
#3412=EDGE_CURVE('',#2643,#2645,#2239,.T.);
#3413=EDGE_CURVE('',#2646,#2644,#2240,.T.);
#3414=EDGE_CURVE('',#2645,#2646,#1242,.T.);
#3415=EDGE_CURVE('',#2645,#2647,#2241,.T.);
#3416=EDGE_CURVE('',#2648,#2646,#2242,.T.);
#3417=EDGE_CURVE('',#2647,#2648,#1243,.T.);
#3418=EDGE_CURVE('',#2647,#2649,#2243,.T.);
#3419=EDGE_CURVE('',#2650,#2648,#2244,.T.);
#3420=EDGE_CURVE('',#2649,#2650,#1244,.T.);
#3421=EDGE_CURVE('',#2649,#2651,#2245,.T.);
#3422=EDGE_CURVE('',#2652,#2650,#2246,.T.);
#3423=EDGE_CURVE('',#2651,#2652,#1245,.T.);
#3424=EDGE_CURVE('',#2651,#2653,#2247,.T.);
#3425=EDGE_CURVE('',#2654,#2652,#2248,.T.);
#3426=EDGE_CURVE('',#2653,#2654,#1246,.T.);
#3427=EDGE_CURVE('',#2653,#2655,#2249,.T.);
#3428=EDGE_CURVE('',#2656,#2654,#2250,.T.);
#3429=EDGE_CURVE('',#2655,#2656,#1247,.T.);
#3430=EDGE_CURVE('',#2655,#2657,#2251,.T.);
#3431=EDGE_CURVE('',#2658,#2656,#2252,.T.);
#3432=EDGE_CURVE('',#2657,#2658,#1248,.T.);
#3433=EDGE_CURVE('',#2657,#2659,#2253,.T.);
#3434=EDGE_CURVE('',#2660,#2658,#2254,.T.);
#3435=EDGE_CURVE('',#2659,#2660,#1249,.T.);
#3436=EDGE_CURVE('',#2659,#2661,#2255,.T.);
#3437=EDGE_CURVE('',#2662,#2660,#2256,.T.);
#3438=EDGE_CURVE('',#2661,#2662,#1250,.T.);
#3439=EDGE_CURVE('',#2661,#2663,#2257,.T.);
#3440=EDGE_CURVE('',#2664,#2662,#2258,.T.);
#3441=EDGE_CURVE('',#2663,#2664,#1251,.T.);
#3442=EDGE_CURVE('',#2663,#2665,#2259,.T.);
#3443=EDGE_CURVE('',#2666,#2664,#2260,.T.);
#3444=EDGE_CURVE('',#2665,#2666,#1252,.T.);
#3445=EDGE_CURVE('',#2665,#2385,#2261,.T.);
#3446=EDGE_CURVE('',#2387,#2666,#2262,.T.);
#3447=EDGE_CURVE('',#2667,#2668,#2263,.T.);
#3448=EDGE_CURVE('',#2667,#2669,#1253,.T.);
#3449=EDGE_CURVE('',#2670,#2669,#2264,.T.);
#3450=EDGE_CURVE('',#2668,#2670,#1254,.T.);
#3451=EDGE_CURVE('',#2668,#2671,#2265,.T.);
#3452=EDGE_CURVE('',#2672,#2670,#2266,.T.);
#3453=EDGE_CURVE('',#2671,#2672,#1255,.T.);
#3454=EDGE_CURVE('',#2671,#2673,#2267,.T.);
#3455=EDGE_CURVE('',#2674,#2672,#2268,.T.);
#3456=EDGE_CURVE('',#2673,#2674,#1256,.T.);
#3457=EDGE_CURVE('',#2673,#2675,#1257,.T.);
#3458=EDGE_CURVE('',#2676,#2674,#1258,.T.);
#3459=EDGE_CURVE('',#2675,#2676,#1259,.T.);
#3460=EDGE_CURVE('',#2675,#2677,#1260,.T.);
#3461=EDGE_CURVE('',#2678,#2676,#1261,.T.);
#3462=EDGE_CURVE('',#2677,#2678,#1262,.T.);
#3463=EDGE_CURVE('',#2677,#2679,#2269,.T.);
#3464=EDGE_CURVE('',#2680,#2678,#2270,.T.);
#3465=EDGE_CURVE('',#2679,#2680,#1263,.T.);
#3466=EDGE_CURVE('',#2679,#2681,#2271,.T.);
#3467=EDGE_CURVE('',#2682,#2680,#2272,.T.);
#3468=EDGE_CURVE('',#2681,#2682,#1264,.T.);
#3469=EDGE_CURVE('',#2681,#2683,#2273,.T.);
#3470=EDGE_CURVE('',#2684,#2682,#2274,.T.);
#3471=EDGE_CURVE('',#2683,#2684,#1265,.T.);
#3472=EDGE_CURVE('',#2683,#2685,#2275,.T.);
#3473=EDGE_CURVE('',#2686,#2684,#2276,.T.);
#3474=EDGE_CURVE('',#2685,#2686,#1266,.T.);
#3475=EDGE_CURVE('',#2685,#2687,#2277,.T.);
#3476=EDGE_CURVE('',#2688,#2686,#2278,.T.);
#3477=EDGE_CURVE('',#2687,#2688,#1267,.T.);
#3478=EDGE_CURVE('',#2687,#2667,#2279,.T.);
#3479=EDGE_CURVE('',#2669,#2688,#2280,.T.);
#3480=EDGE_CURVE('',#2689,#2690,#1268,.T.);
#3481=EDGE_CURVE('',#2689,#2691,#1269,.T.);
#3482=EDGE_CURVE('',#2691,#2692,#1270,.T.);
#3483=EDGE_CURVE('',#2692,#2690,#1271,.T.);
#3484=EDGE_CURVE('',#2693,#2689,#1272,.T.);
#3485=EDGE_CURVE('',#2693,#2694,#1273,.T.);
#3486=EDGE_CURVE('',#2695,#2694,#1274,.T.);
#3487=EDGE_CURVE('',#2696,#2695,#1275,.T.);
#3488=EDGE_CURVE('',#2696,#2691,#1276,.T.);
#3489=EDGE_CURVE('',#2697,#2696,#1277,.T.);
#3490=EDGE_CURVE('',#2697,#2692,#1278,.T.);
#3491=EDGE_CURVE('',#2698,#2694,#1279,.T.);
#3492=EDGE_CURVE('',#2699,#2698,#1280,.T.);
#3493=EDGE_CURVE('',#2699,#2695,#1281,.T.);
#3494=EDGE_CURVE('',#2690,#2700,#1282,.T.);
#3495=EDGE_CURVE('',#2697,#2699,#1283,.T.);
#3496=EDGE_CURVE('',#2700,#2698,#1284,.T.);
#3497=EDGE_CURVE('',#2694,#2701,#1285,.T.);
#3498=EDGE_CURVE('',#2702,#2701,#1286,.T.);
#3499=EDGE_CURVE('',#2698,#2702,#1287,.T.);
#3500=EDGE_CURVE('',#2703,#2704,#1288,.T.);
#3501=EDGE_CURVE('',#2704,#2705,#87,.T.);
#3502=EDGE_CURVE('',#2706,#2705,#1289,.T.);
#3503=EDGE_CURVE('',#2707,#2706,#1290,.T.);
#3504=EDGE_CURVE('',#2708,#2707,#1291,.T.);
#3505=EDGE_CURVE('',#2708,#2703,#1292,.T.);
#3506=EDGE_CURVE('',#2709,#2705,#1293,.T.);
#3507=EDGE_CURVE('',#2709,#2710,#1294,.T.);
#3508=EDGE_CURVE('',#2710,#2706,#1295,.T.);
#3509=EDGE_CURVE('',#2711,#2712,#1296,.T.);
#3510=EDGE_CURVE('',#2713,#2711,#1297,.T.);
#3511=EDGE_CURVE('',#2713,#2714,#1298,.T.);
#3512=EDGE_CURVE('',#2714,#2710,#1299,.T.);
#3513=EDGE_CURVE('',#2712,#2709,#88,.T.);
#3514=EDGE_CURVE('',#2703,#2711,#1300,.T.);
#3515=EDGE_CURVE('',#2715,#2711,#1301,.T.);
#3516=EDGE_CURVE('',#2716,#2715,#1302,.T.);
#3517=EDGE_CURVE('',#2716,#2703,#1303,.T.);
#3518=EDGE_CURVE('',#2717,#2718,#1304,.T.);
#3519=EDGE_CURVE('',#2718,#2719,#89,.T.);
#3520=EDGE_CURVE('',#2720,#2719,#1305,.T.);
#3521=EDGE_CURVE('',#2721,#2720,#1306,.T.);
#3522=EDGE_CURVE('',#2722,#2721,#1307,.T.);
#3523=EDGE_CURVE('',#2722,#2717,#1308,.T.);
#3524=EDGE_CURVE('',#2723,#2719,#1309,.T.);
#3525=EDGE_CURVE('',#2723,#2724,#1310,.T.);
#3526=EDGE_CURVE('',#2724,#2720,#1311,.T.);
#3527=EDGE_CURVE('',#2725,#2726,#1312,.T.);
#3528=EDGE_CURVE('',#2727,#2725,#1313,.T.);
#3529=EDGE_CURVE('',#2727,#2728,#1314,.T.);
#3530=EDGE_CURVE('',#2728,#2724,#1315,.T.);
#3531=EDGE_CURVE('',#2723,#2726,#90,.T.);
#3532=EDGE_CURVE('',#2717,#2725,#1316,.T.);
#3533=EDGE_CURVE('',#2729,#2725,#1317,.T.);
#3534=EDGE_CURVE('',#2730,#2729,#1318,.T.);
#3535=EDGE_CURVE('',#2730,#2717,#1319,.T.);
#3536=EDGE_CURVE('',#2731,#2732,#1320,.T.);
#3537=EDGE_CURVE('',#2731,#2733,#1321,.T.);
#3538=EDGE_CURVE('',#2733,#2734,#1322,.T.);
#3539=EDGE_CURVE('',#2734,#2732,#1323,.T.);
#3540=EDGE_CURVE('',#2735,#2731,#1324,.T.);
#3541=EDGE_CURVE('',#2735,#2736,#1325,.T.);
#3542=EDGE_CURVE('',#2737,#2736,#1326,.T.);
#3543=EDGE_CURVE('',#2738,#2737,#1327,.T.);
#3544=EDGE_CURVE('',#2738,#2733,#1328,.T.);
#3545=EDGE_CURVE('',#2739,#2738,#1329,.T.);
#3546=EDGE_CURVE('',#2739,#2734,#1330,.T.);
#3547=EDGE_CURVE('',#2740,#2736,#1331,.T.);
#3548=EDGE_CURVE('',#2741,#2740,#1332,.T.);
#3549=EDGE_CURVE('',#2741,#2737,#1333,.T.);
#3550=EDGE_CURVE('',#2732,#2742,#1334,.T.);
#3551=EDGE_CURVE('',#2739,#2741,#1335,.T.);
#3552=EDGE_CURVE('',#2742,#2740,#1336,.T.);
#3553=EDGE_CURVE('',#2736,#2743,#1337,.T.);
#3554=EDGE_CURVE('',#2744,#2743,#1338,.T.);
#3555=EDGE_CURVE('',#2740,#2744,#1339,.T.);
#3556=EDGE_CURVE('',#2745,#2746,#91,.T.);
#3557=EDGE_CURVE('',#2746,#2747,#1340,.T.);
#3558=EDGE_CURVE('',#2747,#2748,#92,.T.);
#3559=EDGE_CURVE('',#2748,#2745,#1341,.T.);
#3560=EDGE_CURVE('',#2749,#2750,#93,.T.);
#3561=EDGE_CURVE('',#2750,#2746,#94,.T.);
#3562=EDGE_CURVE('',#2745,#2749,#95,.T.);
#3563=EDGE_CURVE('',#2751,#2752,#96,.T.);
#3564=EDGE_CURVE('',#2752,#2748,#97,.T.);
#3565=EDGE_CURVE('',#2747,#2751,#98,.T.);
#3566=EDGE_CURVE('',#2753,#2754,#99,.T.);
#3567=EDGE_CURVE('',#2754,#2750,#1342,.T.);
#3568=EDGE_CURVE('',#2749,#2753,#1343,.T.);
#3569=EDGE_CURVE('',#2755,#2756,#100,.T.);
#3570=EDGE_CURVE('',#2756,#2752,#1344,.T.);
#3571=EDGE_CURVE('',#2751,#2755,#1345,.T.);
#3572=EDGE_CURVE('',#2757,#2758,#101,.T.);
#3573=EDGE_CURVE('',#2758,#2754,#102,.T.);
#3574=EDGE_CURVE('',#2753,#2757,#103,.T.);
#3575=EDGE_CURVE('',#2759,#2760,#104,.T.);
#3576=EDGE_CURVE('',#2760,#2756,#105,.T.);
#3577=EDGE_CURVE('',#2755,#2759,#106,.T.);
#3578=EDGE_CURVE('',#2759,#2758,#1346,.T.);
#3579=EDGE_CURVE('',#2757,#2760,#1347,.T.);
#3580=EDGE_CURVE('',#2714,#2721,#107,.T.);
#3581=EDGE_CURVE('',#2728,#2702,#108,.T.);
#3582=EDGE_CURVE('',#2701,#2744,#109,.T.);
#3583=EDGE_CURVE('',#2743,#2707,#110,.T.);
#3584=EDGE_CURVE('',#2735,#2708,#111,.T.);
#3585=EDGE_CURVE('',#2693,#2742,#112,.T.);
#3586=EDGE_CURVE('',#2727,#2700,#113,.T.);
#3587=EDGE_CURVE('',#2713,#2722,#114,.T.);
#3588=EDGE_CURVE('',#2719,#2761,#115,.T.);
#3589=EDGE_CURVE('',#2761,#2762,#1348,.T.);
#3590=EDGE_CURVE('',#2762,#2723,#116,.T.);
#3591=EDGE_CURVE('',#2763,#2699,#117,.T.);
#3592=EDGE_CURVE('',#2726,#2699,#118,.T.);
#3593=EDGE_CURVE('',#2762,#2763,#119,.T.);
#3594=EDGE_CURVE('',#2709,#2764,#120,.T.);
#3595=EDGE_CURVE('',#2764,#2761,#121,.T.);
#3596=EDGE_CURVE('',#2712,#2718,#122,.T.);
#3597=EDGE_CURVE('',#2763,#2765,#1349,.T.);
#3598=EDGE_CURVE('',#2765,#2695,#123,.T.);
#3599=EDGE_CURVE('',#2705,#2766,#124,.T.);
#3600=EDGE_CURVE('',#2766,#2764,#1350,.T.);
#3601=EDGE_CURVE('',#2767,#2741,#125,.T.);
#3602=EDGE_CURVE('',#2695,#2741,#126,.T.);
#3603=EDGE_CURVE('',#2765,#2767,#127,.T.);
#3604=EDGE_CURVE('',#2737,#2768,#128,.T.);
#3605=EDGE_CURVE('',#2768,#2766,#129,.T.);
#3606=EDGE_CURVE('',#2737,#2704,#130,.T.);
#3607=EDGE_CURVE('',#2767,#2768,#1351,.T.);
#3608=EDGE_CURVE('',#2765,#2769,#1352,.T.);
#3609=EDGE_CURVE('',#2770,#2769,#131,.T.);
#3610=EDGE_CURVE('',#2767,#2770,#1353,.T.);
#3611=EDGE_CURVE('',#2763,#2771,#1354,.T.);
#3612=EDGE_CURVE('',#2769,#2771,#1355,.T.);
#3613=EDGE_CURVE('',#2762,#2772,#1356,.T.);
#3614=EDGE_CURVE('',#2771,#2772,#132,.T.);
#3615=EDGE_CURVE('',#2761,#2773,#1357,.T.);
#3616=EDGE_CURVE('',#2772,#2773,#1358,.T.);
#3617=EDGE_CURVE('',#2774,#2775,#1359,.T.);
#3618=EDGE_CURVE('',#2775,#2776,#133,.T.);
#3619=EDGE_CURVE('',#2776,#2777,#1360,.T.);
#3620=EDGE_CURVE('',#2777,#2774,#134,.T.);
#3621=EDGE_CURVE('',#2778,#2779,#1361,.T.);
#3622=EDGE_CURVE('',#2779,#2780,#135,.T.);
#3623=EDGE_CURVE('',#2780,#2781,#1362,.T.);
#3624=EDGE_CURVE('',#2781,#2778,#136,.T.);
#3625=EDGE_CURVE('',#2782,#2783,#1363,.T.);
#3626=EDGE_CURVE('',#2783,#2784,#137,.T.);
#3627=EDGE_CURVE('',#2784,#2785,#1364,.T.);
#3628=EDGE_CURVE('',#2785,#2782,#138,.T.);
#3629=EDGE_CURVE('',#2786,#2772,#139,.T.);
#3630=EDGE_CURVE('',#2773,#2787,#140,.T.);
#3631=EDGE_CURVE('',#2787,#2786,#1365,.T.);
#3632=EDGE_CURVE('',#2788,#2771,#141,.T.);
#3633=EDGE_CURVE('',#2786,#2788,#142,.T.);
#3634=EDGE_CURVE('',#2789,#2790,#143,.T.);
#3635=EDGE_CURVE('',#2790,#2787,#144,.T.);
#3636=EDGE_CURVE('',#2773,#2789,#145,.T.);
#3637=EDGE_CURVE('',#2788,#2791,#1366,.T.);
#3638=EDGE_CURVE('',#2791,#2769,#146,.T.);
#3639=EDGE_CURVE('',#2789,#2792,#1367,.T.);
#3640=EDGE_CURVE('',#2792,#2793,#147,.T.);
#3641=EDGE_CURVE('',#2793,#2790,#1368,.T.);
#3642=EDGE_CURVE('',#2794,#2770,#148,.T.);
#3643=EDGE_CURVE('',#2791,#2794,#149,.T.);
#3644=EDGE_CURVE('',#2795,#2796,#150,.T.);
#3645=EDGE_CURVE('',#2796,#2793,#151,.T.);
#3646=EDGE_CURVE('',#2792,#2795,#152,.T.);
#3647=EDGE_CURVE('',#2797,#2798,#2281,.T.);
#3648=EDGE_CURVE('',#2798,#2770,#1369,.T.);
#3649=EDGE_CURVE('',#2794,#2796,#1370,.T.);
#3650=EDGE_CURVE('',#2795,#2799,#1371,.T.);
#3651=EDGE_CURVE('',#2799,#2800,#2282,.T.);
#3652=EDGE_CURVE('',#2800,#2797,#1372,.T.);
#3653=EDGE_CURVE('',#2798,#2801,#153,.T.);
#3654=EDGE_CURVE('',#2801,#2802,#1373,.T.);
#3655=EDGE_CURVE('',#2802,#2799,#154,.T.);
#3656=EDGE_CURVE('',#2768,#2795,#1374,.T.);
#3657=EDGE_CURVE('',#2797,#2803,#1375,.T.);
#3658=EDGE_CURVE('',#2804,#2803,#155,.T.);
#3659=EDGE_CURVE('',#2801,#2804,#1376,.T.);
#3660=EDGE_CURVE('',#2800,#2805,#1377,.T.);
#3661=EDGE_CURVE('',#2803,#2805,#1378,.T.);
#3662=EDGE_CURVE('',#2806,#2806,#156,.T.);
#3663=EDGE_CURVE('',#2806,#2807,#1379,.T.);
#3664=EDGE_CURVE('',#2807,#2807,#157,.T.);
#3665=EDGE_CURVE('',#2808,#2808,#158,.T.);
#3666=EDGE_CURVE('',#2808,#2809,#1380,.T.);
#3667=EDGE_CURVE('',#2809,#2809,#159,.T.);
#3668=EDGE_CURVE('',#2810,#2811,#1381,.T.);
#3669=EDGE_CURVE('',#2812,#2810,#1382,.T.);
#3670=EDGE_CURVE('',#2813,#2812,#1383,.T.);
#3671=EDGE_CURVE('',#2813,#2811,#1384,.T.);
#3672=EDGE_CURVE('',#2811,#2814,#160,.T.);
#3673=EDGE_CURVE('',#2815,#2813,#161,.T.);
#3674=EDGE_CURVE('',#2815,#2814,#1385,.T.);
#3675=EDGE_CURVE('',#2814,#2816,#1386,.T.);
#3676=EDGE_CURVE('',#2817,#2815,#1387,.T.);
#3677=EDGE_CURVE('',#2817,#2816,#1388,.T.);
#3678=EDGE_CURVE('',#2816,#2810,#162,.T.);
#3679=EDGE_CURVE('',#2812,#2817,#163,.T.);
#3680=EDGE_CURVE('',#2818,#2819,#1389,.T.);
#3681=EDGE_CURVE('',#2820,#2818,#1390,.T.);
#3682=EDGE_CURVE('',#2821,#2820,#1391,.T.);
#3683=EDGE_CURVE('',#2821,#2819,#1392,.T.);
#3684=EDGE_CURVE('',#2819,#2822,#164,.T.);
#3685=EDGE_CURVE('',#2823,#2821,#165,.T.);
#3686=EDGE_CURVE('',#2823,#2822,#1393,.T.);
#3687=EDGE_CURVE('',#2822,#2824,#1394,.T.);
#3688=EDGE_CURVE('',#2825,#2823,#1395,.T.);
#3689=EDGE_CURVE('',#2825,#2824,#1396,.T.);
#3690=EDGE_CURVE('',#2824,#2818,#166,.T.);
#3691=EDGE_CURVE('',#2820,#2825,#167,.T.);
#3692=EDGE_CURVE('',#2826,#2827,#1397,.T.);
#3693=EDGE_CURVE('',#2828,#2826,#1398,.T.);
#3694=EDGE_CURVE('',#2829,#2828,#1399,.T.);
#3695=EDGE_CURVE('',#2829,#2827,#1400,.T.);
#3696=EDGE_CURVE('',#2827,#2830,#168,.T.);
#3697=EDGE_CURVE('',#2831,#2829,#169,.T.);
#3698=EDGE_CURVE('',#2831,#2830,#1401,.T.);
#3699=EDGE_CURVE('',#2830,#2832,#1402,.T.);
#3700=EDGE_CURVE('',#2833,#2831,#1403,.T.);
#3701=EDGE_CURVE('',#2833,#2832,#1404,.T.);
#3702=EDGE_CURVE('',#2832,#2826,#170,.T.);
#3703=EDGE_CURVE('',#2828,#2833,#171,.T.);
#3704=EDGE_CURVE('',#2802,#2834,#1405,.T.);
#3705=EDGE_CURVE('',#2805,#2834,#172,.T.);
#3706=EDGE_CURVE('',#2834,#2804,#1406,.T.);
#3707=EDGE_CURVE('',#2835,#2836,#1407,.T.);
#3708=EDGE_CURVE('',#2837,#2836,#1408,.T.);
#3709=EDGE_CURVE('',#2838,#2837,#1409,.T.);
#3710=EDGE_CURVE('',#2838,#2835,#1410,.T.);
#3711=EDGE_CURVE('',#2839,#2729,#1411,.T.);
#3712=EDGE_CURVE('',#2840,#2839,#1412,.T.);
#3713=EDGE_CURVE('',#2840,#2730,#1413,.T.);
#3714=EDGE_CURVE('',#2786,#2837,#1414,.T.);
#3715=EDGE_CURVE('',#2787,#2838,#1415,.T.);
#3716=EDGE_CURVE('',#2836,#2841,#173,.T.);
#3717=EDGE_CURVE('',#2842,#2841,#1416,.T.);
#3718=EDGE_CURVE('',#2837,#2842,#174,.T.);
#3719=EDGE_CURVE('',#2836,#2839,#1417,.T.);
#3720=EDGE_CURVE('',#2839,#2843,#175,.T.);
#3721=EDGE_CURVE('',#2841,#2843,#1418,.T.);
#3722=EDGE_CURVE('',#2729,#2697,#176,.T.);
#3723=EDGE_CURVE('',#2843,#2697,#1419,.T.);
#3724=EDGE_CURVE('',#2788,#2842,#1420,.T.);
#3725=EDGE_CURVE('',#2841,#2844,#1421,.T.);
#3726=EDGE_CURVE('',#2845,#2844,#1422,.T.);
#3727=EDGE_CURVE('',#2842,#2845,#1423,.T.);
#3728=EDGE_CURVE('',#2843,#2846,#1424,.T.);
#3729=EDGE_CURVE('',#2844,#2846,#1425,.T.);
#3730=EDGE_CURVE('',#2846,#2696,#1426,.T.);
#3731=EDGE_CURVE('',#2791,#2845,#1427,.T.);
#3732=EDGE_CURVE('',#2844,#2847,#177,.T.);
#3733=EDGE_CURVE('',#2848,#2847,#1428,.T.);
#3734=EDGE_CURVE('',#2845,#2848,#178,.T.);
#3735=EDGE_CURVE('',#2846,#2849,#179,.T.);
#3736=EDGE_CURVE('',#2847,#2849,#1429,.T.);
#3737=EDGE_CURVE('',#2696,#2739,#180,.T.);
#3738=EDGE_CURVE('',#2849,#2739,#1430,.T.);
#3739=EDGE_CURVE('',#2794,#2848,#1431,.T.);
#3740=EDGE_CURVE('',#2847,#2850,#1432,.T.);
#3741=EDGE_CURVE('',#2851,#2850,#1433,.T.);
#3742=EDGE_CURVE('',#2848,#2851,#1434,.T.);
#3743=EDGE_CURVE('',#2849,#2852,#1435,.T.);
#3744=EDGE_CURVE('',#2850,#2852,#1436,.T.);
#3745=EDGE_CURVE('',#2852,#2738,#1437,.T.);
#3746=EDGE_CURVE('',#2796,#2851,#1438,.T.);
#3747=EDGE_CURVE('',#2850,#2853,#181,.T.);
#3748=EDGE_CURVE('',#2854,#2853,#1439,.T.);
#3749=EDGE_CURVE('',#2851,#2854,#182,.T.);
#3750=EDGE_CURVE('',#2852,#2855,#183,.T.);
#3751=EDGE_CURVE('',#2853,#2855,#1440,.T.);
#3752=EDGE_CURVE('',#2738,#2716,#184,.T.);
#3753=EDGE_CURVE('',#2855,#2716,#1441,.T.);
#3754=EDGE_CURVE('',#2766,#2792,#1442,.T.);
#3755=EDGE_CURVE('',#2793,#2854,#1443,.T.);
#3756=EDGE_CURVE('',#2853,#2856,#1444,.T.);
#3757=EDGE_CURVE('',#2857,#2856,#1445,.T.);
#3758=EDGE_CURVE('',#2854,#2857,#1446,.T.);
#3759=EDGE_CURVE('',#2855,#2858,#1447,.T.);
#3760=EDGE_CURVE('',#2856,#2858,#1448,.T.);
#3761=EDGE_CURVE('',#2858,#2715,#1449,.T.);
#3762=EDGE_CURVE('',#2764,#2789,#1450,.T.);
#3763=EDGE_CURVE('',#2790,#2857,#1451,.T.);
#3764=EDGE_CURVE('',#2856,#2835,#185,.T.);
#3765=EDGE_CURVE('',#2857,#2838,#186,.T.);
#3766=EDGE_CURVE('',#2858,#2840,#187,.T.);
#3767=EDGE_CURVE('',#2835,#2840,#1452,.T.);
#3768=EDGE_CURVE('',#2715,#2730,#188,.T.);
#3769=EDGE_CURVE('',#2859,#2860,#1453,.T.);
#3770=EDGE_CURVE('',#2860,#2861,#189,.T.);
#3771=EDGE_CURVE('',#2861,#2862,#1454,.T.);
#3772=EDGE_CURVE('',#2862,#2859,#190,.T.);
#3773=EDGE_CURVE('',#2863,#2864,#1455,.T.);
#3774=EDGE_CURVE('',#2864,#2865,#191,.T.);
#3775=EDGE_CURVE('',#2865,#2866,#1456,.T.);
#3776=EDGE_CURVE('',#2866,#2863,#192,.T.);
#3777=EDGE_CURVE('',#2867,#2868,#1457,.T.);
#3778=EDGE_CURVE('',#2868,#2869,#193,.T.);
#3779=EDGE_CURVE('',#2869,#2870,#1458,.T.);
#3780=EDGE_CURVE('',#2870,#2867,#194,.T.);
#3781=EDGE_CURVE('',#2782,#2860,#1459,.T.);
#3782=EDGE_CURVE('',#2785,#2861,#1460,.T.);
#3783=EDGE_CURVE('',#2783,#2859,#1461,.T.);
#3784=EDGE_CURVE('',#2784,#2862,#1462,.T.);
#3785=EDGE_CURVE('',#2778,#2864,#1463,.T.);
#3786=EDGE_CURVE('',#2781,#2865,#1464,.T.);
#3787=EDGE_CURVE('',#2779,#2863,#1465,.T.);
#3788=EDGE_CURVE('',#2780,#2866,#1466,.T.);
#3789=EDGE_CURVE('',#2774,#2868,#1467,.T.);
#3790=EDGE_CURVE('',#2777,#2869,#1468,.T.);
#3791=EDGE_CURVE('',#2775,#2867,#1469,.T.);
#3792=EDGE_CURVE('',#2776,#2870,#1470,.T.);
#3793=ORIENTED_EDGE('',*,*,#2871,.F.);
#3794=ORIENTED_EDGE('',*,*,#2872,.T.);
#3795=ORIENTED_EDGE('',*,*,#2873,.F.);
#3796=ORIENTED_EDGE('',*,*,#2874,.F.);
#3797=ORIENTED_EDGE('',*,*,#2875,.F.);
#3798=ORIENTED_EDGE('',*,*,#2874,.T.);
#3799=ORIENTED_EDGE('',*,*,#2876,.F.);
#3800=ORIENTED_EDGE('',*,*,#2877,.F.);
#3801=ORIENTED_EDGE('',*,*,#2878,.F.);
#3802=ORIENTED_EDGE('',*,*,#2877,.T.);
#3803=ORIENTED_EDGE('',*,*,#2879,.F.);
#3804=ORIENTED_EDGE('',*,*,#2880,.F.);
#3805=ORIENTED_EDGE('',*,*,#2881,.F.);
#3806=ORIENTED_EDGE('',*,*,#2880,.T.);
#3807=ORIENTED_EDGE('',*,*,#2882,.F.);
#3808=ORIENTED_EDGE('',*,*,#2883,.F.);
#3809=ORIENTED_EDGE('',*,*,#2884,.F.);
#3810=ORIENTED_EDGE('',*,*,#2883,.T.);
#3811=ORIENTED_EDGE('',*,*,#2885,.F.);
#3812=ORIENTED_EDGE('',*,*,#2886,.F.);
#3813=ORIENTED_EDGE('',*,*,#2887,.F.);
#3814=ORIENTED_EDGE('',*,*,#2886,.T.);
#3815=ORIENTED_EDGE('',*,*,#2888,.F.);
#3816=ORIENTED_EDGE('',*,*,#2889,.F.);
#3817=ORIENTED_EDGE('',*,*,#2890,.F.);
#3818=ORIENTED_EDGE('',*,*,#2889,.T.);
#3819=ORIENTED_EDGE('',*,*,#2891,.F.);
#3820=ORIENTED_EDGE('',*,*,#2892,.F.);
#3821=ORIENTED_EDGE('',*,*,#2893,.F.);
#3822=ORIENTED_EDGE('',*,*,#2892,.T.);
#3823=ORIENTED_EDGE('',*,*,#2894,.F.);
#3824=ORIENTED_EDGE('',*,*,#2895,.F.);
#3825=ORIENTED_EDGE('',*,*,#2896,.F.);
#3826=ORIENTED_EDGE('',*,*,#2895,.T.);
#3827=ORIENTED_EDGE('',*,*,#2897,.F.);
#3828=ORIENTED_EDGE('',*,*,#2898,.F.);
#3829=ORIENTED_EDGE('',*,*,#2899,.F.);
#3830=ORIENTED_EDGE('',*,*,#2898,.T.);
#3831=ORIENTED_EDGE('',*,*,#2900,.F.);
#3832=ORIENTED_EDGE('',*,*,#2901,.F.);
#3833=ORIENTED_EDGE('',*,*,#2902,.F.);
#3834=ORIENTED_EDGE('',*,*,#2901,.T.);
#3835=ORIENTED_EDGE('',*,*,#2903,.F.);
#3836=ORIENTED_EDGE('',*,*,#2904,.F.);
#3837=ORIENTED_EDGE('',*,*,#2905,.F.);
#3838=ORIENTED_EDGE('',*,*,#2904,.T.);
#3839=ORIENTED_EDGE('',*,*,#2906,.F.);
#3840=ORIENTED_EDGE('',*,*,#2872,.F.);
#3841=ORIENTED_EDGE('',*,*,#2906,.T.);
#3842=ORIENTED_EDGE('',*,*,#2903,.T.);
#3843=ORIENTED_EDGE('',*,*,#2900,.T.);
#3844=ORIENTED_EDGE('',*,*,#2897,.T.);
#3845=ORIENTED_EDGE('',*,*,#2894,.T.);
#3846=ORIENTED_EDGE('',*,*,#2891,.T.);
#3847=ORIENTED_EDGE('',*,*,#2888,.T.);
#3848=ORIENTED_EDGE('',*,*,#2885,.T.);
#3849=ORIENTED_EDGE('',*,*,#2882,.T.);
#3850=ORIENTED_EDGE('',*,*,#2879,.T.);
#3851=ORIENTED_EDGE('',*,*,#2876,.T.);
#3852=ORIENTED_EDGE('',*,*,#2873,.T.);
#3853=ORIENTED_EDGE('',*,*,#2905,.T.);
#3854=ORIENTED_EDGE('',*,*,#2871,.T.);
#3855=ORIENTED_EDGE('',*,*,#2875,.T.);
#3856=ORIENTED_EDGE('',*,*,#2878,.T.);
#3857=ORIENTED_EDGE('',*,*,#2881,.T.);
#3858=ORIENTED_EDGE('',*,*,#2884,.T.);
#3859=ORIENTED_EDGE('',*,*,#2887,.T.);
#3860=ORIENTED_EDGE('',*,*,#2890,.T.);
#3861=ORIENTED_EDGE('',*,*,#2893,.T.);
#3862=ORIENTED_EDGE('',*,*,#2896,.T.);
#3863=ORIENTED_EDGE('',*,*,#2899,.T.);
#3864=ORIENTED_EDGE('',*,*,#2902,.T.);
#3865=ORIENTED_EDGE('',*,*,#2907,.F.);
#3866=ORIENTED_EDGE('',*,*,#2908,.T.);
#3867=ORIENTED_EDGE('',*,*,#2909,.F.);
#3868=ORIENTED_EDGE('',*,*,#2910,.F.);
#3869=ORIENTED_EDGE('',*,*,#2911,.F.);
#3870=ORIENTED_EDGE('',*,*,#2910,.T.);
#3871=ORIENTED_EDGE('',*,*,#2912,.F.);
#3872=ORIENTED_EDGE('',*,*,#2913,.F.);
#3873=ORIENTED_EDGE('',*,*,#2914,.F.);
#3874=ORIENTED_EDGE('',*,*,#2913,.T.);
#3875=ORIENTED_EDGE('',*,*,#2915,.F.);
#3876=ORIENTED_EDGE('',*,*,#2916,.F.);
#3877=ORIENTED_EDGE('',*,*,#2917,.F.);
#3878=ORIENTED_EDGE('',*,*,#2916,.T.);
#3879=ORIENTED_EDGE('',*,*,#2918,.F.);
#3880=ORIENTED_EDGE('',*,*,#2919,.F.);
#3881=ORIENTED_EDGE('',*,*,#2920,.F.);
#3882=ORIENTED_EDGE('',*,*,#2919,.T.);
#3883=ORIENTED_EDGE('',*,*,#2921,.F.);
#3884=ORIENTED_EDGE('',*,*,#2922,.F.);
#3885=ORIENTED_EDGE('',*,*,#2923,.F.);
#3886=ORIENTED_EDGE('',*,*,#2922,.T.);
#3887=ORIENTED_EDGE('',*,*,#2924,.F.);
#3888=ORIENTED_EDGE('',*,*,#2925,.F.);
#3889=ORIENTED_EDGE('',*,*,#2926,.F.);
#3890=ORIENTED_EDGE('',*,*,#2925,.T.);
#3891=ORIENTED_EDGE('',*,*,#2927,.F.);
#3892=ORIENTED_EDGE('',*,*,#2928,.F.);
#3893=ORIENTED_EDGE('',*,*,#2929,.F.);
#3894=ORIENTED_EDGE('',*,*,#2928,.T.);
#3895=ORIENTED_EDGE('',*,*,#2930,.F.);
#3896=ORIENTED_EDGE('',*,*,#2908,.F.);
#3897=ORIENTED_EDGE('',*,*,#2930,.T.);
#3898=ORIENTED_EDGE('',*,*,#2927,.T.);
#3899=ORIENTED_EDGE('',*,*,#2924,.T.);
#3900=ORIENTED_EDGE('',*,*,#2921,.T.);
#3901=ORIENTED_EDGE('',*,*,#2918,.T.);
#3902=ORIENTED_EDGE('',*,*,#2915,.T.);
#3903=ORIENTED_EDGE('',*,*,#2912,.T.);
#3904=ORIENTED_EDGE('',*,*,#2909,.T.);
#3905=ORIENTED_EDGE('',*,*,#2929,.T.);
#3906=ORIENTED_EDGE('',*,*,#2907,.T.);
#3907=ORIENTED_EDGE('',*,*,#2911,.T.);
#3908=ORIENTED_EDGE('',*,*,#2914,.T.);
#3909=ORIENTED_EDGE('',*,*,#2917,.T.);
#3910=ORIENTED_EDGE('',*,*,#2920,.T.);
#3911=ORIENTED_EDGE('',*,*,#2923,.T.);
#3912=ORIENTED_EDGE('',*,*,#2926,.T.);
#3913=ORIENTED_EDGE('',*,*,#2931,.T.);
#3914=ORIENTED_EDGE('',*,*,#2932,.T.);
#3915=ORIENTED_EDGE('',*,*,#2933,.F.);
#3916=ORIENTED_EDGE('',*,*,#2934,.F.);
#3917=ORIENTED_EDGE('',*,*,#2935,.T.);
#3918=ORIENTED_EDGE('',*,*,#2934,.T.);
#3919=ORIENTED_EDGE('',*,*,#2936,.F.);
#3920=ORIENTED_EDGE('',*,*,#2937,.F.);
#3921=ORIENTED_EDGE('',*,*,#2938,.T.);
#3922=ORIENTED_EDGE('',*,*,#2937,.T.);
#3923=ORIENTED_EDGE('',*,*,#2939,.F.);
#3924=ORIENTED_EDGE('',*,*,#2940,.F.);
#3925=ORIENTED_EDGE('',*,*,#2941,.T.);
#3926=ORIENTED_EDGE('',*,*,#2940,.T.);
#3927=ORIENTED_EDGE('',*,*,#2942,.F.);
#3928=ORIENTED_EDGE('',*,*,#2943,.F.);
#3929=ORIENTED_EDGE('',*,*,#2944,.T.);
#3930=ORIENTED_EDGE('',*,*,#2943,.T.);
#3931=ORIENTED_EDGE('',*,*,#2945,.F.);
#3932=ORIENTED_EDGE('',*,*,#2946,.F.);
#3933=ORIENTED_EDGE('',*,*,#2947,.T.);
#3934=ORIENTED_EDGE('',*,*,#2946,.T.);
#3935=ORIENTED_EDGE('',*,*,#2948,.F.);
#3936=ORIENTED_EDGE('',*,*,#2932,.F.);
#3937=ORIENTED_EDGE('',*,*,#2949,.T.);
#3938=ORIENTED_EDGE('',*,*,#2950,.T.);
#3939=ORIENTED_EDGE('',*,*,#2951,.F.);
#3940=ORIENTED_EDGE('',*,*,#2952,.F.);
#3941=ORIENTED_EDGE('',*,*,#2953,.T.);
#3942=ORIENTED_EDGE('',*,*,#2952,.T.);
#3943=ORIENTED_EDGE('',*,*,#2954,.F.);
#3944=ORIENTED_EDGE('',*,*,#2955,.F.);
#3945=ORIENTED_EDGE('',*,*,#2956,.T.);
#3946=ORIENTED_EDGE('',*,*,#2955,.T.);
#3947=ORIENTED_EDGE('',*,*,#2957,.F.);
#3948=ORIENTED_EDGE('',*,*,#2958,.F.);
#3949=ORIENTED_EDGE('',*,*,#2959,.T.);
#3950=ORIENTED_EDGE('',*,*,#2958,.T.);
#3951=ORIENTED_EDGE('',*,*,#2960,.F.);
#3952=ORIENTED_EDGE('',*,*,#2961,.F.);
#3953=ORIENTED_EDGE('',*,*,#2962,.T.);
#3954=ORIENTED_EDGE('',*,*,#2961,.T.);
#3955=ORIENTED_EDGE('',*,*,#2963,.F.);
#3956=ORIENTED_EDGE('',*,*,#2950,.F.);
#3957=ORIENTED_EDGE('',*,*,#2964,.T.);
#3958=ORIENTED_EDGE('',*,*,#2965,.T.);
#3959=ORIENTED_EDGE('',*,*,#2966,.F.);
#3960=ORIENTED_EDGE('',*,*,#2967,.F.);
#3961=ORIENTED_EDGE('',*,*,#2968,.T.);
#3962=ORIENTED_EDGE('',*,*,#2967,.T.);
#3963=ORIENTED_EDGE('',*,*,#2969,.F.);
#3964=ORIENTED_EDGE('',*,*,#2970,.F.);
#3965=ORIENTED_EDGE('',*,*,#2971,.T.);
#3966=ORIENTED_EDGE('',*,*,#2970,.T.);
#3967=ORIENTED_EDGE('',*,*,#2972,.F.);
#3968=ORIENTED_EDGE('',*,*,#2965,.F.);
#3969=ORIENTED_EDGE('',*,*,#2973,.T.);
#3970=ORIENTED_EDGE('',*,*,#2974,.T.);
#3971=ORIENTED_EDGE('',*,*,#2975,.F.);
#3972=ORIENTED_EDGE('',*,*,#2976,.F.);
#3973=ORIENTED_EDGE('',*,*,#2977,.T.);
#3974=ORIENTED_EDGE('',*,*,#2976,.T.);
#3975=ORIENTED_EDGE('',*,*,#2978,.F.);
#3976=ORIENTED_EDGE('',*,*,#2979,.F.);
#3977=ORIENTED_EDGE('',*,*,#2980,.T.);
#3978=ORIENTED_EDGE('',*,*,#2979,.T.);
#3979=ORIENTED_EDGE('',*,*,#2981,.F.);
#3980=ORIENTED_EDGE('',*,*,#2982,.F.);
#3981=ORIENTED_EDGE('',*,*,#2983,.T.);
#3982=ORIENTED_EDGE('',*,*,#2982,.T.);
#3983=ORIENTED_EDGE('',*,*,#2984,.F.);
#3984=ORIENTED_EDGE('',*,*,#2974,.F.);
#3985=ORIENTED_EDGE('',*,*,#2985,.T.);
#3986=ORIENTED_EDGE('',*,*,#2986,.T.);
#3987=ORIENTED_EDGE('',*,*,#2987,.F.);
#3988=ORIENTED_EDGE('',*,*,#2988,.F.);
#3989=ORIENTED_EDGE('',*,*,#2989,.T.);
#3990=ORIENTED_EDGE('',*,*,#2988,.T.);
#3991=ORIENTED_EDGE('',*,*,#2990,.F.);
#3992=ORIENTED_EDGE('',*,*,#2991,.F.);
#3993=ORIENTED_EDGE('',*,*,#2992,.T.);
#3994=ORIENTED_EDGE('',*,*,#2991,.T.);
#3995=ORIENTED_EDGE('',*,*,#2993,.F.);
#3996=ORIENTED_EDGE('',*,*,#2986,.F.);
#3997=ORIENTED_EDGE('',*,*,#2994,.T.);
#3998=ORIENTED_EDGE('',*,*,#2995,.T.);
#3999=ORIENTED_EDGE('',*,*,#2996,.F.);
#4000=ORIENTED_EDGE('',*,*,#2997,.F.);
#4001=ORIENTED_EDGE('',*,*,#2998,.T.);
#4002=ORIENTED_EDGE('',*,*,#2997,.T.);
#4003=ORIENTED_EDGE('',*,*,#2999,.F.);
#4004=ORIENTED_EDGE('',*,*,#3000,.F.);
#4005=ORIENTED_EDGE('',*,*,#3001,.T.);
#4006=ORIENTED_EDGE('',*,*,#3000,.T.);
#4007=ORIENTED_EDGE('',*,*,#3002,.F.);
#4008=ORIENTED_EDGE('',*,*,#3003,.F.);
#4009=ORIENTED_EDGE('',*,*,#3004,.T.);
#4010=ORIENTED_EDGE('',*,*,#3003,.T.);
#4011=ORIENTED_EDGE('',*,*,#3005,.F.);
#4012=ORIENTED_EDGE('',*,*,#2995,.F.);
#4013=ORIENTED_EDGE('',*,*,#3006,.T.);
#4014=ORIENTED_EDGE('',*,*,#3007,.T.);
#4015=ORIENTED_EDGE('',*,*,#3008,.F.);
#4016=ORIENTED_EDGE('',*,*,#3009,.F.);
#4017=ORIENTED_EDGE('',*,*,#3010,.T.);
#4018=ORIENTED_EDGE('',*,*,#3009,.T.);
#4019=ORIENTED_EDGE('',*,*,#3011,.F.);
#4020=ORIENTED_EDGE('',*,*,#3012,.F.);
#4021=ORIENTED_EDGE('',*,*,#3013,.T.);
#4022=ORIENTED_EDGE('',*,*,#3012,.T.);
#4023=ORIENTED_EDGE('',*,*,#3014,.F.);
#4024=ORIENTED_EDGE('',*,*,#3015,.F.);
#4025=ORIENTED_EDGE('',*,*,#3016,.T.);
#4026=ORIENTED_EDGE('',*,*,#3015,.T.);
#4027=ORIENTED_EDGE('',*,*,#3017,.F.);
#4028=ORIENTED_EDGE('',*,*,#3018,.F.);
#4029=ORIENTED_EDGE('',*,*,#3019,.T.);
#4030=ORIENTED_EDGE('',*,*,#3018,.T.);
#4031=ORIENTED_EDGE('',*,*,#3020,.F.);
#4032=ORIENTED_EDGE('',*,*,#3021,.F.);
#4033=ORIENTED_EDGE('',*,*,#3022,.T.);
#4034=ORIENTED_EDGE('',*,*,#3021,.T.);
#4035=ORIENTED_EDGE('',*,*,#3023,.F.);
#4036=ORIENTED_EDGE('',*,*,#3007,.F.);
#4037=ORIENTED_EDGE('',*,*,#3024,.F.);
#4038=ORIENTED_EDGE('',*,*,#3025,.T.);
#4039=ORIENTED_EDGE('',*,*,#3026,.F.);
#4040=ORIENTED_EDGE('',*,*,#3027,.F.);
#4041=ORIENTED_EDGE('',*,*,#3028,.F.);
#4042=ORIENTED_EDGE('',*,*,#3027,.T.);
#4043=ORIENTED_EDGE('',*,*,#3029,.F.);
#4044=ORIENTED_EDGE('',*,*,#3030,.F.);
#4045=ORIENTED_EDGE('',*,*,#3031,.F.);
#4046=ORIENTED_EDGE('',*,*,#3030,.T.);
#4047=ORIENTED_EDGE('',*,*,#3032,.F.);
#4048=ORIENTED_EDGE('',*,*,#3033,.F.);
#4049=ORIENTED_EDGE('',*,*,#3034,.F.);
#4050=ORIENTED_EDGE('',*,*,#3033,.T.);
#4051=ORIENTED_EDGE('',*,*,#3035,.F.);
#4052=ORIENTED_EDGE('',*,*,#3036,.F.);
#4053=ORIENTED_EDGE('',*,*,#3037,.F.);
#4054=ORIENTED_EDGE('',*,*,#3036,.T.);
#4055=ORIENTED_EDGE('',*,*,#3038,.F.);
#4056=ORIENTED_EDGE('',*,*,#3039,.F.);
#4057=ORIENTED_EDGE('',*,*,#3040,.F.);
#4058=ORIENTED_EDGE('',*,*,#3039,.T.);
#4059=ORIENTED_EDGE('',*,*,#3041,.F.);
#4060=ORIENTED_EDGE('',*,*,#3042,.F.);
#4061=ORIENTED_EDGE('',*,*,#3043,.F.);
#4062=ORIENTED_EDGE('',*,*,#3042,.T.);
#4063=ORIENTED_EDGE('',*,*,#3044,.F.);
#4064=ORIENTED_EDGE('',*,*,#3045,.F.);
#4065=ORIENTED_EDGE('',*,*,#3046,.F.);
#4066=ORIENTED_EDGE('',*,*,#3045,.T.);
#4067=ORIENTED_EDGE('',*,*,#3047,.F.);
#4068=ORIENTED_EDGE('',*,*,#3048,.F.);
#4069=ORIENTED_EDGE('',*,*,#3049,.F.);
#4070=ORIENTED_EDGE('',*,*,#3048,.T.);
#4071=ORIENTED_EDGE('',*,*,#3050,.F.);
#4072=ORIENTED_EDGE('',*,*,#3051,.F.);
#4073=ORIENTED_EDGE('',*,*,#3052,.F.);
#4074=ORIENTED_EDGE('',*,*,#3051,.T.);
#4075=ORIENTED_EDGE('',*,*,#3053,.F.);
#4076=ORIENTED_EDGE('',*,*,#3054,.F.);
#4077=ORIENTED_EDGE('',*,*,#3055,.F.);
#4078=ORIENTED_EDGE('',*,*,#3054,.T.);
#4079=ORIENTED_EDGE('',*,*,#3056,.F.);
#4080=ORIENTED_EDGE('',*,*,#3057,.F.);
#4081=ORIENTED_EDGE('',*,*,#3058,.F.);
#4082=ORIENTED_EDGE('',*,*,#3057,.T.);
#4083=ORIENTED_EDGE('',*,*,#3059,.F.);
#4084=ORIENTED_EDGE('',*,*,#3060,.F.);
#4085=ORIENTED_EDGE('',*,*,#3061,.F.);
#4086=ORIENTED_EDGE('',*,*,#3060,.T.);
#4087=ORIENTED_EDGE('',*,*,#3062,.F.);
#4088=ORIENTED_EDGE('',*,*,#3063,.F.);
#4089=ORIENTED_EDGE('',*,*,#3064,.F.);
#4090=ORIENTED_EDGE('',*,*,#3063,.T.);
#4091=ORIENTED_EDGE('',*,*,#3065,.F.);
#4092=ORIENTED_EDGE('',*,*,#3066,.F.);
#4093=ORIENTED_EDGE('',*,*,#3067,.F.);
#4094=ORIENTED_EDGE('',*,*,#3066,.T.);
#4095=ORIENTED_EDGE('',*,*,#3068,.F.);
#4096=ORIENTED_EDGE('',*,*,#3069,.F.);
#4097=ORIENTED_EDGE('',*,*,#3070,.F.);
#4098=ORIENTED_EDGE('',*,*,#3069,.T.);
#4099=ORIENTED_EDGE('',*,*,#3071,.F.);
#4100=ORIENTED_EDGE('',*,*,#3072,.F.);
#4101=ORIENTED_EDGE('',*,*,#3073,.F.);
#4102=ORIENTED_EDGE('',*,*,#3072,.T.);
#4103=ORIENTED_EDGE('',*,*,#3074,.F.);
#4104=ORIENTED_EDGE('',*,*,#3075,.F.);
#4105=ORIENTED_EDGE('',*,*,#3076,.F.);
#4106=ORIENTED_EDGE('',*,*,#3075,.T.);
#4107=ORIENTED_EDGE('',*,*,#3077,.F.);
#4108=ORIENTED_EDGE('',*,*,#3078,.F.);
#4109=ORIENTED_EDGE('',*,*,#3079,.F.);
#4110=ORIENTED_EDGE('',*,*,#3078,.T.);
#4111=ORIENTED_EDGE('',*,*,#3080,.F.);
#4112=ORIENTED_EDGE('',*,*,#3081,.F.);
#4113=ORIENTED_EDGE('',*,*,#3082,.F.);
#4114=ORIENTED_EDGE('',*,*,#3081,.T.);
#4115=ORIENTED_EDGE('',*,*,#3083,.F.);
#4116=ORIENTED_EDGE('',*,*,#3084,.F.);
#4117=ORIENTED_EDGE('',*,*,#3085,.F.);
#4118=ORIENTED_EDGE('',*,*,#3084,.T.);
#4119=ORIENTED_EDGE('',*,*,#3086,.F.);
#4120=ORIENTED_EDGE('',*,*,#3087,.F.);
#4121=ORIENTED_EDGE('',*,*,#3088,.F.);
#4122=ORIENTED_EDGE('',*,*,#3087,.T.);
#4123=ORIENTED_EDGE('',*,*,#3089,.F.);
#4124=ORIENTED_EDGE('',*,*,#3090,.F.);
#4125=ORIENTED_EDGE('',*,*,#3091,.F.);
#4126=ORIENTED_EDGE('',*,*,#3090,.T.);
#4127=ORIENTED_EDGE('',*,*,#3092,.F.);
#4128=ORIENTED_EDGE('',*,*,#3093,.F.);
#4129=ORIENTED_EDGE('',*,*,#3094,.F.);
#4130=ORIENTED_EDGE('',*,*,#3093,.T.);
#4131=ORIENTED_EDGE('',*,*,#3095,.F.);
#4132=ORIENTED_EDGE('',*,*,#3096,.F.);
#4133=ORIENTED_EDGE('',*,*,#3097,.F.);
#4134=ORIENTED_EDGE('',*,*,#3096,.T.);
#4135=ORIENTED_EDGE('',*,*,#3098,.F.);
#4136=ORIENTED_EDGE('',*,*,#3099,.F.);
#4137=ORIENTED_EDGE('',*,*,#3100,.F.);
#4138=ORIENTED_EDGE('',*,*,#3099,.T.);
#4139=ORIENTED_EDGE('',*,*,#3101,.F.);
#4140=ORIENTED_EDGE('',*,*,#3102,.F.);
#4141=ORIENTED_EDGE('',*,*,#3103,.F.);
#4142=ORIENTED_EDGE('',*,*,#3102,.T.);
#4143=ORIENTED_EDGE('',*,*,#3104,.F.);
#4144=ORIENTED_EDGE('',*,*,#3105,.F.);
#4145=ORIENTED_EDGE('',*,*,#3106,.F.);
#4146=ORIENTED_EDGE('',*,*,#3105,.T.);
#4147=ORIENTED_EDGE('',*,*,#3107,.F.);
#4148=ORIENTED_EDGE('',*,*,#3108,.F.);
#4149=ORIENTED_EDGE('',*,*,#3109,.F.);
#4150=ORIENTED_EDGE('',*,*,#3108,.T.);
#4151=ORIENTED_EDGE('',*,*,#3110,.F.);
#4152=ORIENTED_EDGE('',*,*,#3111,.F.);
#4153=ORIENTED_EDGE('',*,*,#3112,.F.);
#4154=ORIENTED_EDGE('',*,*,#3111,.T.);
#4155=ORIENTED_EDGE('',*,*,#3113,.F.);
#4156=ORIENTED_EDGE('',*,*,#3114,.F.);
#4157=ORIENTED_EDGE('',*,*,#3115,.F.);
#4158=ORIENTED_EDGE('',*,*,#3114,.T.);
#4159=ORIENTED_EDGE('',*,*,#3116,.F.);
#4160=ORIENTED_EDGE('',*,*,#3117,.F.);
#4161=ORIENTED_EDGE('',*,*,#3118,.F.);
#4162=ORIENTED_EDGE('',*,*,#3117,.T.);
#4163=ORIENTED_EDGE('',*,*,#3119,.F.);
#4164=ORIENTED_EDGE('',*,*,#3120,.F.);
#4165=ORIENTED_EDGE('',*,*,#3121,.F.);
#4166=ORIENTED_EDGE('',*,*,#3120,.T.);
#4167=ORIENTED_EDGE('',*,*,#3122,.F.);
#4168=ORIENTED_EDGE('',*,*,#3123,.F.);
#4169=ORIENTED_EDGE('',*,*,#3124,.F.);
#4170=ORIENTED_EDGE('',*,*,#3123,.T.);
#4171=ORIENTED_EDGE('',*,*,#3125,.F.);
#4172=ORIENTED_EDGE('',*,*,#3126,.F.);
#4173=ORIENTED_EDGE('',*,*,#3127,.F.);
#4174=ORIENTED_EDGE('',*,*,#3126,.T.);
#4175=ORIENTED_EDGE('',*,*,#3128,.F.);
#4176=ORIENTED_EDGE('',*,*,#3129,.F.);
#4177=ORIENTED_EDGE('',*,*,#3130,.F.);
#4178=ORIENTED_EDGE('',*,*,#3129,.T.);
#4179=ORIENTED_EDGE('',*,*,#3131,.F.);
#4180=ORIENTED_EDGE('',*,*,#3132,.F.);
#4181=ORIENTED_EDGE('',*,*,#3133,.F.);
#4182=ORIENTED_EDGE('',*,*,#3132,.T.);
#4183=ORIENTED_EDGE('',*,*,#3134,.F.);
#4184=ORIENTED_EDGE('',*,*,#3135,.F.);
#4185=ORIENTED_EDGE('',*,*,#3136,.F.);
#4186=ORIENTED_EDGE('',*,*,#3135,.T.);
#4187=ORIENTED_EDGE('',*,*,#3137,.F.);
#4188=ORIENTED_EDGE('',*,*,#3138,.F.);
#4189=ORIENTED_EDGE('',*,*,#3139,.F.);
#4190=ORIENTED_EDGE('',*,*,#3138,.T.);
#4191=ORIENTED_EDGE('',*,*,#3140,.F.);
#4192=ORIENTED_EDGE('',*,*,#3141,.F.);
#4193=ORIENTED_EDGE('',*,*,#3142,.F.);
#4194=ORIENTED_EDGE('',*,*,#3141,.T.);
#4195=ORIENTED_EDGE('',*,*,#3143,.F.);
#4196=ORIENTED_EDGE('',*,*,#3144,.F.);
#4197=ORIENTED_EDGE('',*,*,#3145,.F.);
#4198=ORIENTED_EDGE('',*,*,#3144,.T.);
#4199=ORIENTED_EDGE('',*,*,#3146,.F.);
#4200=ORIENTED_EDGE('',*,*,#3147,.F.);
#4201=ORIENTED_EDGE('',*,*,#3148,.F.);
#4202=ORIENTED_EDGE('',*,*,#3147,.T.);
#4203=ORIENTED_EDGE('',*,*,#3149,.F.);
#4204=ORIENTED_EDGE('',*,*,#3150,.F.);
#4205=ORIENTED_EDGE('',*,*,#3151,.F.);
#4206=ORIENTED_EDGE('',*,*,#3150,.T.);
#4207=ORIENTED_EDGE('',*,*,#3152,.F.);
#4208=ORIENTED_EDGE('',*,*,#3153,.F.);
#4209=ORIENTED_EDGE('',*,*,#3154,.F.);
#4210=ORIENTED_EDGE('',*,*,#3153,.T.);
#4211=ORIENTED_EDGE('',*,*,#3155,.F.);
#4212=ORIENTED_EDGE('',*,*,#3156,.F.);
#4213=ORIENTED_EDGE('',*,*,#3157,.F.);
#4214=ORIENTED_EDGE('',*,*,#3156,.T.);
#4215=ORIENTED_EDGE('',*,*,#3158,.F.);
#4216=ORIENTED_EDGE('',*,*,#3159,.F.);
#4217=ORIENTED_EDGE('',*,*,#3160,.F.);
#4218=ORIENTED_EDGE('',*,*,#3159,.T.);
#4219=ORIENTED_EDGE('',*,*,#3161,.F.);
#4220=ORIENTED_EDGE('',*,*,#3162,.F.);
#4221=ORIENTED_EDGE('',*,*,#3163,.F.);
#4222=ORIENTED_EDGE('',*,*,#3162,.T.);
#4223=ORIENTED_EDGE('',*,*,#3164,.F.);
#4224=ORIENTED_EDGE('',*,*,#3165,.F.);
#4225=ORIENTED_EDGE('',*,*,#3166,.F.);
#4226=ORIENTED_EDGE('',*,*,#3165,.T.);
#4227=ORIENTED_EDGE('',*,*,#3167,.F.);
#4228=ORIENTED_EDGE('',*,*,#3168,.F.);
#4229=ORIENTED_EDGE('',*,*,#3169,.F.);
#4230=ORIENTED_EDGE('',*,*,#3168,.T.);
#4231=ORIENTED_EDGE('',*,*,#3170,.F.);
#4232=ORIENTED_EDGE('',*,*,#3171,.F.);
#4233=ORIENTED_EDGE('',*,*,#3172,.F.);
#4234=ORIENTED_EDGE('',*,*,#3171,.T.);
#4235=ORIENTED_EDGE('',*,*,#3173,.F.);
#4236=ORIENTED_EDGE('',*,*,#3174,.F.);
#4237=ORIENTED_EDGE('',*,*,#3175,.F.);
#4238=ORIENTED_EDGE('',*,*,#3174,.T.);
#4239=ORIENTED_EDGE('',*,*,#3176,.F.);
#4240=ORIENTED_EDGE('',*,*,#3177,.F.);
#4241=ORIENTED_EDGE('',*,*,#3178,.F.);
#4242=ORIENTED_EDGE('',*,*,#3177,.T.);
#4243=ORIENTED_EDGE('',*,*,#3179,.F.);
#4244=ORIENTED_EDGE('',*,*,#3180,.F.);
#4245=ORIENTED_EDGE('',*,*,#3181,.F.);
#4246=ORIENTED_EDGE('',*,*,#3180,.T.);
#4247=ORIENTED_EDGE('',*,*,#3182,.F.);
#4248=ORIENTED_EDGE('',*,*,#3183,.F.);
#4249=ORIENTED_EDGE('',*,*,#3184,.F.);
#4250=ORIENTED_EDGE('',*,*,#3183,.T.);
#4251=ORIENTED_EDGE('',*,*,#3185,.F.);
#4252=ORIENTED_EDGE('',*,*,#3186,.F.);
#4253=ORIENTED_EDGE('',*,*,#3187,.F.);
#4254=ORIENTED_EDGE('',*,*,#3186,.T.);
#4255=ORIENTED_EDGE('',*,*,#3188,.F.);
#4256=ORIENTED_EDGE('',*,*,#3189,.F.);
#4257=ORIENTED_EDGE('',*,*,#3190,.F.);
#4258=ORIENTED_EDGE('',*,*,#3189,.T.);
#4259=ORIENTED_EDGE('',*,*,#3191,.F.);
#4260=ORIENTED_EDGE('',*,*,#3192,.F.);
#4261=ORIENTED_EDGE('',*,*,#3193,.F.);
#4262=ORIENTED_EDGE('',*,*,#3192,.T.);
#4263=ORIENTED_EDGE('',*,*,#3194,.F.);
#4264=ORIENTED_EDGE('',*,*,#3195,.F.);
#4265=ORIENTED_EDGE('',*,*,#3196,.F.);
#4266=ORIENTED_EDGE('',*,*,#3195,.T.);
#4267=ORIENTED_EDGE('',*,*,#3197,.F.);
#4268=ORIENTED_EDGE('',*,*,#3198,.F.);
#4269=ORIENTED_EDGE('',*,*,#3199,.F.);
#4270=ORIENTED_EDGE('',*,*,#3198,.T.);
#4271=ORIENTED_EDGE('',*,*,#3200,.F.);
#4272=ORIENTED_EDGE('',*,*,#3201,.F.);
#4273=ORIENTED_EDGE('',*,*,#3202,.F.);
#4274=ORIENTED_EDGE('',*,*,#3201,.T.);
#4275=ORIENTED_EDGE('',*,*,#3203,.F.);
#4276=ORIENTED_EDGE('',*,*,#3204,.F.);
#4277=ORIENTED_EDGE('',*,*,#3205,.F.);
#4278=ORIENTED_EDGE('',*,*,#3204,.T.);
#4279=ORIENTED_EDGE('',*,*,#3206,.F.);
#4280=ORIENTED_EDGE('',*,*,#3207,.F.);
#4281=ORIENTED_EDGE('',*,*,#3208,.F.);
#4282=ORIENTED_EDGE('',*,*,#3207,.T.);
#4283=ORIENTED_EDGE('',*,*,#3209,.F.);
#4284=ORIENTED_EDGE('',*,*,#3210,.F.);
#4285=ORIENTED_EDGE('',*,*,#3211,.F.);
#4286=ORIENTED_EDGE('',*,*,#3210,.T.);
#4287=ORIENTED_EDGE('',*,*,#3212,.F.);
#4288=ORIENTED_EDGE('',*,*,#3213,.F.);
#4289=ORIENTED_EDGE('',*,*,#3214,.F.);
#4290=ORIENTED_EDGE('',*,*,#3213,.T.);
#4291=ORIENTED_EDGE('',*,*,#3215,.F.);
#4292=ORIENTED_EDGE('',*,*,#3216,.F.);
#4293=ORIENTED_EDGE('',*,*,#3217,.F.);
#4294=ORIENTED_EDGE('',*,*,#3216,.T.);
#4295=ORIENTED_EDGE('',*,*,#3218,.F.);
#4296=ORIENTED_EDGE('',*,*,#3219,.F.);
#4297=ORIENTED_EDGE('',*,*,#3220,.F.);
#4298=ORIENTED_EDGE('',*,*,#3219,.T.);
#4299=ORIENTED_EDGE('',*,*,#3221,.F.);
#4300=ORIENTED_EDGE('',*,*,#3222,.F.);
#4301=ORIENTED_EDGE('',*,*,#3223,.F.);
#4302=ORIENTED_EDGE('',*,*,#3222,.T.);
#4303=ORIENTED_EDGE('',*,*,#3224,.F.);
#4304=ORIENTED_EDGE('',*,*,#3225,.F.);
#4305=ORIENTED_EDGE('',*,*,#3226,.F.);
#4306=ORIENTED_EDGE('',*,*,#3225,.T.);
#4307=ORIENTED_EDGE('',*,*,#3227,.F.);
#4308=ORIENTED_EDGE('',*,*,#3228,.F.);
#4309=ORIENTED_EDGE('',*,*,#3229,.F.);
#4310=ORIENTED_EDGE('',*,*,#3228,.T.);
#4311=ORIENTED_EDGE('',*,*,#3230,.F.);
#4312=ORIENTED_EDGE('',*,*,#3231,.F.);
#4313=ORIENTED_EDGE('',*,*,#3232,.F.);
#4314=ORIENTED_EDGE('',*,*,#3231,.T.);
#4315=ORIENTED_EDGE('',*,*,#3233,.F.);
#4316=ORIENTED_EDGE('',*,*,#3234,.F.);
#4317=ORIENTED_EDGE('',*,*,#3235,.F.);
#4318=ORIENTED_EDGE('',*,*,#3234,.T.);
#4319=ORIENTED_EDGE('',*,*,#3236,.F.);
#4320=ORIENTED_EDGE('',*,*,#3237,.F.);
#4321=ORIENTED_EDGE('',*,*,#3238,.F.);
#4322=ORIENTED_EDGE('',*,*,#3237,.T.);
#4323=ORIENTED_EDGE('',*,*,#3239,.F.);
#4324=ORIENTED_EDGE('',*,*,#3240,.F.);
#4325=ORIENTED_EDGE('',*,*,#3241,.F.);
#4326=ORIENTED_EDGE('',*,*,#3240,.T.);
#4327=ORIENTED_EDGE('',*,*,#3242,.F.);
#4328=ORIENTED_EDGE('',*,*,#3243,.F.);
#4329=ORIENTED_EDGE('',*,*,#3244,.F.);
#4330=ORIENTED_EDGE('',*,*,#3243,.T.);
#4331=ORIENTED_EDGE('',*,*,#3245,.F.);
#4332=ORIENTED_EDGE('',*,*,#3246,.F.);
#4333=ORIENTED_EDGE('',*,*,#3247,.F.);
#4334=ORIENTED_EDGE('',*,*,#3246,.T.);
#4335=ORIENTED_EDGE('',*,*,#3248,.F.);
#4336=ORIENTED_EDGE('',*,*,#3249,.F.);
#4337=ORIENTED_EDGE('',*,*,#3250,.F.);
#4338=ORIENTED_EDGE('',*,*,#3249,.T.);
#4339=ORIENTED_EDGE('',*,*,#3251,.F.);
#4340=ORIENTED_EDGE('',*,*,#3252,.F.);
#4341=ORIENTED_EDGE('',*,*,#3253,.F.);
#4342=ORIENTED_EDGE('',*,*,#3252,.T.);
#4343=ORIENTED_EDGE('',*,*,#3254,.F.);
#4344=ORIENTED_EDGE('',*,*,#3255,.F.);
#4345=ORIENTED_EDGE('',*,*,#3256,.F.);
#4346=ORIENTED_EDGE('',*,*,#3255,.T.);
#4347=ORIENTED_EDGE('',*,*,#3257,.F.);
#4348=ORIENTED_EDGE('',*,*,#3258,.F.);
#4349=ORIENTED_EDGE('',*,*,#3259,.F.);
#4350=ORIENTED_EDGE('',*,*,#3258,.T.);
#4351=ORIENTED_EDGE('',*,*,#3260,.F.);
#4352=ORIENTED_EDGE('',*,*,#3261,.F.);
#4353=ORIENTED_EDGE('',*,*,#3262,.F.);
#4354=ORIENTED_EDGE('',*,*,#3261,.T.);
#4355=ORIENTED_EDGE('',*,*,#3263,.F.);
#4356=ORIENTED_EDGE('',*,*,#3264,.F.);
#4357=ORIENTED_EDGE('',*,*,#3265,.F.);
#4358=ORIENTED_EDGE('',*,*,#3264,.T.);
#4359=ORIENTED_EDGE('',*,*,#3266,.F.);
#4360=ORIENTED_EDGE('',*,*,#3267,.F.);
#4361=ORIENTED_EDGE('',*,*,#3268,.F.);
#4362=ORIENTED_EDGE('',*,*,#3267,.T.);
#4363=ORIENTED_EDGE('',*,*,#3269,.F.);
#4364=ORIENTED_EDGE('',*,*,#3270,.F.);
#4365=ORIENTED_EDGE('',*,*,#3271,.F.);
#4366=ORIENTED_EDGE('',*,*,#3270,.T.);
#4367=ORIENTED_EDGE('',*,*,#3272,.F.);
#4368=ORIENTED_EDGE('',*,*,#3273,.F.);
#4369=ORIENTED_EDGE('',*,*,#3274,.F.);
#4370=ORIENTED_EDGE('',*,*,#3273,.T.);
#4371=ORIENTED_EDGE('',*,*,#3275,.F.);
#4372=ORIENTED_EDGE('',*,*,#3276,.F.);
#4373=ORIENTED_EDGE('',*,*,#3277,.F.);
#4374=ORIENTED_EDGE('',*,*,#3276,.T.);
#4375=ORIENTED_EDGE('',*,*,#3278,.F.);
#4376=ORIENTED_EDGE('',*,*,#3279,.F.);
#4377=ORIENTED_EDGE('',*,*,#3280,.F.);
#4378=ORIENTED_EDGE('',*,*,#3279,.T.);
#4379=ORIENTED_EDGE('',*,*,#3281,.F.);
#4380=ORIENTED_EDGE('',*,*,#3282,.F.);
#4381=ORIENTED_EDGE('',*,*,#3283,.F.);
#4382=ORIENTED_EDGE('',*,*,#3282,.T.);
#4383=ORIENTED_EDGE('',*,*,#3284,.F.);
#4384=ORIENTED_EDGE('',*,*,#3285,.F.);
#4385=ORIENTED_EDGE('',*,*,#3286,.F.);
#4386=ORIENTED_EDGE('',*,*,#3285,.T.);
#4387=ORIENTED_EDGE('',*,*,#3287,.F.);
#4388=ORIENTED_EDGE('',*,*,#3288,.F.);
#4389=ORIENTED_EDGE('',*,*,#3289,.F.);
#4390=ORIENTED_EDGE('',*,*,#3288,.T.);
#4391=ORIENTED_EDGE('',*,*,#3290,.F.);
#4392=ORIENTED_EDGE('',*,*,#3291,.F.);
#4393=ORIENTED_EDGE('',*,*,#3292,.F.);
#4394=ORIENTED_EDGE('',*,*,#3291,.T.);
#4395=ORIENTED_EDGE('',*,*,#3293,.F.);
#4396=ORIENTED_EDGE('',*,*,#3294,.F.);
#4397=ORIENTED_EDGE('',*,*,#3295,.F.);
#4398=ORIENTED_EDGE('',*,*,#3294,.T.);
#4399=ORIENTED_EDGE('',*,*,#3296,.F.);
#4400=ORIENTED_EDGE('',*,*,#3297,.F.);
#4401=ORIENTED_EDGE('',*,*,#3298,.F.);
#4402=ORIENTED_EDGE('',*,*,#3297,.T.);
#4403=ORIENTED_EDGE('',*,*,#3299,.F.);
#4404=ORIENTED_EDGE('',*,*,#3300,.F.);
#4405=ORIENTED_EDGE('',*,*,#3301,.F.);
#4406=ORIENTED_EDGE('',*,*,#3300,.T.);
#4407=ORIENTED_EDGE('',*,*,#3302,.F.);
#4408=ORIENTED_EDGE('',*,*,#3303,.F.);
#4409=ORIENTED_EDGE('',*,*,#3304,.F.);
#4410=ORIENTED_EDGE('',*,*,#3303,.T.);
#4411=ORIENTED_EDGE('',*,*,#3305,.F.);
#4412=ORIENTED_EDGE('',*,*,#3306,.F.);
#4413=ORIENTED_EDGE('',*,*,#3307,.F.);
#4414=ORIENTED_EDGE('',*,*,#3306,.T.);
#4415=ORIENTED_EDGE('',*,*,#3308,.F.);
#4416=ORIENTED_EDGE('',*,*,#3309,.F.);
#4417=ORIENTED_EDGE('',*,*,#3310,.F.);
#4418=ORIENTED_EDGE('',*,*,#3309,.T.);
#4419=ORIENTED_EDGE('',*,*,#3311,.F.);
#4420=ORIENTED_EDGE('',*,*,#3312,.F.);
#4421=ORIENTED_EDGE('',*,*,#3313,.F.);
#4422=ORIENTED_EDGE('',*,*,#3312,.T.);
#4423=ORIENTED_EDGE('',*,*,#3314,.F.);
#4424=ORIENTED_EDGE('',*,*,#3315,.F.);
#4425=ORIENTED_EDGE('',*,*,#3316,.F.);
#4426=ORIENTED_EDGE('',*,*,#3315,.T.);
#4427=ORIENTED_EDGE('',*,*,#3317,.F.);
#4428=ORIENTED_EDGE('',*,*,#3318,.F.);
#4429=ORIENTED_EDGE('',*,*,#3319,.F.);
#4430=ORIENTED_EDGE('',*,*,#3318,.T.);
#4431=ORIENTED_EDGE('',*,*,#3320,.F.);
#4432=ORIENTED_EDGE('',*,*,#3321,.F.);
#4433=ORIENTED_EDGE('',*,*,#3322,.F.);
#4434=ORIENTED_EDGE('',*,*,#3321,.T.);
#4435=ORIENTED_EDGE('',*,*,#3323,.F.);
#4436=ORIENTED_EDGE('',*,*,#3324,.F.);
#4437=ORIENTED_EDGE('',*,*,#3325,.F.);
#4438=ORIENTED_EDGE('',*,*,#3324,.T.);
#4439=ORIENTED_EDGE('',*,*,#3326,.F.);
#4440=ORIENTED_EDGE('',*,*,#3327,.F.);
#4441=ORIENTED_EDGE('',*,*,#3328,.F.);
#4442=ORIENTED_EDGE('',*,*,#3327,.T.);
#4443=ORIENTED_EDGE('',*,*,#3329,.F.);
#4444=ORIENTED_EDGE('',*,*,#3330,.F.);
#4445=ORIENTED_EDGE('',*,*,#3331,.F.);
#4446=ORIENTED_EDGE('',*,*,#3330,.T.);
#4447=ORIENTED_EDGE('',*,*,#3332,.F.);
#4448=ORIENTED_EDGE('',*,*,#3333,.F.);
#4449=ORIENTED_EDGE('',*,*,#3334,.F.);
#4450=ORIENTED_EDGE('',*,*,#3333,.T.);
#4451=ORIENTED_EDGE('',*,*,#3335,.F.);
#4452=ORIENTED_EDGE('',*,*,#3336,.F.);
#4453=ORIENTED_EDGE('',*,*,#3337,.F.);
#4454=ORIENTED_EDGE('',*,*,#3336,.T.);
#4455=ORIENTED_EDGE('',*,*,#3338,.F.);
#4456=ORIENTED_EDGE('',*,*,#3339,.F.);
#4457=ORIENTED_EDGE('',*,*,#3340,.F.);
#4458=ORIENTED_EDGE('',*,*,#3339,.T.);
#4459=ORIENTED_EDGE('',*,*,#3341,.F.);
#4460=ORIENTED_EDGE('',*,*,#3342,.F.);
#4461=ORIENTED_EDGE('',*,*,#3343,.F.);
#4462=ORIENTED_EDGE('',*,*,#3342,.T.);
#4463=ORIENTED_EDGE('',*,*,#3344,.F.);
#4464=ORIENTED_EDGE('',*,*,#3345,.F.);
#4465=ORIENTED_EDGE('',*,*,#3346,.F.);
#4466=ORIENTED_EDGE('',*,*,#3345,.T.);
#4467=ORIENTED_EDGE('',*,*,#3347,.F.);
#4468=ORIENTED_EDGE('',*,*,#3348,.F.);
#4469=ORIENTED_EDGE('',*,*,#3349,.F.);
#4470=ORIENTED_EDGE('',*,*,#3348,.T.);
#4471=ORIENTED_EDGE('',*,*,#3350,.F.);
#4472=ORIENTED_EDGE('',*,*,#3351,.F.);
#4473=ORIENTED_EDGE('',*,*,#3352,.F.);
#4474=ORIENTED_EDGE('',*,*,#3351,.T.);
#4475=ORIENTED_EDGE('',*,*,#3353,.F.);
#4476=ORIENTED_EDGE('',*,*,#3354,.F.);
#4477=ORIENTED_EDGE('',*,*,#3355,.F.);
#4478=ORIENTED_EDGE('',*,*,#3354,.T.);
#4479=ORIENTED_EDGE('',*,*,#3356,.F.);
#4480=ORIENTED_EDGE('',*,*,#3357,.F.);
#4481=ORIENTED_EDGE('',*,*,#3358,.F.);
#4482=ORIENTED_EDGE('',*,*,#3357,.T.);
#4483=ORIENTED_EDGE('',*,*,#3359,.F.);
#4484=ORIENTED_EDGE('',*,*,#3360,.F.);
#4485=ORIENTED_EDGE('',*,*,#3361,.F.);
#4486=ORIENTED_EDGE('',*,*,#3360,.T.);
#4487=ORIENTED_EDGE('',*,*,#3362,.F.);
#4488=ORIENTED_EDGE('',*,*,#3363,.F.);
#4489=ORIENTED_EDGE('',*,*,#3364,.F.);
#4490=ORIENTED_EDGE('',*,*,#3363,.T.);
#4491=ORIENTED_EDGE('',*,*,#3365,.F.);
#4492=ORIENTED_EDGE('',*,*,#3366,.F.);
#4493=ORIENTED_EDGE('',*,*,#3367,.F.);
#4494=ORIENTED_EDGE('',*,*,#3366,.T.);
#4495=ORIENTED_EDGE('',*,*,#3368,.F.);
#4496=ORIENTED_EDGE('',*,*,#3369,.F.);
#4497=ORIENTED_EDGE('',*,*,#3370,.F.);
#4498=ORIENTED_EDGE('',*,*,#3369,.T.);
#4499=ORIENTED_EDGE('',*,*,#3371,.F.);
#4500=ORIENTED_EDGE('',*,*,#3372,.F.);
#4501=ORIENTED_EDGE('',*,*,#3373,.F.);
#4502=ORIENTED_EDGE('',*,*,#3372,.T.);
#4503=ORIENTED_EDGE('',*,*,#3374,.F.);
#4504=ORIENTED_EDGE('',*,*,#3375,.F.);
#4505=ORIENTED_EDGE('',*,*,#3376,.F.);
#4506=ORIENTED_EDGE('',*,*,#3375,.T.);
#4507=ORIENTED_EDGE('',*,*,#3377,.F.);
#4508=ORIENTED_EDGE('',*,*,#3378,.F.);
#4509=ORIENTED_EDGE('',*,*,#3379,.F.);
#4510=ORIENTED_EDGE('',*,*,#3378,.T.);
#4511=ORIENTED_EDGE('',*,*,#3380,.F.);
#4512=ORIENTED_EDGE('',*,*,#3381,.F.);
#4513=ORIENTED_EDGE('',*,*,#3382,.F.);
#4514=ORIENTED_EDGE('',*,*,#3381,.T.);
#4515=ORIENTED_EDGE('',*,*,#3383,.F.);
#4516=ORIENTED_EDGE('',*,*,#3384,.F.);
#4517=ORIENTED_EDGE('',*,*,#3385,.F.);
#4518=ORIENTED_EDGE('',*,*,#3384,.T.);
#4519=ORIENTED_EDGE('',*,*,#3386,.F.);
#4520=ORIENTED_EDGE('',*,*,#3387,.F.);
#4521=ORIENTED_EDGE('',*,*,#3388,.F.);
#4522=ORIENTED_EDGE('',*,*,#3387,.T.);
#4523=ORIENTED_EDGE('',*,*,#3389,.F.);
#4524=ORIENTED_EDGE('',*,*,#3390,.F.);
#4525=ORIENTED_EDGE('',*,*,#3391,.F.);
#4526=ORIENTED_EDGE('',*,*,#3390,.T.);
#4527=ORIENTED_EDGE('',*,*,#3392,.F.);
#4528=ORIENTED_EDGE('',*,*,#3393,.F.);
#4529=ORIENTED_EDGE('',*,*,#3394,.F.);
#4530=ORIENTED_EDGE('',*,*,#3393,.T.);
#4531=ORIENTED_EDGE('',*,*,#3395,.F.);
#4532=ORIENTED_EDGE('',*,*,#3396,.F.);
#4533=ORIENTED_EDGE('',*,*,#3397,.F.);
#4534=ORIENTED_EDGE('',*,*,#3396,.T.);
#4535=ORIENTED_EDGE('',*,*,#3398,.F.);
#4536=ORIENTED_EDGE('',*,*,#3399,.F.);
#4537=ORIENTED_EDGE('',*,*,#3400,.F.);
#4538=ORIENTED_EDGE('',*,*,#3399,.T.);
#4539=ORIENTED_EDGE('',*,*,#3401,.F.);
#4540=ORIENTED_EDGE('',*,*,#3402,.F.);
#4541=ORIENTED_EDGE('',*,*,#3403,.F.);
#4542=ORIENTED_EDGE('',*,*,#3402,.T.);
#4543=ORIENTED_EDGE('',*,*,#3404,.F.);
#4544=ORIENTED_EDGE('',*,*,#3405,.F.);
#4545=ORIENTED_EDGE('',*,*,#3406,.F.);
#4546=ORIENTED_EDGE('',*,*,#3405,.T.);
#4547=ORIENTED_EDGE('',*,*,#3407,.F.);
#4548=ORIENTED_EDGE('',*,*,#3408,.F.);
#4549=ORIENTED_EDGE('',*,*,#3409,.F.);
#4550=ORIENTED_EDGE('',*,*,#3408,.T.);
#4551=ORIENTED_EDGE('',*,*,#3410,.F.);
#4552=ORIENTED_EDGE('',*,*,#3411,.F.);
#4553=ORIENTED_EDGE('',*,*,#3412,.F.);
#4554=ORIENTED_EDGE('',*,*,#3411,.T.);
#4555=ORIENTED_EDGE('',*,*,#3413,.F.);
#4556=ORIENTED_EDGE('',*,*,#3414,.F.);
#4557=ORIENTED_EDGE('',*,*,#3415,.F.);
#4558=ORIENTED_EDGE('',*,*,#3414,.T.);
#4559=ORIENTED_EDGE('',*,*,#3416,.F.);
#4560=ORIENTED_EDGE('',*,*,#3417,.F.);
#4561=ORIENTED_EDGE('',*,*,#3418,.F.);
#4562=ORIENTED_EDGE('',*,*,#3417,.T.);
#4563=ORIENTED_EDGE('',*,*,#3419,.F.);
#4564=ORIENTED_EDGE('',*,*,#3420,.F.);
#4565=ORIENTED_EDGE('',*,*,#3421,.F.);
#4566=ORIENTED_EDGE('',*,*,#3420,.T.);
#4567=ORIENTED_EDGE('',*,*,#3422,.F.);
#4568=ORIENTED_EDGE('',*,*,#3423,.F.);
#4569=ORIENTED_EDGE('',*,*,#3424,.F.);
#4570=ORIENTED_EDGE('',*,*,#3423,.T.);
#4571=ORIENTED_EDGE('',*,*,#3425,.F.);
#4572=ORIENTED_EDGE('',*,*,#3426,.F.);
#4573=ORIENTED_EDGE('',*,*,#3427,.F.);
#4574=ORIENTED_EDGE('',*,*,#3426,.T.);
#4575=ORIENTED_EDGE('',*,*,#3428,.F.);
#4576=ORIENTED_EDGE('',*,*,#3429,.F.);
#4577=ORIENTED_EDGE('',*,*,#3430,.F.);
#4578=ORIENTED_EDGE('',*,*,#3429,.T.);
#4579=ORIENTED_EDGE('',*,*,#3431,.F.);
#4580=ORIENTED_EDGE('',*,*,#3432,.F.);
#4581=ORIENTED_EDGE('',*,*,#3433,.F.);
#4582=ORIENTED_EDGE('',*,*,#3432,.T.);
#4583=ORIENTED_EDGE('',*,*,#3434,.F.);
#4584=ORIENTED_EDGE('',*,*,#3435,.F.);
#4585=ORIENTED_EDGE('',*,*,#3436,.F.);
#4586=ORIENTED_EDGE('',*,*,#3435,.T.);
#4587=ORIENTED_EDGE('',*,*,#3437,.F.);
#4588=ORIENTED_EDGE('',*,*,#3438,.F.);
#4589=ORIENTED_EDGE('',*,*,#3439,.F.);
#4590=ORIENTED_EDGE('',*,*,#3438,.T.);
#4591=ORIENTED_EDGE('',*,*,#3440,.F.);
#4592=ORIENTED_EDGE('',*,*,#3441,.F.);
#4593=ORIENTED_EDGE('',*,*,#3442,.F.);
#4594=ORIENTED_EDGE('',*,*,#3441,.T.);
#4595=ORIENTED_EDGE('',*,*,#3443,.F.);
#4596=ORIENTED_EDGE('',*,*,#3444,.F.);
#4597=ORIENTED_EDGE('',*,*,#3445,.F.);
#4598=ORIENTED_EDGE('',*,*,#3444,.T.);
#4599=ORIENTED_EDGE('',*,*,#3446,.F.);
#4600=ORIENTED_EDGE('',*,*,#3025,.F.);
#4601=ORIENTED_EDGE('',*,*,#3446,.T.);
#4602=ORIENTED_EDGE('',*,*,#3443,.T.);
#4603=ORIENTED_EDGE('',*,*,#3440,.T.);
#4604=ORIENTED_EDGE('',*,*,#3437,.T.);
#4605=ORIENTED_EDGE('',*,*,#3434,.T.);
#4606=ORIENTED_EDGE('',*,*,#3431,.T.);
#4607=ORIENTED_EDGE('',*,*,#3428,.T.);
#4608=ORIENTED_EDGE('',*,*,#3425,.T.);
#4609=ORIENTED_EDGE('',*,*,#3422,.T.);
#4610=ORIENTED_EDGE('',*,*,#3419,.T.);
#4611=ORIENTED_EDGE('',*,*,#3416,.T.);
#4612=ORIENTED_EDGE('',*,*,#3413,.T.);
#4613=ORIENTED_EDGE('',*,*,#3410,.T.);
#4614=ORIENTED_EDGE('',*,*,#3407,.T.);
#4615=ORIENTED_EDGE('',*,*,#3404,.T.);
#4616=ORIENTED_EDGE('',*,*,#3401,.T.);
#4617=ORIENTED_EDGE('',*,*,#3398,.T.);
#4618=ORIENTED_EDGE('',*,*,#3395,.T.);
#4619=ORIENTED_EDGE('',*,*,#3392,.T.);
#4620=ORIENTED_EDGE('',*,*,#3389,.T.);
#4621=ORIENTED_EDGE('',*,*,#3386,.T.);
#4622=ORIENTED_EDGE('',*,*,#3383,.T.);
#4623=ORIENTED_EDGE('',*,*,#3380,.T.);
#4624=ORIENTED_EDGE('',*,*,#3377,.T.);
#4625=ORIENTED_EDGE('',*,*,#3374,.T.);
#4626=ORIENTED_EDGE('',*,*,#3371,.T.);
#4627=ORIENTED_EDGE('',*,*,#3368,.T.);
#4628=ORIENTED_EDGE('',*,*,#3365,.T.);
#4629=ORIENTED_EDGE('',*,*,#3362,.T.);
#4630=ORIENTED_EDGE('',*,*,#3359,.T.);
#4631=ORIENTED_EDGE('',*,*,#3356,.T.);
#4632=ORIENTED_EDGE('',*,*,#3353,.T.);
#4633=ORIENTED_EDGE('',*,*,#3350,.T.);
#4634=ORIENTED_EDGE('',*,*,#3347,.T.);
#4635=ORIENTED_EDGE('',*,*,#3344,.T.);
#4636=ORIENTED_EDGE('',*,*,#3341,.T.);
#4637=ORIENTED_EDGE('',*,*,#3338,.T.);
#4638=ORIENTED_EDGE('',*,*,#3335,.T.);
#4639=ORIENTED_EDGE('',*,*,#3332,.T.);
#4640=ORIENTED_EDGE('',*,*,#3329,.T.);
#4641=ORIENTED_EDGE('',*,*,#3326,.T.);
#4642=ORIENTED_EDGE('',*,*,#3323,.T.);
#4643=ORIENTED_EDGE('',*,*,#3320,.T.);
#4644=ORIENTED_EDGE('',*,*,#3317,.T.);
#4645=ORIENTED_EDGE('',*,*,#3314,.T.);
#4646=ORIENTED_EDGE('',*,*,#3311,.T.);
#4647=ORIENTED_EDGE('',*,*,#3308,.T.);
#4648=ORIENTED_EDGE('',*,*,#3305,.T.);
#4649=ORIENTED_EDGE('',*,*,#3302,.T.);
#4650=ORIENTED_EDGE('',*,*,#3299,.T.);
#4651=ORIENTED_EDGE('',*,*,#3296,.T.);
#4652=ORIENTED_EDGE('',*,*,#3293,.T.);
#4653=ORIENTED_EDGE('',*,*,#3290,.T.);
#4654=ORIENTED_EDGE('',*,*,#3287,.T.);
#4655=ORIENTED_EDGE('',*,*,#3284,.T.);
#4656=ORIENTED_EDGE('',*,*,#3281,.T.);
#4657=ORIENTED_EDGE('',*,*,#3278,.T.);
#4658=ORIENTED_EDGE('',*,*,#3275,.T.);
#4659=ORIENTED_EDGE('',*,*,#3272,.T.);
#4660=ORIENTED_EDGE('',*,*,#3269,.T.);
#4661=ORIENTED_EDGE('',*,*,#3266,.T.);
#4662=ORIENTED_EDGE('',*,*,#3263,.T.);
#4663=ORIENTED_EDGE('',*,*,#3260,.T.);
#4664=ORIENTED_EDGE('',*,*,#3257,.T.);
#4665=ORIENTED_EDGE('',*,*,#3254,.T.);
#4666=ORIENTED_EDGE('',*,*,#3251,.T.);
#4667=ORIENTED_EDGE('',*,*,#3248,.T.);
#4668=ORIENTED_EDGE('',*,*,#3245,.T.);
#4669=ORIENTED_EDGE('',*,*,#3242,.T.);
#4670=ORIENTED_EDGE('',*,*,#3239,.T.);
#4671=ORIENTED_EDGE('',*,*,#3236,.T.);
#4672=ORIENTED_EDGE('',*,*,#3233,.T.);
#4673=ORIENTED_EDGE('',*,*,#3230,.T.);
#4674=ORIENTED_EDGE('',*,*,#3227,.T.);
#4675=ORIENTED_EDGE('',*,*,#3224,.T.);
#4676=ORIENTED_EDGE('',*,*,#3221,.T.);
#4677=ORIENTED_EDGE('',*,*,#3218,.T.);
#4678=ORIENTED_EDGE('',*,*,#3215,.T.);
#4679=ORIENTED_EDGE('',*,*,#3212,.T.);
#4680=ORIENTED_EDGE('',*,*,#3209,.T.);
#4681=ORIENTED_EDGE('',*,*,#3206,.T.);
#4682=ORIENTED_EDGE('',*,*,#3203,.T.);
#4683=ORIENTED_EDGE('',*,*,#3200,.T.);
#4684=ORIENTED_EDGE('',*,*,#3197,.T.);
#4685=ORIENTED_EDGE('',*,*,#3194,.T.);
#4686=ORIENTED_EDGE('',*,*,#3191,.T.);
#4687=ORIENTED_EDGE('',*,*,#3188,.T.);
#4688=ORIENTED_EDGE('',*,*,#3185,.T.);
#4689=ORIENTED_EDGE('',*,*,#3182,.T.);
#4690=ORIENTED_EDGE('',*,*,#3179,.T.);
#4691=ORIENTED_EDGE('',*,*,#3176,.T.);
#4692=ORIENTED_EDGE('',*,*,#3173,.T.);
#4693=ORIENTED_EDGE('',*,*,#3170,.T.);
#4694=ORIENTED_EDGE('',*,*,#3167,.T.);
#4695=ORIENTED_EDGE('',*,*,#3164,.T.);
#4696=ORIENTED_EDGE('',*,*,#3161,.T.);
#4697=ORIENTED_EDGE('',*,*,#3158,.T.);
#4698=ORIENTED_EDGE('',*,*,#3155,.T.);
#4699=ORIENTED_EDGE('',*,*,#3152,.T.);
#4700=ORIENTED_EDGE('',*,*,#3149,.T.);
#4701=ORIENTED_EDGE('',*,*,#3146,.T.);
#4702=ORIENTED_EDGE('',*,*,#3143,.T.);
#4703=ORIENTED_EDGE('',*,*,#3140,.T.);
#4704=ORIENTED_EDGE('',*,*,#3137,.T.);
#4705=ORIENTED_EDGE('',*,*,#3134,.T.);
#4706=ORIENTED_EDGE('',*,*,#3131,.T.);
#4707=ORIENTED_EDGE('',*,*,#3128,.T.);
#4708=ORIENTED_EDGE('',*,*,#3125,.T.);
#4709=ORIENTED_EDGE('',*,*,#3122,.T.);
#4710=ORIENTED_EDGE('',*,*,#3119,.T.);
#4711=ORIENTED_EDGE('',*,*,#3116,.T.);
#4712=ORIENTED_EDGE('',*,*,#3113,.T.);
#4713=ORIENTED_EDGE('',*,*,#3110,.T.);
#4714=ORIENTED_EDGE('',*,*,#3107,.T.);
#4715=ORIENTED_EDGE('',*,*,#3104,.T.);
#4716=ORIENTED_EDGE('',*,*,#3101,.T.);
#4717=ORIENTED_EDGE('',*,*,#3098,.T.);
#4718=ORIENTED_EDGE('',*,*,#3095,.T.);
#4719=ORIENTED_EDGE('',*,*,#3092,.T.);
#4720=ORIENTED_EDGE('',*,*,#3089,.T.);
#4721=ORIENTED_EDGE('',*,*,#3086,.T.);
#4722=ORIENTED_EDGE('',*,*,#3083,.T.);
#4723=ORIENTED_EDGE('',*,*,#3080,.T.);
#4724=ORIENTED_EDGE('',*,*,#3077,.T.);
#4725=ORIENTED_EDGE('',*,*,#3074,.T.);
#4726=ORIENTED_EDGE('',*,*,#3071,.T.);
#4727=ORIENTED_EDGE('',*,*,#3068,.T.);
#4728=ORIENTED_EDGE('',*,*,#3065,.T.);
#4729=ORIENTED_EDGE('',*,*,#3062,.T.);
#4730=ORIENTED_EDGE('',*,*,#3059,.T.);
#4731=ORIENTED_EDGE('',*,*,#3056,.T.);
#4732=ORIENTED_EDGE('',*,*,#3053,.T.);
#4733=ORIENTED_EDGE('',*,*,#3050,.T.);
#4734=ORIENTED_EDGE('',*,*,#3047,.T.);
#4735=ORIENTED_EDGE('',*,*,#3044,.T.);
#4736=ORIENTED_EDGE('',*,*,#3041,.T.);
#4737=ORIENTED_EDGE('',*,*,#3038,.T.);
#4738=ORIENTED_EDGE('',*,*,#3035,.T.);
#4739=ORIENTED_EDGE('',*,*,#3032,.T.);
#4740=ORIENTED_EDGE('',*,*,#3029,.T.);
#4741=ORIENTED_EDGE('',*,*,#3026,.T.);
#4742=ORIENTED_EDGE('',*,*,#3023,.T.);
#4743=ORIENTED_EDGE('',*,*,#3020,.T.);
#4744=ORIENTED_EDGE('',*,*,#3017,.T.);
#4745=ORIENTED_EDGE('',*,*,#3014,.T.);
#4746=ORIENTED_EDGE('',*,*,#3011,.T.);
#4747=ORIENTED_EDGE('',*,*,#3008,.T.);
#4748=ORIENTED_EDGE('',*,*,#3005,.T.);
#4749=ORIENTED_EDGE('',*,*,#3002,.T.);
#4750=ORIENTED_EDGE('',*,*,#2999,.T.);
#4751=ORIENTED_EDGE('',*,*,#2996,.T.);
#4752=ORIENTED_EDGE('',*,*,#2993,.T.);
#4753=ORIENTED_EDGE('',*,*,#2990,.T.);
#4754=ORIENTED_EDGE('',*,*,#2987,.T.);
#4755=ORIENTED_EDGE('',*,*,#2984,.T.);
#4756=ORIENTED_EDGE('',*,*,#2981,.T.);
#4757=ORIENTED_EDGE('',*,*,#2978,.T.);
#4758=ORIENTED_EDGE('',*,*,#2975,.T.);
#4759=ORIENTED_EDGE('',*,*,#2972,.T.);
#4760=ORIENTED_EDGE('',*,*,#2969,.T.);
#4761=ORIENTED_EDGE('',*,*,#2966,.T.);
#4762=ORIENTED_EDGE('',*,*,#2963,.T.);
#4763=ORIENTED_EDGE('',*,*,#2960,.T.);
#4764=ORIENTED_EDGE('',*,*,#2957,.T.);
#4765=ORIENTED_EDGE('',*,*,#2954,.T.);
#4766=ORIENTED_EDGE('',*,*,#2951,.T.);
#4767=ORIENTED_EDGE('',*,*,#2948,.T.);
#4768=ORIENTED_EDGE('',*,*,#2945,.T.);
#4769=ORIENTED_EDGE('',*,*,#2942,.T.);
#4770=ORIENTED_EDGE('',*,*,#2939,.T.);
#4771=ORIENTED_EDGE('',*,*,#2936,.T.);
#4772=ORIENTED_EDGE('',*,*,#2933,.T.);
#4773=ORIENTED_EDGE('',*,*,#3445,.T.);
#4774=ORIENTED_EDGE('',*,*,#3024,.T.);
#4775=ORIENTED_EDGE('',*,*,#3028,.T.);
#4776=ORIENTED_EDGE('',*,*,#3031,.T.);
#4777=ORIENTED_EDGE('',*,*,#3034,.T.);
#4778=ORIENTED_EDGE('',*,*,#3037,.T.);
#4779=ORIENTED_EDGE('',*,*,#3040,.T.);
#4780=ORIENTED_EDGE('',*,*,#3043,.T.);
#4781=ORIENTED_EDGE('',*,*,#3046,.T.);
#4782=ORIENTED_EDGE('',*,*,#3049,.T.);
#4783=ORIENTED_EDGE('',*,*,#3052,.T.);
#4784=ORIENTED_EDGE('',*,*,#3055,.T.);
#4785=ORIENTED_EDGE('',*,*,#3058,.T.);
#4786=ORIENTED_EDGE('',*,*,#3061,.T.);
#4787=ORIENTED_EDGE('',*,*,#3064,.T.);
#4788=ORIENTED_EDGE('',*,*,#3067,.T.);
#4789=ORIENTED_EDGE('',*,*,#3070,.T.);
#4790=ORIENTED_EDGE('',*,*,#3073,.T.);
#4791=ORIENTED_EDGE('',*,*,#3076,.T.);
#4792=ORIENTED_EDGE('',*,*,#3079,.T.);
#4793=ORIENTED_EDGE('',*,*,#3082,.T.);
#4794=ORIENTED_EDGE('',*,*,#3085,.T.);
#4795=ORIENTED_EDGE('',*,*,#3088,.T.);
#4796=ORIENTED_EDGE('',*,*,#3091,.T.);
#4797=ORIENTED_EDGE('',*,*,#3094,.T.);
#4798=ORIENTED_EDGE('',*,*,#3097,.T.);
#4799=ORIENTED_EDGE('',*,*,#3100,.T.);
#4800=ORIENTED_EDGE('',*,*,#3103,.T.);
#4801=ORIENTED_EDGE('',*,*,#3106,.T.);
#4802=ORIENTED_EDGE('',*,*,#3109,.T.);
#4803=ORIENTED_EDGE('',*,*,#3112,.T.);
#4804=ORIENTED_EDGE('',*,*,#3115,.T.);
#4805=ORIENTED_EDGE('',*,*,#3118,.T.);
#4806=ORIENTED_EDGE('',*,*,#3121,.T.);
#4807=ORIENTED_EDGE('',*,*,#3124,.T.);
#4808=ORIENTED_EDGE('',*,*,#3127,.T.);
#4809=ORIENTED_EDGE('',*,*,#3130,.T.);
#4810=ORIENTED_EDGE('',*,*,#3133,.T.);
#4811=ORIENTED_EDGE('',*,*,#3136,.T.);
#4812=ORIENTED_EDGE('',*,*,#3139,.T.);
#4813=ORIENTED_EDGE('',*,*,#3142,.T.);
#4814=ORIENTED_EDGE('',*,*,#3145,.T.);
#4815=ORIENTED_EDGE('',*,*,#3148,.T.);
#4816=ORIENTED_EDGE('',*,*,#3151,.T.);
#4817=ORIENTED_EDGE('',*,*,#3154,.T.);
#4818=ORIENTED_EDGE('',*,*,#3157,.T.);
#4819=ORIENTED_EDGE('',*,*,#3160,.T.);
#4820=ORIENTED_EDGE('',*,*,#3163,.T.);
#4821=ORIENTED_EDGE('',*,*,#3166,.T.);
#4822=ORIENTED_EDGE('',*,*,#3169,.T.);
#4823=ORIENTED_EDGE('',*,*,#3172,.T.);
#4824=ORIENTED_EDGE('',*,*,#3175,.T.);
#4825=ORIENTED_EDGE('',*,*,#3178,.T.);
#4826=ORIENTED_EDGE('',*,*,#3181,.T.);
#4827=ORIENTED_EDGE('',*,*,#3184,.T.);
#4828=ORIENTED_EDGE('',*,*,#3187,.T.);
#4829=ORIENTED_EDGE('',*,*,#3190,.T.);
#4830=ORIENTED_EDGE('',*,*,#3193,.T.);
#4831=ORIENTED_EDGE('',*,*,#3196,.T.);
#4832=ORIENTED_EDGE('',*,*,#3199,.T.);
#4833=ORIENTED_EDGE('',*,*,#3202,.T.);
#4834=ORIENTED_EDGE('',*,*,#3205,.T.);
#4835=ORIENTED_EDGE('',*,*,#3208,.T.);
#4836=ORIENTED_EDGE('',*,*,#3211,.T.);
#4837=ORIENTED_EDGE('',*,*,#3214,.T.);
#4838=ORIENTED_EDGE('',*,*,#3217,.T.);
#4839=ORIENTED_EDGE('',*,*,#3220,.T.);
#4840=ORIENTED_EDGE('',*,*,#3223,.T.);
#4841=ORIENTED_EDGE('',*,*,#3226,.T.);
#4842=ORIENTED_EDGE('',*,*,#3229,.T.);
#4843=ORIENTED_EDGE('',*,*,#3232,.T.);
#4844=ORIENTED_EDGE('',*,*,#3235,.T.);
#4845=ORIENTED_EDGE('',*,*,#3238,.T.);
#4846=ORIENTED_EDGE('',*,*,#3241,.T.);
#4847=ORIENTED_EDGE('',*,*,#3244,.T.);
#4848=ORIENTED_EDGE('',*,*,#3247,.T.);
#4849=ORIENTED_EDGE('',*,*,#3250,.T.);
#4850=ORIENTED_EDGE('',*,*,#3253,.T.);
#4851=ORIENTED_EDGE('',*,*,#3256,.T.);
#4852=ORIENTED_EDGE('',*,*,#3259,.T.);
#4853=ORIENTED_EDGE('',*,*,#3262,.T.);
#4854=ORIENTED_EDGE('',*,*,#3265,.T.);
#4855=ORIENTED_EDGE('',*,*,#3268,.T.);
#4856=ORIENTED_EDGE('',*,*,#3271,.T.);
#4857=ORIENTED_EDGE('',*,*,#3274,.T.);
#4858=ORIENTED_EDGE('',*,*,#3277,.T.);
#4859=ORIENTED_EDGE('',*,*,#3280,.T.);
#4860=ORIENTED_EDGE('',*,*,#3283,.T.);
#4861=ORIENTED_EDGE('',*,*,#3286,.T.);
#4862=ORIENTED_EDGE('',*,*,#3289,.T.);
#4863=ORIENTED_EDGE('',*,*,#3292,.T.);
#4864=ORIENTED_EDGE('',*,*,#3295,.T.);
#4865=ORIENTED_EDGE('',*,*,#3298,.T.);
#4866=ORIENTED_EDGE('',*,*,#3301,.T.);
#4867=ORIENTED_EDGE('',*,*,#3304,.T.);
#4868=ORIENTED_EDGE('',*,*,#3307,.T.);
#4869=ORIENTED_EDGE('',*,*,#3310,.T.);
#4870=ORIENTED_EDGE('',*,*,#3313,.T.);
#4871=ORIENTED_EDGE('',*,*,#3316,.T.);
#4872=ORIENTED_EDGE('',*,*,#3319,.T.);
#4873=ORIENTED_EDGE('',*,*,#3322,.T.);
#4874=ORIENTED_EDGE('',*,*,#3325,.T.);
#4875=ORIENTED_EDGE('',*,*,#3328,.T.);
#4876=ORIENTED_EDGE('',*,*,#3331,.T.);
#4877=ORIENTED_EDGE('',*,*,#3334,.T.);
#4878=ORIENTED_EDGE('',*,*,#3337,.T.);
#4879=ORIENTED_EDGE('',*,*,#3340,.T.);
#4880=ORIENTED_EDGE('',*,*,#3343,.T.);
#4881=ORIENTED_EDGE('',*,*,#3346,.T.);
#4882=ORIENTED_EDGE('',*,*,#3349,.T.);
#4883=ORIENTED_EDGE('',*,*,#3352,.T.);
#4884=ORIENTED_EDGE('',*,*,#3355,.T.);
#4885=ORIENTED_EDGE('',*,*,#3358,.T.);
#4886=ORIENTED_EDGE('',*,*,#3361,.T.);
#4887=ORIENTED_EDGE('',*,*,#3364,.T.);
#4888=ORIENTED_EDGE('',*,*,#3367,.T.);
#4889=ORIENTED_EDGE('',*,*,#3370,.T.);
#4890=ORIENTED_EDGE('',*,*,#3373,.T.);
#4891=ORIENTED_EDGE('',*,*,#3376,.T.);
#4892=ORIENTED_EDGE('',*,*,#3379,.T.);
#4893=ORIENTED_EDGE('',*,*,#3382,.T.);
#4894=ORIENTED_EDGE('',*,*,#3385,.T.);
#4895=ORIENTED_EDGE('',*,*,#3388,.T.);
#4896=ORIENTED_EDGE('',*,*,#3391,.T.);
#4897=ORIENTED_EDGE('',*,*,#3394,.T.);
#4898=ORIENTED_EDGE('',*,*,#3397,.T.);
#4899=ORIENTED_EDGE('',*,*,#3400,.T.);
#4900=ORIENTED_EDGE('',*,*,#3403,.T.);
#4901=ORIENTED_EDGE('',*,*,#3406,.T.);
#4902=ORIENTED_EDGE('',*,*,#3409,.T.);
#4903=ORIENTED_EDGE('',*,*,#3412,.T.);
#4904=ORIENTED_EDGE('',*,*,#3415,.T.);
#4905=ORIENTED_EDGE('',*,*,#3418,.T.);
#4906=ORIENTED_EDGE('',*,*,#3421,.T.);
#4907=ORIENTED_EDGE('',*,*,#3424,.T.);
#4908=ORIENTED_EDGE('',*,*,#3427,.T.);
#4909=ORIENTED_EDGE('',*,*,#3430,.T.);
#4910=ORIENTED_EDGE('',*,*,#3433,.T.);
#4911=ORIENTED_EDGE('',*,*,#3436,.T.);
#4912=ORIENTED_EDGE('',*,*,#3439,.T.);
#4913=ORIENTED_EDGE('',*,*,#3442,.T.);
#4914=ORIENTED_EDGE('',*,*,#3022,.F.);
#4915=ORIENTED_EDGE('',*,*,#3006,.F.);
#4916=ORIENTED_EDGE('',*,*,#3010,.F.);
#4917=ORIENTED_EDGE('',*,*,#3013,.F.);
#4918=ORIENTED_EDGE('',*,*,#3016,.F.);
#4919=ORIENTED_EDGE('',*,*,#3019,.F.);
#4920=ORIENTED_EDGE('',*,*,#3004,.F.);
#4921=ORIENTED_EDGE('',*,*,#2994,.F.);
#4922=ORIENTED_EDGE('',*,*,#2998,.F.);
#4923=ORIENTED_EDGE('',*,*,#3001,.F.);
#4924=ORIENTED_EDGE('',*,*,#2992,.F.);
#4925=ORIENTED_EDGE('',*,*,#2985,.F.);
#4926=ORIENTED_EDGE('',*,*,#2989,.F.);
#4927=ORIENTED_EDGE('',*,*,#2983,.F.);
#4928=ORIENTED_EDGE('',*,*,#2973,.F.);
#4929=ORIENTED_EDGE('',*,*,#2977,.F.);
#4930=ORIENTED_EDGE('',*,*,#2980,.F.);
#4931=ORIENTED_EDGE('',*,*,#2971,.F.);
#4932=ORIENTED_EDGE('',*,*,#2964,.F.);
#4933=ORIENTED_EDGE('',*,*,#2968,.F.);
#4934=ORIENTED_EDGE('',*,*,#2962,.F.);
#4935=ORIENTED_EDGE('',*,*,#2949,.F.);
#4936=ORIENTED_EDGE('',*,*,#2953,.F.);
#4937=ORIENTED_EDGE('',*,*,#2956,.F.);
#4938=ORIENTED_EDGE('',*,*,#2959,.F.);
#4939=ORIENTED_EDGE('',*,*,#2947,.F.);
#4940=ORIENTED_EDGE('',*,*,#2931,.F.);
#4941=ORIENTED_EDGE('',*,*,#2935,.F.);
#4942=ORIENTED_EDGE('',*,*,#2938,.F.);
#4943=ORIENTED_EDGE('',*,*,#2941,.F.);
#4944=ORIENTED_EDGE('',*,*,#2944,.F.);
#4945=ORIENTED_EDGE('',*,*,#3447,.F.);
#4946=ORIENTED_EDGE('',*,*,#3448,.T.);
#4947=ORIENTED_EDGE('',*,*,#3449,.F.);
#4948=ORIENTED_EDGE('',*,*,#3450,.F.);
#4949=ORIENTED_EDGE('',*,*,#3451,.F.);
#4950=ORIENTED_EDGE('',*,*,#3450,.T.);
#4951=ORIENTED_EDGE('',*,*,#3452,.F.);
#4952=ORIENTED_EDGE('',*,*,#3453,.F.);
#4953=ORIENTED_EDGE('',*,*,#3454,.F.);
#4954=ORIENTED_EDGE('',*,*,#3453,.T.);
#4955=ORIENTED_EDGE('',*,*,#3455,.F.);
#4956=ORIENTED_EDGE('',*,*,#3456,.F.);
#4957=ORIENTED_EDGE('',*,*,#3457,.F.);
#4958=ORIENTED_EDGE('',*,*,#3456,.T.);
#4959=ORIENTED_EDGE('',*,*,#3458,.F.);
#4960=ORIENTED_EDGE('',*,*,#3459,.F.);
#4961=ORIENTED_EDGE('',*,*,#3460,.F.);
#4962=ORIENTED_EDGE('',*,*,#3459,.T.);
#4963=ORIENTED_EDGE('',*,*,#3461,.F.);
#4964=ORIENTED_EDGE('',*,*,#3462,.F.);
#4965=ORIENTED_EDGE('',*,*,#3463,.F.);
#4966=ORIENTED_EDGE('',*,*,#3462,.T.);
#4967=ORIENTED_EDGE('',*,*,#3464,.F.);
#4968=ORIENTED_EDGE('',*,*,#3465,.F.);
#4969=ORIENTED_EDGE('',*,*,#3466,.F.);
#4970=ORIENTED_EDGE('',*,*,#3465,.T.);
#4971=ORIENTED_EDGE('',*,*,#3467,.F.);
#4972=ORIENTED_EDGE('',*,*,#3468,.F.);
#4973=ORIENTED_EDGE('',*,*,#3469,.F.);
#4974=ORIENTED_EDGE('',*,*,#3468,.T.);
#4975=ORIENTED_EDGE('',*,*,#3470,.F.);
#4976=ORIENTED_EDGE('',*,*,#3471,.F.);
#4977=ORIENTED_EDGE('',*,*,#3472,.F.);
#4978=ORIENTED_EDGE('',*,*,#3471,.T.);
#4979=ORIENTED_EDGE('',*,*,#3473,.F.);
#4980=ORIENTED_EDGE('',*,*,#3474,.F.);
#4981=ORIENTED_EDGE('',*,*,#3475,.F.);
#4982=ORIENTED_EDGE('',*,*,#3474,.T.);
#4983=ORIENTED_EDGE('',*,*,#3476,.F.);
#4984=ORIENTED_EDGE('',*,*,#3477,.F.);
#4985=ORIENTED_EDGE('',*,*,#3478,.F.);
#4986=ORIENTED_EDGE('',*,*,#3477,.T.);
#4987=ORIENTED_EDGE('',*,*,#3479,.F.);
#4988=ORIENTED_EDGE('',*,*,#3448,.F.);
#4989=ORIENTED_EDGE('',*,*,#3479,.T.);
#4990=ORIENTED_EDGE('',*,*,#3476,.T.);
#4991=ORIENTED_EDGE('',*,*,#3473,.T.);
#4992=ORIENTED_EDGE('',*,*,#3470,.T.);
#4993=ORIENTED_EDGE('',*,*,#3467,.T.);
#4994=ORIENTED_EDGE('',*,*,#3464,.T.);
#4995=ORIENTED_EDGE('',*,*,#3461,.T.);
#4996=ORIENTED_EDGE('',*,*,#3458,.T.);
#4997=ORIENTED_EDGE('',*,*,#3455,.T.);
#4998=ORIENTED_EDGE('',*,*,#3452,.T.);
#4999=ORIENTED_EDGE('',*,*,#3449,.T.);
#5000=ORIENTED_EDGE('',*,*,#3478,.T.);
#5001=ORIENTED_EDGE('',*,*,#3447,.T.);
#5002=ORIENTED_EDGE('',*,*,#3451,.T.);
#5003=ORIENTED_EDGE('',*,*,#3454,.T.);
#5004=ORIENTED_EDGE('',*,*,#3457,.T.);
#5005=ORIENTED_EDGE('',*,*,#3460,.T.);
#5006=ORIENTED_EDGE('',*,*,#3463,.T.);
#5007=ORIENTED_EDGE('',*,*,#3466,.T.);
#5008=ORIENTED_EDGE('',*,*,#3469,.T.);
#5009=ORIENTED_EDGE('',*,*,#3472,.T.);
#5010=ORIENTED_EDGE('',*,*,#3475,.T.);
#5011=ORIENTED_EDGE('',*,*,#3480,.F.);
#5012=ORIENTED_EDGE('',*,*,#3481,.T.);
#5013=ORIENTED_EDGE('',*,*,#3482,.T.);
#5014=ORIENTED_EDGE('',*,*,#3483,.T.);
#5015=ORIENTED_EDGE('',*,*,#3484,.F.);
#5016=ORIENTED_EDGE('',*,*,#3485,.T.);
#5017=ORIENTED_EDGE('',*,*,#3486,.F.);
#5018=ORIENTED_EDGE('',*,*,#3487,.F.);
#5019=ORIENTED_EDGE('',*,*,#3488,.T.);
#5020=ORIENTED_EDGE('',*,*,#3481,.F.);
#5021=ORIENTED_EDGE('',*,*,#3489,.F.);
#5022=ORIENTED_EDGE('',*,*,#3490,.T.);
#5023=ORIENTED_EDGE('',*,*,#3482,.F.);
#5024=ORIENTED_EDGE('',*,*,#3488,.F.);
#5025=ORIENTED_EDGE('',*,*,#3491,.F.);
#5026=ORIENTED_EDGE('',*,*,#3492,.F.);
#5027=ORIENTED_EDGE('',*,*,#3493,.T.);
#5028=ORIENTED_EDGE('',*,*,#3486,.T.);
#5029=ORIENTED_EDGE('',*,*,#3494,.F.);
#5030=ORIENTED_EDGE('',*,*,#3483,.F.);
#5031=ORIENTED_EDGE('',*,*,#3490,.F.);
#5032=ORIENTED_EDGE('',*,*,#3495,.T.);
#5033=ORIENTED_EDGE('',*,*,#3492,.T.);
#5034=ORIENTED_EDGE('',*,*,#3496,.F.);
#5035=ORIENTED_EDGE('',*,*,#3491,.T.);
#5036=ORIENTED_EDGE('',*,*,#3497,.T.);
#5037=ORIENTED_EDGE('',*,*,#3498,.F.);
#5038=ORIENTED_EDGE('',*,*,#3499,.F.);
#5039=ORIENTED_EDGE('',*,*,#3500,.T.);
#5040=ORIENTED_EDGE('',*,*,#3501,.T.);
#5041=ORIENTED_EDGE('',*,*,#3502,.F.);
#5042=ORIENTED_EDGE('',*,*,#3503,.F.);
#5043=ORIENTED_EDGE('',*,*,#3504,.F.);
#5044=ORIENTED_EDGE('',*,*,#3505,.T.);
#5045=ORIENTED_EDGE('',*,*,#3506,.F.);
#5046=ORIENTED_EDGE('',*,*,#3507,.T.);
#5047=ORIENTED_EDGE('',*,*,#3508,.T.);
#5048=ORIENTED_EDGE('',*,*,#3502,.T.);
#5049=ORIENTED_EDGE('',*,*,#3509,.F.);
#5050=ORIENTED_EDGE('',*,*,#3510,.F.);
#5051=ORIENTED_EDGE('',*,*,#3511,.T.);
#5052=ORIENTED_EDGE('',*,*,#3512,.T.);
#5053=ORIENTED_EDGE('',*,*,#3507,.F.);
#5054=ORIENTED_EDGE('',*,*,#3513,.F.);
#5055=ORIENTED_EDGE('',*,*,#3514,.T.);
#5056=ORIENTED_EDGE('',*,*,#3515,.F.);
#5057=ORIENTED_EDGE('',*,*,#3516,.F.);
#5058=ORIENTED_EDGE('',*,*,#3517,.T.);
#5059=ORIENTED_EDGE('',*,*,#3518,.T.);
#5060=ORIENTED_EDGE('',*,*,#3519,.T.);
#5061=ORIENTED_EDGE('',*,*,#3520,.F.);
#5062=ORIENTED_EDGE('',*,*,#3521,.F.);
#5063=ORIENTED_EDGE('',*,*,#3522,.F.);
#5064=ORIENTED_EDGE('',*,*,#3523,.T.);
#5065=ORIENTED_EDGE('',*,*,#3524,.F.);
#5066=ORIENTED_EDGE('',*,*,#3525,.T.);
#5067=ORIENTED_EDGE('',*,*,#3526,.T.);
#5068=ORIENTED_EDGE('',*,*,#3520,.T.);
#5069=ORIENTED_EDGE('',*,*,#3527,.F.);
#5070=ORIENTED_EDGE('',*,*,#3528,.F.);
#5071=ORIENTED_EDGE('',*,*,#3529,.T.);
#5072=ORIENTED_EDGE('',*,*,#3530,.T.);
#5073=ORIENTED_EDGE('',*,*,#3525,.F.);
#5074=ORIENTED_EDGE('',*,*,#3531,.T.);
#5075=ORIENTED_EDGE('',*,*,#3532,.T.);
#5076=ORIENTED_EDGE('',*,*,#3533,.F.);
#5077=ORIENTED_EDGE('',*,*,#3534,.F.);
#5078=ORIENTED_EDGE('',*,*,#3535,.T.);
#5079=ORIENTED_EDGE('',*,*,#3536,.F.);
#5080=ORIENTED_EDGE('',*,*,#3537,.T.);
#5081=ORIENTED_EDGE('',*,*,#3538,.T.);
#5082=ORIENTED_EDGE('',*,*,#3539,.T.);
#5083=ORIENTED_EDGE('',*,*,#3540,.F.);
#5084=ORIENTED_EDGE('',*,*,#3541,.T.);
#5085=ORIENTED_EDGE('',*,*,#3542,.F.);
#5086=ORIENTED_EDGE('',*,*,#3543,.F.);
#5087=ORIENTED_EDGE('',*,*,#3544,.T.);
#5088=ORIENTED_EDGE('',*,*,#3537,.F.);
#5089=ORIENTED_EDGE('',*,*,#3545,.F.);
#5090=ORIENTED_EDGE('',*,*,#3546,.T.);
#5091=ORIENTED_EDGE('',*,*,#3538,.F.);
#5092=ORIENTED_EDGE('',*,*,#3544,.F.);
#5093=ORIENTED_EDGE('',*,*,#3547,.F.);
#5094=ORIENTED_EDGE('',*,*,#3548,.F.);
#5095=ORIENTED_EDGE('',*,*,#3549,.T.);
#5096=ORIENTED_EDGE('',*,*,#3542,.T.);
#5097=ORIENTED_EDGE('',*,*,#3550,.F.);
#5098=ORIENTED_EDGE('',*,*,#3539,.F.);
#5099=ORIENTED_EDGE('',*,*,#3546,.F.);
#5100=ORIENTED_EDGE('',*,*,#3551,.T.);
#5101=ORIENTED_EDGE('',*,*,#3548,.T.);
#5102=ORIENTED_EDGE('',*,*,#3552,.F.);
#5103=ORIENTED_EDGE('',*,*,#3547,.T.);
#5104=ORIENTED_EDGE('',*,*,#3553,.T.);
#5105=ORIENTED_EDGE('',*,*,#3554,.F.);
#5106=ORIENTED_EDGE('',*,*,#3555,.F.);
#5107=ORIENTED_EDGE('',*,*,#3556,.T.);
#5108=ORIENTED_EDGE('',*,*,#3557,.T.);
#5109=ORIENTED_EDGE('',*,*,#3558,.T.);
#5110=ORIENTED_EDGE('',*,*,#3559,.T.);
#5111=ORIENTED_EDGE('',*,*,#3560,.T.);
#5112=ORIENTED_EDGE('',*,*,#3561,.T.);
#5113=ORIENTED_EDGE('',*,*,#3556,.F.);
#5114=ORIENTED_EDGE('',*,*,#3562,.T.);
#5115=ORIENTED_EDGE('',*,*,#3563,.T.);
#5116=ORIENTED_EDGE('',*,*,#3564,.T.);
#5117=ORIENTED_EDGE('',*,*,#3558,.F.);
#5118=ORIENTED_EDGE('',*,*,#3565,.T.);
#5119=ORIENTED_EDGE('',*,*,#3566,.T.);
#5120=ORIENTED_EDGE('',*,*,#3567,.T.);
#5121=ORIENTED_EDGE('',*,*,#3560,.F.);
#5122=ORIENTED_EDGE('',*,*,#3568,.T.);
#5123=ORIENTED_EDGE('',*,*,#3569,.T.);
#5124=ORIENTED_EDGE('',*,*,#3570,.T.);
#5125=ORIENTED_EDGE('',*,*,#3563,.F.);
#5126=ORIENTED_EDGE('',*,*,#3571,.T.);
#5127=ORIENTED_EDGE('',*,*,#3572,.T.);
#5128=ORIENTED_EDGE('',*,*,#3573,.T.);
#5129=ORIENTED_EDGE('',*,*,#3566,.F.);
#5130=ORIENTED_EDGE('',*,*,#3574,.T.);
#5131=ORIENTED_EDGE('',*,*,#3575,.T.);
#5132=ORIENTED_EDGE('',*,*,#3576,.T.);
#5133=ORIENTED_EDGE('',*,*,#3569,.F.);
#5134=ORIENTED_EDGE('',*,*,#3577,.T.);
#5135=ORIENTED_EDGE('',*,*,#3575,.F.);
#5136=ORIENTED_EDGE('',*,*,#3578,.T.);
#5137=ORIENTED_EDGE('',*,*,#3572,.F.);
#5138=ORIENTED_EDGE('',*,*,#3579,.T.);
#5139=ORIENTED_EDGE('',*,*,#3580,.T.);
#5140=ORIENTED_EDGE('',*,*,#3521,.T.);
#5141=ORIENTED_EDGE('',*,*,#3526,.F.);
#5142=ORIENTED_EDGE('',*,*,#3530,.F.);
#5143=ORIENTED_EDGE('',*,*,#3581,.T.);
#5144=ORIENTED_EDGE('',*,*,#3498,.T.);
#5145=ORIENTED_EDGE('',*,*,#3582,.T.);
#5146=ORIENTED_EDGE('',*,*,#3554,.T.);
#5147=ORIENTED_EDGE('',*,*,#3583,.T.);
#5148=ORIENTED_EDGE('',*,*,#3503,.T.);
#5149=ORIENTED_EDGE('',*,*,#3508,.F.);
#5150=ORIENTED_EDGE('',*,*,#3512,.F.);
#5151=ORIENTED_EDGE('',*,*,#3559,.F.);
#5152=ORIENTED_EDGE('',*,*,#3564,.F.);
#5153=ORIENTED_EDGE('',*,*,#3570,.F.);
#5154=ORIENTED_EDGE('',*,*,#3576,.F.);
#5155=ORIENTED_EDGE('',*,*,#3579,.F.);
#5156=ORIENTED_EDGE('',*,*,#3574,.F.);
#5157=ORIENTED_EDGE('',*,*,#3568,.F.);
#5158=ORIENTED_EDGE('',*,*,#3562,.F.);
#5159=ORIENTED_EDGE('',*,*,#3584,.T.);
#5160=ORIENTED_EDGE('',*,*,#3504,.T.);
#5161=ORIENTED_EDGE('',*,*,#3583,.F.);
#5162=ORIENTED_EDGE('',*,*,#3553,.F.);
#5163=ORIENTED_EDGE('',*,*,#3541,.F.);
#5164=ORIENTED_EDGE('',*,*,#3585,.T.);
#5165=ORIENTED_EDGE('',*,*,#3552,.T.);
#5166=ORIENTED_EDGE('',*,*,#3555,.T.);
#5167=ORIENTED_EDGE('',*,*,#3582,.F.);
#5168=ORIENTED_EDGE('',*,*,#3497,.F.);
#5169=ORIENTED_EDGE('',*,*,#3485,.F.);
#5170=ORIENTED_EDGE('',*,*,#3586,.T.);
#5171=ORIENTED_EDGE('',*,*,#3496,.T.);
#5172=ORIENTED_EDGE('',*,*,#3499,.T.);
#5173=ORIENTED_EDGE('',*,*,#3581,.F.);
#5174=ORIENTED_EDGE('',*,*,#3529,.F.);
#5175=ORIENTED_EDGE('',*,*,#3587,.T.);
#5176=ORIENTED_EDGE('',*,*,#3522,.T.);
#5177=ORIENTED_EDGE('',*,*,#3580,.F.);
#5178=ORIENTED_EDGE('',*,*,#3511,.F.);
#5179=ORIENTED_EDGE('',*,*,#3494,.T.);
#5180=ORIENTED_EDGE('',*,*,#3586,.F.);
#5181=ORIENTED_EDGE('',*,*,#3528,.T.);
#5182=ORIENTED_EDGE('',*,*,#3532,.F.);
#5183=ORIENTED_EDGE('',*,*,#3523,.F.);
#5184=ORIENTED_EDGE('',*,*,#3587,.F.);
#5185=ORIENTED_EDGE('',*,*,#3510,.T.);
#5186=ORIENTED_EDGE('',*,*,#3514,.F.);
#5187=ORIENTED_EDGE('',*,*,#3505,.F.);
#5188=ORIENTED_EDGE('',*,*,#3584,.F.);
#5189=ORIENTED_EDGE('',*,*,#3540,.T.);
#5190=ORIENTED_EDGE('',*,*,#3536,.T.);
#5191=ORIENTED_EDGE('',*,*,#3550,.T.);
#5192=ORIENTED_EDGE('',*,*,#3585,.F.);
#5193=ORIENTED_EDGE('',*,*,#3484,.T.);
#5194=ORIENTED_EDGE('',*,*,#3480,.T.);
#5195=ORIENTED_EDGE('',*,*,#3565,.F.);
#5196=ORIENTED_EDGE('',*,*,#3557,.F.);
#5197=ORIENTED_EDGE('',*,*,#3561,.F.);
#5198=ORIENTED_EDGE('',*,*,#3567,.F.);
#5199=ORIENTED_EDGE('',*,*,#3573,.F.);
#5200=ORIENTED_EDGE('',*,*,#3578,.F.);
#5201=ORIENTED_EDGE('',*,*,#3577,.F.);
#5202=ORIENTED_EDGE('',*,*,#3571,.F.);
#5203=ORIENTED_EDGE('',*,*,#3524,.T.);
#5204=ORIENTED_EDGE('',*,*,#3588,.T.);
#5205=ORIENTED_EDGE('',*,*,#3589,.T.);
#5206=ORIENTED_EDGE('',*,*,#3590,.T.);
#5207=ORIENTED_EDGE('',*,*,#3591,.T.);
#5208=ORIENTED_EDGE('',*,*,#3592,.F.);
#5209=ORIENTED_EDGE('',*,*,#3531,.F.);
#5210=ORIENTED_EDGE('',*,*,#3590,.F.);
#5211=ORIENTED_EDGE('',*,*,#3593,.T.);
#5212=ORIENTED_EDGE('',*,*,#3513,.T.);
#5213=ORIENTED_EDGE('',*,*,#3594,.T.);
#5214=ORIENTED_EDGE('',*,*,#3595,.T.);
#5215=ORIENTED_EDGE('',*,*,#3588,.F.);
#5216=ORIENTED_EDGE('',*,*,#3519,.F.);
#5217=ORIENTED_EDGE('',*,*,#3596,.F.);
#5218=ORIENTED_EDGE('',*,*,#3591,.F.);
#5219=ORIENTED_EDGE('',*,*,#3597,.T.);
#5220=ORIENTED_EDGE('',*,*,#3598,.T.);
#5221=ORIENTED_EDGE('',*,*,#3493,.F.);
#5222=ORIENTED_EDGE('',*,*,#3506,.T.);
#5223=ORIENTED_EDGE('',*,*,#3599,.T.);
#5224=ORIENTED_EDGE('',*,*,#3600,.T.);
#5225=ORIENTED_EDGE('',*,*,#3594,.F.);
#5226=ORIENTED_EDGE('',*,*,#3601,.T.);
#5227=ORIENTED_EDGE('',*,*,#3602,.F.);
#5228=ORIENTED_EDGE('',*,*,#3598,.F.);
#5229=ORIENTED_EDGE('',*,*,#3603,.T.);
#5230=ORIENTED_EDGE('',*,*,#3604,.T.);
#5231=ORIENTED_EDGE('',*,*,#3605,.T.);
#5232=ORIENTED_EDGE('',*,*,#3599,.F.);
#5233=ORIENTED_EDGE('',*,*,#3501,.F.);
#5234=ORIENTED_EDGE('',*,*,#3606,.F.);
#5235=ORIENTED_EDGE('',*,*,#3601,.F.);
#5236=ORIENTED_EDGE('',*,*,#3607,.T.);
#5237=ORIENTED_EDGE('',*,*,#3604,.F.);
#5238=ORIENTED_EDGE('',*,*,#3549,.F.);
#5239=ORIENTED_EDGE('',*,*,#3603,.F.);
#5240=ORIENTED_EDGE('',*,*,#3608,.T.);
#5241=ORIENTED_EDGE('',*,*,#3609,.F.);
#5242=ORIENTED_EDGE('',*,*,#3610,.F.);
#5243=ORIENTED_EDGE('',*,*,#3597,.F.);
#5244=ORIENTED_EDGE('',*,*,#3611,.T.);
#5245=ORIENTED_EDGE('',*,*,#3612,.F.);
#5246=ORIENTED_EDGE('',*,*,#3608,.F.);
#5247=ORIENTED_EDGE('',*,*,#3593,.F.);
#5248=ORIENTED_EDGE('',*,*,#3613,.T.);
#5249=ORIENTED_EDGE('',*,*,#3614,.F.);
#5250=ORIENTED_EDGE('',*,*,#3611,.F.);
#5251=ORIENTED_EDGE('',*,*,#3589,.F.);
#5252=ORIENTED_EDGE('',*,*,#3615,.T.);
#5253=ORIENTED_EDGE('',*,*,#3616,.F.);
#5254=ORIENTED_EDGE('',*,*,#3613,.F.);
#5255=ORIENTED_EDGE('',*,*,#3617,.T.);
#5256=ORIENTED_EDGE('',*,*,#3618,.T.);
#5257=ORIENTED_EDGE('',*,*,#3619,.T.);
#5258=ORIENTED_EDGE('',*,*,#3620,.T.);
#5259=ORIENTED_EDGE('',*,*,#3621,.T.);
#5260=ORIENTED_EDGE('',*,*,#3622,.T.);
#5261=ORIENTED_EDGE('',*,*,#3623,.T.);
#5262=ORIENTED_EDGE('',*,*,#3624,.T.);
#5263=ORIENTED_EDGE('',*,*,#3625,.T.);
#5264=ORIENTED_EDGE('',*,*,#3626,.T.);
#5265=ORIENTED_EDGE('',*,*,#3627,.T.);
#5266=ORIENTED_EDGE('',*,*,#3628,.T.);
#5267=ORIENTED_EDGE('',*,*,#3629,.T.);
#5268=ORIENTED_EDGE('',*,*,#3616,.T.);
#5269=ORIENTED_EDGE('',*,*,#3630,.T.);
#5270=ORIENTED_EDGE('',*,*,#3631,.T.);
#5271=ORIENTED_EDGE('',*,*,#3632,.T.);
#5272=ORIENTED_EDGE('',*,*,#3614,.T.);
#5273=ORIENTED_EDGE('',*,*,#3629,.F.);
#5274=ORIENTED_EDGE('',*,*,#3633,.T.);
#5275=ORIENTED_EDGE('',*,*,#3634,.T.);
#5276=ORIENTED_EDGE('',*,*,#3635,.T.);
#5277=ORIENTED_EDGE('',*,*,#3630,.F.);
#5278=ORIENTED_EDGE('',*,*,#3636,.T.);
#5279=ORIENTED_EDGE('',*,*,#3632,.F.);
#5280=ORIENTED_EDGE('',*,*,#3637,.T.);
#5281=ORIENTED_EDGE('',*,*,#3638,.T.);
#5282=ORIENTED_EDGE('',*,*,#3612,.T.);
#5283=ORIENTED_EDGE('',*,*,#3634,.F.);
#5284=ORIENTED_EDGE('',*,*,#3639,.T.);
#5285=ORIENTED_EDGE('',*,*,#3640,.T.);
#5286=ORIENTED_EDGE('',*,*,#3641,.T.);
#5287=ORIENTED_EDGE('',*,*,#3642,.T.);
#5288=ORIENTED_EDGE('',*,*,#3609,.T.);
#5289=ORIENTED_EDGE('',*,*,#3638,.F.);
#5290=ORIENTED_EDGE('',*,*,#3643,.T.);
#5291=ORIENTED_EDGE('',*,*,#3644,.T.);
#5292=ORIENTED_EDGE('',*,*,#3645,.T.);
#5293=ORIENTED_EDGE('',*,*,#3640,.F.);
#5294=ORIENTED_EDGE('',*,*,#3646,.T.);
#5295=ORIENTED_EDGE('',*,*,#3647,.T.);
#5296=ORIENTED_EDGE('',*,*,#3648,.T.);
#5297=ORIENTED_EDGE('',*,*,#3642,.F.);
#5298=ORIENTED_EDGE('',*,*,#3649,.T.);
#5299=ORIENTED_EDGE('',*,*,#3644,.F.);
#5300=ORIENTED_EDGE('',*,*,#3650,.T.);
#5301=ORIENTED_EDGE('',*,*,#3651,.T.);
#5302=ORIENTED_EDGE('',*,*,#3652,.T.);
#5303=ORIENTED_EDGE('',*,*,#3607,.F.);
#5304=ORIENTED_EDGE('',*,*,#3610,.T.);
#5305=ORIENTED_EDGE('',*,*,#3648,.F.);
#5306=ORIENTED_EDGE('',*,*,#3653,.T.);
#5307=ORIENTED_EDGE('',*,*,#3654,.T.);
#5308=ORIENTED_EDGE('',*,*,#3655,.T.);
#5309=ORIENTED_EDGE('',*,*,#3650,.F.);
#5310=ORIENTED_EDGE('',*,*,#3656,.F.);
#5311=ORIENTED_EDGE('',*,*,#3647,.F.);
#5312=ORIENTED_EDGE('',*,*,#3657,.T.);
#5313=ORIENTED_EDGE('',*,*,#3658,.F.);
#5314=ORIENTED_EDGE('',*,*,#3659,.F.);
#5315=ORIENTED_EDGE('',*,*,#3653,.F.);
#5316=ORIENTED_EDGE('',*,*,#3652,.F.);
#5317=ORIENTED_EDGE('',*,*,#3660,.T.);
#5318=ORIENTED_EDGE('',*,*,#3661,.F.);
#5319=ORIENTED_EDGE('',*,*,#3657,.F.);
#5320=ORIENTED_EDGE('',*,*,#3662,.F.);
#5321=ORIENTED_EDGE('',*,*,#3663,.T.);
#5322=ORIENTED_EDGE('',*,*,#3664,.F.);
#5323=ORIENTED_EDGE('',*,*,#3663,.F.);
#5324=ORIENTED_EDGE('',*,*,#3665,.F.);
#5325=ORIENTED_EDGE('',*,*,#3666,.T.);
#5326=ORIENTED_EDGE('',*,*,#3667,.F.);
#5327=ORIENTED_EDGE('',*,*,#3666,.F.);
#5328=ORIENTED_EDGE('',*,*,#3668,.F.);
#5329=ORIENTED_EDGE('',*,*,#3669,.F.);
#5330=ORIENTED_EDGE('',*,*,#3670,.F.);
#5331=ORIENTED_EDGE('',*,*,#3671,.T.);
#5332=ORIENTED_EDGE('',*,*,#3672,.F.);
#5333=ORIENTED_EDGE('',*,*,#3671,.F.);
#5334=ORIENTED_EDGE('',*,*,#3673,.F.);
#5335=ORIENTED_EDGE('',*,*,#3674,.T.);
#5336=ORIENTED_EDGE('',*,*,#3675,.F.);
#5337=ORIENTED_EDGE('',*,*,#3674,.F.);
#5338=ORIENTED_EDGE('',*,*,#3676,.F.);
#5339=ORIENTED_EDGE('',*,*,#3677,.T.);
#5340=ORIENTED_EDGE('',*,*,#3678,.F.);
#5341=ORIENTED_EDGE('',*,*,#3677,.F.);
#5342=ORIENTED_EDGE('',*,*,#3679,.F.);
#5343=ORIENTED_EDGE('',*,*,#3669,.T.);
#5344=ORIENTED_EDGE('',*,*,#3680,.F.);
#5345=ORIENTED_EDGE('',*,*,#3681,.F.);
#5346=ORIENTED_EDGE('',*,*,#3682,.F.);
#5347=ORIENTED_EDGE('',*,*,#3683,.T.);
#5348=ORIENTED_EDGE('',*,*,#3684,.F.);
#5349=ORIENTED_EDGE('',*,*,#3683,.F.);
#5350=ORIENTED_EDGE('',*,*,#3685,.F.);
#5351=ORIENTED_EDGE('',*,*,#3686,.T.);
#5352=ORIENTED_EDGE('',*,*,#3687,.F.);
#5353=ORIENTED_EDGE('',*,*,#3686,.F.);
#5354=ORIENTED_EDGE('',*,*,#3688,.F.);
#5355=ORIENTED_EDGE('',*,*,#3689,.T.);
#5356=ORIENTED_EDGE('',*,*,#3690,.F.);
#5357=ORIENTED_EDGE('',*,*,#3689,.F.);
#5358=ORIENTED_EDGE('',*,*,#3691,.F.);
#5359=ORIENTED_EDGE('',*,*,#3681,.T.);
#5360=ORIENTED_EDGE('',*,*,#3692,.F.);
#5361=ORIENTED_EDGE('',*,*,#3693,.F.);
#5362=ORIENTED_EDGE('',*,*,#3694,.F.);
#5363=ORIENTED_EDGE('',*,*,#3695,.T.);
#5364=ORIENTED_EDGE('',*,*,#3696,.F.);
#5365=ORIENTED_EDGE('',*,*,#3695,.F.);
#5366=ORIENTED_EDGE('',*,*,#3697,.F.);
#5367=ORIENTED_EDGE('',*,*,#3698,.T.);
#5368=ORIENTED_EDGE('',*,*,#3699,.F.);
#5369=ORIENTED_EDGE('',*,*,#3698,.F.);
#5370=ORIENTED_EDGE('',*,*,#3700,.F.);
#5371=ORIENTED_EDGE('',*,*,#3701,.T.);
#5372=ORIENTED_EDGE('',*,*,#3702,.F.);
#5373=ORIENTED_EDGE('',*,*,#3701,.F.);
#5374=ORIENTED_EDGE('',*,*,#3703,.F.);
#5375=ORIENTED_EDGE('',*,*,#3693,.T.);
#5376=ORIENTED_EDGE('',*,*,#3651,.F.);
#5377=ORIENTED_EDGE('',*,*,#3655,.F.);
#5378=ORIENTED_EDGE('',*,*,#3704,.T.);
#5379=ORIENTED_EDGE('',*,*,#3705,.F.);
#5380=ORIENTED_EDGE('',*,*,#3660,.F.);
#5381=ORIENTED_EDGE('',*,*,#3706,.F.);
#5382=ORIENTED_EDGE('',*,*,#3704,.F.);
#5383=ORIENTED_EDGE('',*,*,#3654,.F.);
#5384=ORIENTED_EDGE('',*,*,#3659,.T.);
#5385=ORIENTED_EDGE('',*,*,#3707,.T.);
#5386=ORIENTED_EDGE('',*,*,#3708,.F.);
#5387=ORIENTED_EDGE('',*,*,#3709,.F.);
#5388=ORIENTED_EDGE('',*,*,#3710,.T.);
#5389=ORIENTED_EDGE('',*,*,#3534,.T.);
#5390=ORIENTED_EDGE('',*,*,#3711,.F.);
#5391=ORIENTED_EDGE('',*,*,#3712,.F.);
#5392=ORIENTED_EDGE('',*,*,#3713,.T.);
#5393=ORIENTED_EDGE('',*,*,#3709,.T.);
#5394=ORIENTED_EDGE('',*,*,#3714,.F.);
#5395=ORIENTED_EDGE('',*,*,#3631,.F.);
#5396=ORIENTED_EDGE('',*,*,#3715,.T.);
#5397=ORIENTED_EDGE('',*,*,#3708,.T.);
#5398=ORIENTED_EDGE('',*,*,#3716,.T.);
#5399=ORIENTED_EDGE('',*,*,#3717,.F.);
#5400=ORIENTED_EDGE('',*,*,#3718,.F.);
#5401=ORIENTED_EDGE('',*,*,#3719,.T.);
#5402=ORIENTED_EDGE('',*,*,#3720,.T.);
#5403=ORIENTED_EDGE('',*,*,#3721,.F.);
#5404=ORIENTED_EDGE('',*,*,#3716,.F.);
#5405=ORIENTED_EDGE('',*,*,#3711,.T.);
#5406=ORIENTED_EDGE('',*,*,#3722,.T.);
#5407=ORIENTED_EDGE('',*,*,#3723,.F.);
#5408=ORIENTED_EDGE('',*,*,#3720,.F.);
#5409=ORIENTED_EDGE('',*,*,#3533,.T.);
#5410=ORIENTED_EDGE('',*,*,#3527,.T.);
#5411=ORIENTED_EDGE('',*,*,#3592,.T.);
#5412=ORIENTED_EDGE('',*,*,#3495,.F.);
#5413=ORIENTED_EDGE('',*,*,#3722,.F.);
#5414=ORIENTED_EDGE('',*,*,#3714,.T.);
#5415=ORIENTED_EDGE('',*,*,#3718,.T.);
#5416=ORIENTED_EDGE('',*,*,#3724,.F.);
#5417=ORIENTED_EDGE('',*,*,#3633,.F.);
#5418=ORIENTED_EDGE('',*,*,#3717,.T.);
#5419=ORIENTED_EDGE('',*,*,#3725,.T.);
#5420=ORIENTED_EDGE('',*,*,#3726,.F.);
#5421=ORIENTED_EDGE('',*,*,#3727,.F.);
#5422=ORIENTED_EDGE('',*,*,#3721,.T.);
#5423=ORIENTED_EDGE('',*,*,#3728,.T.);
#5424=ORIENTED_EDGE('',*,*,#3729,.F.);
#5425=ORIENTED_EDGE('',*,*,#3725,.F.);
#5426=ORIENTED_EDGE('',*,*,#3723,.T.);
#5427=ORIENTED_EDGE('',*,*,#3489,.T.);
#5428=ORIENTED_EDGE('',*,*,#3730,.F.);
#5429=ORIENTED_EDGE('',*,*,#3728,.F.);
#5430=ORIENTED_EDGE('',*,*,#3724,.T.);
#5431=ORIENTED_EDGE('',*,*,#3727,.T.);
#5432=ORIENTED_EDGE('',*,*,#3731,.F.);
#5433=ORIENTED_EDGE('',*,*,#3637,.F.);
#5434=ORIENTED_EDGE('',*,*,#3726,.T.);
#5435=ORIENTED_EDGE('',*,*,#3732,.T.);
#5436=ORIENTED_EDGE('',*,*,#3733,.F.);
#5437=ORIENTED_EDGE('',*,*,#3734,.F.);
#5438=ORIENTED_EDGE('',*,*,#3729,.T.);
#5439=ORIENTED_EDGE('',*,*,#3735,.T.);
#5440=ORIENTED_EDGE('',*,*,#3736,.F.);
#5441=ORIENTED_EDGE('',*,*,#3732,.F.);
#5442=ORIENTED_EDGE('',*,*,#3730,.T.);
#5443=ORIENTED_EDGE('',*,*,#3737,.T.);
#5444=ORIENTED_EDGE('',*,*,#3738,.F.);
#5445=ORIENTED_EDGE('',*,*,#3735,.F.);
#5446=ORIENTED_EDGE('',*,*,#3487,.T.);
#5447=ORIENTED_EDGE('',*,*,#3602,.T.);
#5448=ORIENTED_EDGE('',*,*,#3551,.F.);
#5449=ORIENTED_EDGE('',*,*,#3737,.F.);
#5450=ORIENTED_EDGE('',*,*,#3731,.T.);
#5451=ORIENTED_EDGE('',*,*,#3734,.T.);
#5452=ORIENTED_EDGE('',*,*,#3739,.F.);
#5453=ORIENTED_EDGE('',*,*,#3643,.F.);
#5454=ORIENTED_EDGE('',*,*,#3733,.T.);
#5455=ORIENTED_EDGE('',*,*,#3740,.T.);
#5456=ORIENTED_EDGE('',*,*,#3741,.F.);
#5457=ORIENTED_EDGE('',*,*,#3742,.F.);
#5458=ORIENTED_EDGE('',*,*,#3736,.T.);
#5459=ORIENTED_EDGE('',*,*,#3743,.T.);
#5460=ORIENTED_EDGE('',*,*,#3744,.F.);
#5461=ORIENTED_EDGE('',*,*,#3740,.F.);
#5462=ORIENTED_EDGE('',*,*,#3706,.T.);
#5463=ORIENTED_EDGE('',*,*,#3658,.T.);
#5464=ORIENTED_EDGE('',*,*,#3661,.T.);
#5465=ORIENTED_EDGE('',*,*,#3705,.T.);
#5466=ORIENTED_EDGE('',*,*,#3738,.T.);
#5467=ORIENTED_EDGE('',*,*,#3545,.T.);
#5468=ORIENTED_EDGE('',*,*,#3745,.F.);
#5469=ORIENTED_EDGE('',*,*,#3743,.F.);
#5470=ORIENTED_EDGE('',*,*,#3739,.T.);
#5471=ORIENTED_EDGE('',*,*,#3742,.T.);
#5472=ORIENTED_EDGE('',*,*,#3746,.F.);
#5473=ORIENTED_EDGE('',*,*,#3649,.F.);
#5474=ORIENTED_EDGE('',*,*,#3741,.T.);
#5475=ORIENTED_EDGE('',*,*,#3747,.T.);
#5476=ORIENTED_EDGE('',*,*,#3748,.F.);
#5477=ORIENTED_EDGE('',*,*,#3749,.F.);
#5478=ORIENTED_EDGE('',*,*,#3744,.T.);
#5479=ORIENTED_EDGE('',*,*,#3750,.T.);
#5480=ORIENTED_EDGE('',*,*,#3751,.F.);
#5481=ORIENTED_EDGE('',*,*,#3747,.F.);
#5482=ORIENTED_EDGE('',*,*,#3745,.T.);
#5483=ORIENTED_EDGE('',*,*,#3752,.T.);
#5484=ORIENTED_EDGE('',*,*,#3753,.F.);
#5485=ORIENTED_EDGE('',*,*,#3750,.F.);
#5486=ORIENTED_EDGE('',*,*,#3543,.T.);
#5487=ORIENTED_EDGE('',*,*,#3606,.T.);
#5488=ORIENTED_EDGE('',*,*,#3500,.F.);
#5489=ORIENTED_EDGE('',*,*,#3517,.F.);
#5490=ORIENTED_EDGE('',*,*,#3752,.F.);
#5491=ORIENTED_EDGE('',*,*,#3605,.F.);
#5492=ORIENTED_EDGE('',*,*,#3656,.T.);
#5493=ORIENTED_EDGE('',*,*,#3646,.F.);
#5494=ORIENTED_EDGE('',*,*,#3754,.F.);
#5495=ORIENTED_EDGE('',*,*,#3746,.T.);
#5496=ORIENTED_EDGE('',*,*,#3749,.T.);
#5497=ORIENTED_EDGE('',*,*,#3755,.F.);
#5498=ORIENTED_EDGE('',*,*,#3645,.F.);
#5499=ORIENTED_EDGE('',*,*,#3748,.T.);
#5500=ORIENTED_EDGE('',*,*,#3756,.T.);
#5501=ORIENTED_EDGE('',*,*,#3757,.F.);
#5502=ORIENTED_EDGE('',*,*,#3758,.F.);
#5503=ORIENTED_EDGE('',*,*,#3751,.T.);
#5504=ORIENTED_EDGE('',*,*,#3759,.T.);
#5505=ORIENTED_EDGE('',*,*,#3760,.F.);
#5506=ORIENTED_EDGE('',*,*,#3756,.F.);
#5507=ORIENTED_EDGE('',*,*,#3664,.T.);
#5508=ORIENTED_EDGE('',*,*,#3667,.T.);
#5509=ORIENTED_EDGE('',*,*,#3675,.T.);
#5510=ORIENTED_EDGE('',*,*,#3678,.T.);
#5511=ORIENTED_EDGE('',*,*,#3668,.T.);
#5512=ORIENTED_EDGE('',*,*,#3672,.T.);
#5513=ORIENTED_EDGE('',*,*,#3687,.T.);
#5514=ORIENTED_EDGE('',*,*,#3690,.T.);
#5515=ORIENTED_EDGE('',*,*,#3680,.T.);
#5516=ORIENTED_EDGE('',*,*,#3684,.T.);
#5517=ORIENTED_EDGE('',*,*,#3699,.T.);
#5518=ORIENTED_EDGE('',*,*,#3702,.T.);
#5519=ORIENTED_EDGE('',*,*,#3692,.T.);
#5520=ORIENTED_EDGE('',*,*,#3696,.T.);
#5521=ORIENTED_EDGE('',*,*,#3753,.T.);
#5522=ORIENTED_EDGE('',*,*,#3516,.T.);
#5523=ORIENTED_EDGE('',*,*,#3761,.F.);
#5524=ORIENTED_EDGE('',*,*,#3759,.F.);
#5525=ORIENTED_EDGE('',*,*,#3600,.F.);
#5526=ORIENTED_EDGE('',*,*,#3754,.T.);
#5527=ORIENTED_EDGE('',*,*,#3639,.F.);
#5528=ORIENTED_EDGE('',*,*,#3762,.F.);
#5529=ORIENTED_EDGE('',*,*,#3662,.T.);
#5530=ORIENTED_EDGE('',*,*,#3665,.T.);
#5531=ORIENTED_EDGE('',*,*,#3676,.T.);
#5532=ORIENTED_EDGE('',*,*,#3673,.T.);
#5533=ORIENTED_EDGE('',*,*,#3670,.T.);
#5534=ORIENTED_EDGE('',*,*,#3679,.T.);
#5535=ORIENTED_EDGE('',*,*,#3688,.T.);
#5536=ORIENTED_EDGE('',*,*,#3685,.T.);
#5537=ORIENTED_EDGE('',*,*,#3682,.T.);
#5538=ORIENTED_EDGE('',*,*,#3691,.T.);
#5539=ORIENTED_EDGE('',*,*,#3700,.T.);
#5540=ORIENTED_EDGE('',*,*,#3697,.T.);
#5541=ORIENTED_EDGE('',*,*,#3694,.T.);
#5542=ORIENTED_EDGE('',*,*,#3703,.T.);
#5543=ORIENTED_EDGE('',*,*,#3755,.T.);
#5544=ORIENTED_EDGE('',*,*,#3758,.T.);
#5545=ORIENTED_EDGE('',*,*,#3763,.F.);
#5546=ORIENTED_EDGE('',*,*,#3641,.F.);
#5547=ORIENTED_EDGE('',*,*,#3757,.T.);
#5548=ORIENTED_EDGE('',*,*,#3764,.T.);
#5549=ORIENTED_EDGE('',*,*,#3710,.F.);
#5550=ORIENTED_EDGE('',*,*,#3765,.F.);
#5551=ORIENTED_EDGE('',*,*,#3760,.T.);
#5552=ORIENTED_EDGE('',*,*,#3766,.T.);
#5553=ORIENTED_EDGE('',*,*,#3767,.F.);
#5554=ORIENTED_EDGE('',*,*,#3764,.F.);
#5555=ORIENTED_EDGE('',*,*,#3761,.T.);
#5556=ORIENTED_EDGE('',*,*,#3768,.T.);
#5557=ORIENTED_EDGE('',*,*,#3713,.F.);
#5558=ORIENTED_EDGE('',*,*,#3766,.F.);
#5559=ORIENTED_EDGE('',*,*,#3515,.T.);
#5560=ORIENTED_EDGE('',*,*,#3509,.T.);
#5561=ORIENTED_EDGE('',*,*,#3596,.T.);
#5562=ORIENTED_EDGE('',*,*,#3518,.F.);
#5563=ORIENTED_EDGE('',*,*,#3535,.F.);
#5564=ORIENTED_EDGE('',*,*,#3768,.F.);
#5565=ORIENTED_EDGE('',*,*,#3595,.F.);
#5566=ORIENTED_EDGE('',*,*,#3762,.T.);
#5567=ORIENTED_EDGE('',*,*,#3636,.F.);
#5568=ORIENTED_EDGE('',*,*,#3615,.F.);
#5569=ORIENTED_EDGE('',*,*,#3763,.T.);
#5570=ORIENTED_EDGE('',*,*,#3765,.T.);
#5571=ORIENTED_EDGE('',*,*,#3715,.F.);
#5572=ORIENTED_EDGE('',*,*,#3635,.F.);
#5573=ORIENTED_EDGE('',*,*,#3712,.T.);
#5574=ORIENTED_EDGE('',*,*,#3719,.F.);
#5575=ORIENTED_EDGE('',*,*,#3707,.F.);
#5576=ORIENTED_EDGE('',*,*,#3767,.T.);
#5577=ORIENTED_EDGE('',*,*,#3769,.T.);
#5578=ORIENTED_EDGE('',*,*,#3770,.T.);
#5579=ORIENTED_EDGE('',*,*,#3771,.T.);
#5580=ORIENTED_EDGE('',*,*,#3772,.T.);
#5581=ORIENTED_EDGE('',*,*,#3773,.T.);
#5582=ORIENTED_EDGE('',*,*,#3774,.T.);
#5583=ORIENTED_EDGE('',*,*,#3775,.T.);
#5584=ORIENTED_EDGE('',*,*,#3776,.T.);
#5585=ORIENTED_EDGE('',*,*,#3777,.T.);
#5586=ORIENTED_EDGE('',*,*,#3778,.T.);
#5587=ORIENTED_EDGE('',*,*,#3779,.T.);
#5588=ORIENTED_EDGE('',*,*,#3780,.T.);
#5589=ORIENTED_EDGE('',*,*,#3770,.F.);
#5590=ORIENTED_EDGE('',*,*,#3781,.F.);
#5591=ORIENTED_EDGE('',*,*,#3628,.F.);
#5592=ORIENTED_EDGE('',*,*,#3782,.T.);
#5593=ORIENTED_EDGE('',*,*,#3769,.F.);
#5594=ORIENTED_EDGE('',*,*,#3783,.F.);
#5595=ORIENTED_EDGE('',*,*,#3625,.F.);
#5596=ORIENTED_EDGE('',*,*,#3781,.T.);
#5597=ORIENTED_EDGE('',*,*,#3772,.F.);
#5598=ORIENTED_EDGE('',*,*,#3784,.F.);
#5599=ORIENTED_EDGE('',*,*,#3626,.F.);
#5600=ORIENTED_EDGE('',*,*,#3783,.T.);
#5601=ORIENTED_EDGE('',*,*,#3771,.F.);
#5602=ORIENTED_EDGE('',*,*,#3782,.F.);
#5603=ORIENTED_EDGE('',*,*,#3627,.F.);
#5604=ORIENTED_EDGE('',*,*,#3784,.T.);
#5605=ORIENTED_EDGE('',*,*,#3774,.F.);
#5606=ORIENTED_EDGE('',*,*,#3785,.F.);
#5607=ORIENTED_EDGE('',*,*,#3624,.F.);
#5608=ORIENTED_EDGE('',*,*,#3786,.T.);
#5609=ORIENTED_EDGE('',*,*,#3773,.F.);
#5610=ORIENTED_EDGE('',*,*,#3787,.F.);
#5611=ORIENTED_EDGE('',*,*,#3621,.F.);
#5612=ORIENTED_EDGE('',*,*,#3785,.T.);
#5613=ORIENTED_EDGE('',*,*,#3776,.F.);
#5614=ORIENTED_EDGE('',*,*,#3788,.F.);
#5615=ORIENTED_EDGE('',*,*,#3622,.F.);
#5616=ORIENTED_EDGE('',*,*,#3787,.T.);
#5617=ORIENTED_EDGE('',*,*,#3775,.F.);
#5618=ORIENTED_EDGE('',*,*,#3786,.F.);
#5619=ORIENTED_EDGE('',*,*,#3623,.F.);
#5620=ORIENTED_EDGE('',*,*,#3788,.T.);
#5621=ORIENTED_EDGE('',*,*,#3778,.F.);
#5622=ORIENTED_EDGE('',*,*,#3789,.F.);
#5623=ORIENTED_EDGE('',*,*,#3620,.F.);
#5624=ORIENTED_EDGE('',*,*,#3790,.T.);
#5625=ORIENTED_EDGE('',*,*,#3777,.F.);
#5626=ORIENTED_EDGE('',*,*,#3791,.F.);
#5627=ORIENTED_EDGE('',*,*,#3617,.F.);
#5628=ORIENTED_EDGE('',*,*,#3789,.T.);
#5629=ORIENTED_EDGE('',*,*,#3780,.F.);
#5630=ORIENTED_EDGE('',*,*,#3792,.F.);
#5631=ORIENTED_EDGE('',*,*,#3618,.F.);
#5632=ORIENTED_EDGE('',*,*,#3791,.T.);
#5633=ORIENTED_EDGE('',*,*,#3779,.F.);
#5634=ORIENTED_EDGE('',*,*,#3790,.F.);
#5635=ORIENTED_EDGE('',*,*,#3619,.F.);
#5636=ORIENTED_EDGE('',*,*,#3792,.T.);
#5637=B_SPLINE_SURFACE_WITH_KNOTS('',3,1,((#7414,#7415),(#7416,#7417),(#7418,
#7419),(#7420,#7421)),.UNSPECIFIED.,.F.,.F.,.F.,(4,4),(2,2),(-1.,0.),(0.,
0.24),.UNSPECIFIED.);
#5638=B_SPLINE_SURFACE_WITH_KNOTS('',3,1,((#7436,#7437),(#7438,#7439),(#7440,
#7441),(#7442,#7443)),.UNSPECIFIED.,.F.,.F.,.F.,(4,4),(2,2),(-1.,0.),(0.,
0.24),.UNSPECIFIED.);
#5639=B_SPLINE_SURFACE_WITH_KNOTS('',3,1,((#7455,#7456),(#7457,#7458),(#7459,
#7460),(#7461,#7462)),.UNSPECIFIED.,.F.,.F.,.F.,(4,4),(2,2),(-1.,0.),(0.,
0.24),.UNSPECIFIED.);
#5640=B_SPLINE_SURFACE_WITH_KNOTS('',3,1,((#7474,#7475),(#7476,#7477),(#7478,
#7479),(#7480,#7481)),.UNSPECIFIED.,.F.,.F.,.F.,(4,4),(2,2),(-1.,0.),(0.,
0.24),.UNSPECIFIED.);
#5641=B_SPLINE_SURFACE_WITH_KNOTS('',3,1,((#7493,#7494),(#7495,#7496),(#7497,
#7498),(#7499,#7500)),.UNSPECIFIED.,.F.,.F.,.F.,(4,4),(2,2),(-1.,0.),(0.,
0.24),.UNSPECIFIED.);
#5642=B_SPLINE_SURFACE_WITH_KNOTS('',3,1,((#7512,#7513),(#7514,#7515),(#7516,
#7517),(#7518,#7519)),.UNSPECIFIED.,.F.,.F.,.F.,(4,4),(2,2),(-1.,0.),(0.,
0.24),.UNSPECIFIED.);
#5643=B_SPLINE_SURFACE_WITH_KNOTS('',3,1,((#7531,#7532),(#7533,#7534),(#7535,
#7536),(#7537,#7538)),.UNSPECIFIED.,.F.,.F.,.F.,(4,4),(2,2),(-1.,0.),(0.,
0.24),.UNSPECIFIED.);
#5644=B_SPLINE_SURFACE_WITH_KNOTS('',3,1,((#7550,#7551),(#7552,#7553),(#7554,
#7555),(#7556,#7557)),.UNSPECIFIED.,.F.,.F.,.F.,(4,4),(2,2),(-1.,0.),(0.,
0.24),.UNSPECIFIED.);
#5645=B_SPLINE_SURFACE_WITH_KNOTS('',3,1,((#7569,#7570),(#7571,#7572),(#7573,
#7574),(#7575,#7576)),.UNSPECIFIED.,.F.,.F.,.F.,(4,4),(2,2),(-1.,0.),(0.,
0.24),.UNSPECIFIED.);
#5646=B_SPLINE_SURFACE_WITH_KNOTS('',3,1,((#7588,#7589),(#7590,#7591),(#7592,
#7593),(#7594,#7595)),.UNSPECIFIED.,.F.,.F.,.F.,(4,4),(2,2),(-1.,0.),(0.,
0.24),.UNSPECIFIED.);
#5647=B_SPLINE_SURFACE_WITH_KNOTS('',3,1,((#7607,#7608),(#7609,#7610),(#7611,
#7612),(#7613,#7614)),.UNSPECIFIED.,.F.,.F.,.F.,(4,4),(2,2),(-1.,0.),(0.,
0.24),.UNSPECIFIED.);
#5648=B_SPLINE_SURFACE_WITH_KNOTS('',3,1,((#7626,#7627),(#7628,#7629),(#7630,
#7631),(#7632,#7633)),.UNSPECIFIED.,.F.,.F.,.F.,(4,4),(2,2),(-1.,0.),(0.,
0.24),.UNSPECIFIED.);
#5649=B_SPLINE_SURFACE_WITH_KNOTS('',3,1,((#7644,#7645),(#7646,#7647),(#7648,
#7649),(#7650,#7651)),.UNSPECIFIED.,.F.,.F.,.F.,(4,4),(2,2),(-1.,0.),(0.,
0.24),.UNSPECIFIED.);
#5650=B_SPLINE_SURFACE_WITH_KNOTS('',3,1,((#7666,#7667),(#7668,#7669),(#7670,
#7671),(#7672,#7673)),.UNSPECIFIED.,.F.,.F.,.F.,(4,4),(2,2),(-1.,0.),(0.,
0.24),.UNSPECIFIED.);
#5651=B_SPLINE_SURFACE_WITH_KNOTS('',3,1,((#7685,#7686),(#7687,#7688),(#7689,
#7690),(#7691,#7692)),.UNSPECIFIED.,.F.,.F.,.F.,(4,4),(2,2),(-1.,0.),(0.,
0.24),.UNSPECIFIED.);
#5652=B_SPLINE_SURFACE_WITH_KNOTS('',3,1,((#7704,#7705),(#7706,#7707),(#7708,
#7709),(#7710,#7711)),.UNSPECIFIED.,.F.,.F.,.F.,(4,4),(2,2),(-1.,0.),(0.,
0.24),.UNSPECIFIED.);
#5653=B_SPLINE_SURFACE_WITH_KNOTS('',3,1,((#7723,#7724),(#7725,#7726),(#7727,
#7728),(#7729,#7730)),.UNSPECIFIED.,.F.,.F.,.F.,(4,4),(2,2),(-1.,0.),(0.,
0.24),.UNSPECIFIED.);
#5654=B_SPLINE_SURFACE_WITH_KNOTS('',3,1,((#7742,#7743),(#7744,#7745),(#7746,
#7747),(#7748,#7749)),.UNSPECIFIED.,.F.,.F.,.F.,(4,4),(2,2),(-1.,0.),(0.,
0.24),.UNSPECIFIED.);
#5655=B_SPLINE_SURFACE_WITH_KNOTS('',3,1,((#7761,#7762),(#7763,#7764),(#7765,
#7766),(#7767,#7768)),.UNSPECIFIED.,.F.,.F.,.F.,(4,4),(2,2),(-1.,0.),(0.,
0.24),.UNSPECIFIED.);
#5656=B_SPLINE_SURFACE_WITH_KNOTS('',3,1,((#7780,#7781),(#7782,#7783),(#7784,
#7785),(#7786,#7787)),.UNSPECIFIED.,.F.,.F.,.F.,(4,4),(2,2),(-1.,0.),(0.,
0.24),.UNSPECIFIED.);
#5657=B_SPLINE_SURFACE_WITH_KNOTS('',3,1,((#7798,#7799),(#7800,#7801),(#7802,
#7803),(#7804,#7805)),.UNSPECIFIED.,.F.,.F.,.F.,(4,4),(2,2),(-1.,0.),(0.,
0.24),.UNSPECIFIED.);
#5658=B_SPLINE_SURFACE_WITH_KNOTS('',3,1,((#7820,#7821),(#7822,#7823),(#7824,
#7825),(#7826,#7827)),.UNSPECIFIED.,.F.,.F.,.F.,(4,4),(2,2),(-1.,0.),(0.,
0.24),.UNSPECIFIED.);
#5659=B_SPLINE_SURFACE_WITH_KNOTS('',3,1,((#7839,#7840),(#7841,#7842),(#7843,
#7844),(#7845,#7846)),.UNSPECIFIED.,.F.,.F.,.F.,(4,4),(2,2),(-1.,0.),(0.,
0.24),.UNSPECIFIED.);
#5660=B_SPLINE_SURFACE_WITH_KNOTS('',3,1,((#7858,#7859),(#7860,#7861),(#7862,
#7863),(#7864,#7865)),.UNSPECIFIED.,.F.,.F.,.F.,(4,4),(2,2),(-1.,0.),(0.,
0.24),.UNSPECIFIED.);
#5661=B_SPLINE_SURFACE_WITH_KNOTS('',3,1,((#7886,#7887),(#7888,#7889),(#7890,
#7891),(#7892,#7893)),.UNSPECIFIED.,.F.,.F.,.F.,(4,4),(2,2),(-1.,0.),(0.,
0.24),.UNSPECIFIED.);
#5662=B_SPLINE_SURFACE_WITH_KNOTS('',3,1,((#7908,#7909),(#7910,#7911),(#7912,
#7913),(#7914,#7915)),.UNSPECIFIED.,.F.,.F.,.F.,(4,4),(2,2),(-1.,0.),(0.,
0.24),.UNSPECIFIED.);
#5663=B_SPLINE_SURFACE_WITH_KNOTS('',3,1,((#7939,#7940),(#7941,#7942),(#7943,
#7944),(#7945,#7946)),.UNSPECIFIED.,.F.,.F.,.F.,(4,4),(2,2),(-1.,0.),(0.,
0.24),.UNSPECIFIED.);
#5664=B_SPLINE_SURFACE_WITH_KNOTS('',3,1,((#7955,#7956),(#7957,#7958),(#7959,
#7960),(#7961,#7962)),.UNSPECIFIED.,.F.,.F.,.F.,(4,4),(2,2),(-1.,0.),(0.,
0.24),.UNSPECIFIED.);
#5665=B_SPLINE_SURFACE_WITH_KNOTS('',3,1,((#7977,#7978),(#7979,#7980),(#7981,
#7982),(#7983,#7984)),.UNSPECIFIED.,.F.,.F.,.F.,(4,4),(2,2),(-1.,0.),(0.,
0.24),.UNSPECIFIED.);
#5666=B_SPLINE_SURFACE_WITH_KNOTS('',3,1,((#7996,#7997),(#7998,#7999),(#8000,
#8001),(#8002,#8003)),.UNSPECIFIED.,.F.,.F.,.F.,(4,4),(2,2),(-1.,0.),(0.,
0.24),.UNSPECIFIED.);
#5667=B_SPLINE_SURFACE_WITH_KNOTS('',3,1,((#8012,#8013),(#8014,#8015),(#8016,
#8017),(#8018,#8019)),.UNSPECIFIED.,.F.,.F.,.F.,(4,4),(2,2),(-1.,0.),(0.,
0.24),.UNSPECIFIED.);
#5668=B_SPLINE_SURFACE_WITH_KNOTS('',3,1,((#8034,#8035),(#8036,#8037),(#8038,
#8039),(#8040,#8041)),.UNSPECIFIED.,.F.,.F.,.F.,(4,4),(2,2),(-1.,0.),(0.,
0.24),.UNSPECIFIED.);
#5669=B_SPLINE_SURFACE_WITH_KNOTS('',3,1,((#8053,#8054),(#8055,#8056),(#8057,
#8058),(#8059,#8060)),.UNSPECIFIED.,.F.,.F.,.F.,(4,4),(2,2),(-1.,0.),(0.,
0.24),.UNSPECIFIED.);
#5670=B_SPLINE_SURFACE_WITH_KNOTS('',3,1,((#8072,#8073),(#8074,#8075),(#8076,
#8077),(#8078,#8079)),.UNSPECIFIED.,.F.,.F.,.F.,(4,4),(2,2),(-1.,0.),(0.,
0.24),.UNSPECIFIED.);
#5671=B_SPLINE_SURFACE_WITH_KNOTS('',3,1,((#8088,#8089),(#8090,#8091),(#8092,
#8093),(#8094,#8095)),.UNSPECIFIED.,.F.,.F.,.F.,(4,4),(2,2),(-1.,0.),(0.,
0.24),.UNSPECIFIED.);
#5672=B_SPLINE_SURFACE_WITH_KNOTS('',3,1,((#8110,#8111),(#8112,#8113),(#8114,
#8115),(#8116,#8117)),.UNSPECIFIED.,.F.,.F.,.F.,(4,4),(2,2),(-1.,0.),(0.,
0.24),.UNSPECIFIED.);
#5673=B_SPLINE_SURFACE_WITH_KNOTS('',3,1,((#8129,#8130),(#8131,#8132),(#8133,
#8134),(#8135,#8136)),.UNSPECIFIED.,.F.,.F.,.F.,(4,4),(2,2),(-1.,0.),(0.,
0.24),.UNSPECIFIED.);
#5674=B_SPLINE_SURFACE_WITH_KNOTS('',3,1,((#8145,#8146),(#8147,#8148),(#8149,
#8150),(#8151,#8152)),.UNSPECIFIED.,.F.,.F.,.F.,(4,4),(2,2),(-1.,0.),(0.,
0.24),.UNSPECIFIED.);
#5675=B_SPLINE_SURFACE_WITH_KNOTS('',3,1,((#8167,#8168),(#8169,#8170),(#8171,
#8172),(#8173,#8174)),.UNSPECIFIED.,.F.,.F.,.F.,(4,4),(2,2),(-1.,0.),(0.,
0.24),.UNSPECIFIED.);
#5676=B_SPLINE_SURFACE_WITH_KNOTS('',3,1,((#8186,#8187),(#8188,#8189),(#8190,
#8191),(#8192,#8193)),.UNSPECIFIED.,.F.,.F.,.F.,(4,4),(2,2),(-1.,0.),(0.,
0.24),.UNSPECIFIED.);
#5677=B_SPLINE_SURFACE_WITH_KNOTS('',3,1,((#8205,#8206),(#8207,#8208),(#8209,
#8210),(#8211,#8212)),.UNSPECIFIED.,.F.,.F.,.F.,(4,4),(2,2),(-1.,0.),(0.,
0.24),.UNSPECIFIED.);
#5678=B_SPLINE_SURFACE_WITH_KNOTS('',3,1,((#8221,#8222),(#8223,#8224),(#8225,
#8226),(#8227,#8228)),.UNSPECIFIED.,.F.,.F.,.F.,(4,4),(2,2),(-1.,0.),(0.,
0.24),.UNSPECIFIED.);
#5679=B_SPLINE_SURFACE_WITH_KNOTS('',3,1,((#8255,#8256),(#8257,#8258),(#8259,
#8260),(#8261,#8262)),.UNSPECIFIED.,.F.,.F.,.F.,(4,4),(2,2),(-1.,0.),(0.,
0.24),.UNSPECIFIED.);
#5680=B_SPLINE_SURFACE_WITH_KNOTS('',3,1,((#8274,#8275),(#8276,#8277),(#8278,
#8279),(#8280,#8281)),.UNSPECIFIED.,.F.,.F.,.F.,(4,4),(2,2),(-1.,0.),(0.,
0.24),.UNSPECIFIED.);
#5681=B_SPLINE_SURFACE_WITH_KNOTS('',3,1,((#8293,#8294),(#8295,#8296),(#8297,
#8298),(#8299,#8300)),.UNSPECIFIED.,.F.,.F.,.F.,(4,4),(2,2),(-1.,0.),(0.,
0.24),.UNSPECIFIED.);
#5682=B_SPLINE_SURFACE_WITH_KNOTS('',3,1,((#8309,#8310),(#8311,#8312),(#8313,
#8314),(#8315,#8316)),.UNSPECIFIED.,.F.,.F.,.F.,(4,4),(2,2),(-1.,0.),(0.,
0.24),.UNSPECIFIED.);
#5683=B_SPLINE_SURFACE_WITH_KNOTS('',3,1,((#8331,#8332),(#8333,#8334),(#8335,
#8336),(#8337,#8338)),.UNSPECIFIED.,.F.,.F.,.F.,(4,4),(2,2),(-1.,0.),(0.,
0.24),.UNSPECIFIED.);
#5684=B_SPLINE_SURFACE_WITH_KNOTS('',3,1,((#8350,#8351),(#8352,#8353),(#8354,
#8355),(#8356,#8357)),.UNSPECIFIED.,.F.,.F.,.F.,(4,4),(2,2),(-1.,0.),(0.,
0.24),.UNSPECIFIED.);
#5685=B_SPLINE_SURFACE_WITH_KNOTS('',3,1,((#8381,#8382),(#8383,#8384),(#8385,
#8386),(#8387,#8388)),.UNSPECIFIED.,.F.,.F.,.F.,(4,4),(2,2),(-1.,0.),(0.,
0.24),.UNSPECIFIED.);
#5686=B_SPLINE_SURFACE_WITH_KNOTS('',3,1,((#8400,#8401),(#8402,#8403),(#8404,
#8405),(#8406,#8407)),.UNSPECIFIED.,.F.,.F.,.F.,(4,4),(2,2),(-1.,0.),(0.,
0.24),.UNSPECIFIED.);
#5687=B_SPLINE_SURFACE_WITH_KNOTS('',3,1,((#8419,#8420),(#8421,#8422),(#8423,
#8424),(#8425,#8426)),.UNSPECIFIED.,.F.,.F.,.F.,(4,4),(2,2),(-1.,0.),(0.,
0.24),.UNSPECIFIED.);
#5688=B_SPLINE_SURFACE_WITH_KNOTS('',3,1,((#8438,#8439),(#8440,#8441),(#8442,
#8443),(#8444,#8445)),.UNSPECIFIED.,.F.,.F.,.F.,(4,4),(2,2),(-1.,0.),(0.,
0.24),.UNSPECIFIED.);
#5689=B_SPLINE_SURFACE_WITH_KNOTS('',3,1,((#8457,#8458),(#8459,#8460),(#8461,
#8462),(#8463,#8464)),.UNSPECIFIED.,.F.,.F.,.F.,(4,4),(2,2),(-1.,0.),(0.,
0.24),.UNSPECIFIED.);
#5690=B_SPLINE_SURFACE_WITH_KNOTS('',3,1,((#8476,#8477),(#8478,#8479),(#8480,
#8481),(#8482,#8483)),.UNSPECIFIED.,.F.,.F.,.F.,(4,4),(2,2),(-1.,0.),(0.,
0.24),.UNSPECIFIED.);
#5691=B_SPLINE_SURFACE_WITH_KNOTS('',3,1,((#8495,#8496),(#8497,#8498),(#8499,
#8500),(#8501,#8502)),.UNSPECIFIED.,.F.,.F.,.F.,(4,4),(2,2),(-1.,0.),(0.,
0.24),.UNSPECIFIED.);
#5692=B_SPLINE_SURFACE_WITH_KNOTS('',3,1,((#8514,#8515),(#8516,#8517),(#8518,
#8519),(#8520,#8521)),.UNSPECIFIED.,.F.,.F.,.F.,(4,4),(2,2),(-1.,0.),(0.,
0.24),.UNSPECIFIED.);
#5693=B_SPLINE_SURFACE_WITH_KNOTS('',3,1,((#8533,#8534),(#8535,#8536),(#8537,
#8538),(#8539,#8540)),.UNSPECIFIED.,.F.,.F.,.F.,(4,4),(2,2),(-1.,0.),(0.,
0.24),.UNSPECIFIED.);
#5694=B_SPLINE_SURFACE_WITH_KNOTS('',3,1,((#8564,#8565),(#8566,#8567),(#8568,
#8569),(#8570,#8571)),.UNSPECIFIED.,.F.,.F.,.F.,(4,4),(2,2),(-1.,0.),(0.,
0.24),.UNSPECIFIED.);
#5695=B_SPLINE_SURFACE_WITH_KNOTS('',3,1,((#8583,#8584),(#8585,#8586),(#8587,
#8588),(#8589,#8590)),.UNSPECIFIED.,.F.,.F.,.F.,(4,4),(2,2),(-1.,0.),(0.,
0.24),.UNSPECIFIED.);
#5696=B_SPLINE_SURFACE_WITH_KNOTS('',3,1,((#8602,#8603),(#8604,#8605),(#8606,
#8607),(#8608,#8609)),.UNSPECIFIED.,.F.,.F.,.F.,(4,4),(2,2),(-1.,0.),(0.,
0.24),.UNSPECIFIED.);
#5697=B_SPLINE_SURFACE_WITH_KNOTS('',3,1,((#8621,#8622),(#8623,#8624),(#8625,
#8626),(#8627,#8628)),.UNSPECIFIED.,.F.,.F.,.F.,(4,4),(2,2),(-1.,0.),(0.,
0.24),.UNSPECIFIED.);
#5698=B_SPLINE_SURFACE_WITH_KNOTS('',3,1,((#8640,#8641),(#8642,#8643),(#8644,
#8645),(#8646,#8647)),.UNSPECIFIED.,.F.,.F.,.F.,(4,4),(2,2),(-1.,0.),(0.,
0.24),.UNSPECIFIED.);
#5699=B_SPLINE_SURFACE_WITH_KNOTS('',3,1,((#8659,#8660),(#8661,#8662),(#8663,
#8664),(#8665,#8666)),.UNSPECIFIED.,.F.,.F.,.F.,(4,4),(2,2),(-1.,0.),(0.,
0.24),.UNSPECIFIED.);
#5700=B_SPLINE_SURFACE_WITH_KNOTS('',3,1,((#8678,#8679),(#8680,#8681),(#8682,
#8683),(#8684,#8685)),.UNSPECIFIED.,.F.,.F.,.F.,(4,4),(2,2),(-1.,0.),(0.,
0.24),.UNSPECIFIED.);
#5701=B_SPLINE_SURFACE_WITH_KNOTS('',3,1,((#8697,#8698),(#8699,#8700),(#8701,
#8702),(#8703,#8704)),.UNSPECIFIED.,.F.,.F.,.F.,(4,4),(2,2),(-1.,0.),(0.,
0.24),.UNSPECIFIED.);
#5702=B_SPLINE_SURFACE_WITH_KNOTS('',3,1,((#8716,#8717),(#8718,#8719),(#8720,
#8721),(#8722,#8723)),.UNSPECIFIED.,.F.,.F.,.F.,(4,4),(2,2),(-1.,0.),(0.,
0.24),.UNSPECIFIED.);
#5703=B_SPLINE_SURFACE_WITH_KNOTS('',3,1,((#8735,#8736),(#8737,#8738),(#8739,
#8740),(#8741,#8742)),.UNSPECIFIED.,.F.,.F.,.F.,(4,4),(2,2),(-1.,0.),(0.,
0.24),.UNSPECIFIED.);
#5704=B_SPLINE_SURFACE_WITH_KNOTS('',3,1,((#8754,#8755),(#8756,#8757),(#8758,
#8759),(#8760,#8761)),.UNSPECIFIED.,.F.,.F.,.F.,(4,4),(2,2),(-1.,0.),(0.,
0.24),.UNSPECIFIED.);
#5705=B_SPLINE_SURFACE_WITH_KNOTS('',3,1,((#8773,#8774),(#8775,#8776),(#8777,
#8778),(#8779,#8780)),.UNSPECIFIED.,.F.,.F.,.F.,(4,4),(2,2),(-1.,0.),(0.,
0.24),.UNSPECIFIED.);
#5706=B_SPLINE_SURFACE_WITH_KNOTS('',3,1,((#8792,#8793),(#8794,#8795),(#8796,
#8797),(#8798,#8799)),.UNSPECIFIED.,.F.,.F.,.F.,(4,4),(2,2),(-1.,0.),(0.,
0.24),.UNSPECIFIED.);
#5707=B_SPLINE_SURFACE_WITH_KNOTS('',3,1,((#8811,#8812),(#8813,#8814),(#8815,
#8816),(#8817,#8818)),.UNSPECIFIED.,.F.,.F.,.F.,(4,4),(2,2),(-1.,0.),(0.,
0.24),.UNSPECIFIED.);
#5708=B_SPLINE_SURFACE_WITH_KNOTS('',3,1,((#8830,#8831),(#8832,#8833),(#8834,
#8835),(#8836,#8837)),.UNSPECIFIED.,.F.,.F.,.F.,(4,4),(2,2),(-1.,0.),(0.,
0.24),.UNSPECIFIED.);
#5709=B_SPLINE_SURFACE_WITH_KNOTS('',3,1,((#8849,#8850),(#8851,#8852),(#8853,
#8854),(#8855,#8856)),.UNSPECIFIED.,.F.,.F.,.F.,(4,4),(2,2),(-1.,0.),(0.,
0.24),.UNSPECIFIED.);
#5710=B_SPLINE_SURFACE_WITH_KNOTS('',3,1,((#8868,#8869),(#8870,#8871),(#8872,
#8873),(#8874,#8875)),.UNSPECIFIED.,.F.,.F.,.F.,(4,4),(2,2),(-1.,0.),(0.,
0.24),.UNSPECIFIED.);
#5711=B_SPLINE_SURFACE_WITH_KNOTS('',3,1,((#8887,#8888),(#8889,#8890),(#8891,
#8892),(#8893,#8894)),.UNSPECIFIED.,.F.,.F.,.F.,(4,4),(2,2),(-1.,0.),(0.,
0.24),.UNSPECIFIED.);
#5712=B_SPLINE_SURFACE_WITH_KNOTS('',3,1,((#8906,#8907),(#8908,#8909),(#8910,
#8911),(#8912,#8913)),.UNSPECIFIED.,.F.,.F.,.F.,(4,4),(2,2),(-1.,0.),(0.,
0.24),.UNSPECIFIED.);
#5713=B_SPLINE_SURFACE_WITH_KNOTS('',3,1,((#8925,#8926),(#8927,#8928),(#8929,
#8930),(#8931,#8932)),.UNSPECIFIED.,.F.,.F.,.F.,(4,4),(2,2),(-1.,0.),(0.,
0.24),.UNSPECIFIED.);
#5714=B_SPLINE_SURFACE_WITH_KNOTS('',3,1,((#8944,#8945),(#8946,#8947),(#8948,
#8949),(#8950,#8951)),.UNSPECIFIED.,.F.,.F.,.F.,(4,4),(2,2),(-1.,0.),(0.,
0.24),.UNSPECIFIED.);
#5715=B_SPLINE_SURFACE_WITH_KNOTS('',3,1,((#8963,#8964),(#8965,#8966),(#8967,
#8968),(#8969,#8970)),.UNSPECIFIED.,.F.,.F.,.F.,(4,4),(2,2),(-1.,0.),(0.,
0.24),.UNSPECIFIED.);
#5716=B_SPLINE_SURFACE_WITH_KNOTS('',3,1,((#8982,#8983),(#8984,#8985),(#8986,
#8987),(#8988,#8989)),.UNSPECIFIED.,.F.,.F.,.F.,(4,4),(2,2),(-1.,0.),(0.,
0.24),.UNSPECIFIED.);
#5717=B_SPLINE_SURFACE_WITH_KNOTS('',3,1,((#9001,#9002),(#9003,#9004),(#9005,
#9006),(#9007,#9008)),.UNSPECIFIED.,.F.,.F.,.F.,(4,4),(2,2),(-1.,0.),(0.,
0.24),.UNSPECIFIED.);
#5718=B_SPLINE_SURFACE_WITH_KNOTS('',3,1,((#9020,#9021),(#9022,#9023),(#9024,
#9025),(#9026,#9027)),.UNSPECIFIED.,.F.,.F.,.F.,(4,4),(2,2),(-1.,0.),(0.,
0.24),.UNSPECIFIED.);
#5719=B_SPLINE_SURFACE_WITH_KNOTS('',3,1,((#9039,#9040),(#9041,#9042),(#9043,
#9044),(#9045,#9046)),.UNSPECIFIED.,.F.,.F.,.F.,(4,4),(2,2),(-1.,0.),(0.,
0.24),.UNSPECIFIED.);
#5720=B_SPLINE_SURFACE_WITH_KNOTS('',3,1,((#9058,#9059),(#9060,#9061),(#9062,
#9063),(#9064,#9065)),.UNSPECIFIED.,.F.,.F.,.F.,(4,4),(2,2),(-1.,0.),(0.,
0.24),.UNSPECIFIED.);
#5721=B_SPLINE_SURFACE_WITH_KNOTS('',3,1,((#9077,#9078),(#9079,#9080),(#9081,
#9082),(#9083,#9084)),.UNSPECIFIED.,.F.,.F.,.F.,(4,4),(2,2),(-1.,0.),(0.,
0.24),.UNSPECIFIED.);
#5722=B_SPLINE_SURFACE_WITH_KNOTS('',3,1,((#9096,#9097),(#9098,#9099),(#9100,
#9101),(#9102,#9103)),.UNSPECIFIED.,.F.,.F.,.F.,(4,4),(2,2),(-1.,0.),(0.,
0.24),.UNSPECIFIED.);
#5723=B_SPLINE_SURFACE_WITH_KNOTS('',3,1,((#9115,#9116),(#9117,#9118),(#9119,
#9120),(#9121,#9122)),.UNSPECIFIED.,.F.,.F.,.F.,(4,4),(2,2),(-1.,0.),(0.,
0.24),.UNSPECIFIED.);
#5724=B_SPLINE_SURFACE_WITH_KNOTS('',3,1,((#9134,#9135),(#9136,#9137),(#9138,
#9139),(#9140,#9141)),.UNSPECIFIED.,.F.,.F.,.F.,(4,4),(2,2),(-1.,0.),(0.,
0.24),.UNSPECIFIED.);
#5725=B_SPLINE_SURFACE_WITH_KNOTS('',3,1,((#9153,#9154),(#9155,#9156),(#9157,
#9158),(#9159,#9160)),.UNSPECIFIED.,.F.,.F.,.F.,(4,4),(2,2),(-1.,0.),(0.,
0.24),.UNSPECIFIED.);
#5726=B_SPLINE_SURFACE_WITH_KNOTS('',3,1,((#9172,#9173),(#9174,#9175),(#9176,
#9177),(#9178,#9179)),.UNSPECIFIED.,.F.,.F.,.F.,(4,4),(2,2),(-1.,0.),(0.,
0.24),.UNSPECIFIED.);
#5727=B_SPLINE_SURFACE_WITH_KNOTS('',3,1,((#9191,#9192),(#9193,#9194),(#9195,
#9196),(#9197,#9198)),.UNSPECIFIED.,.F.,.F.,.F.,(4,4),(2,2),(-1.,0.),(0.,
0.24),.UNSPECIFIED.);
#5728=B_SPLINE_SURFACE_WITH_KNOTS('',3,1,((#9210,#9211),(#9212,#9213),(#9214,
#9215),(#9216,#9217)),.UNSPECIFIED.,.F.,.F.,.F.,(4,4),(2,2),(-1.,0.),(0.,
0.24),.UNSPECIFIED.);
#5729=B_SPLINE_SURFACE_WITH_KNOTS('',3,1,((#9229,#9230),(#9231,#9232),(#9233,
#9234),(#9235,#9236)),.UNSPECIFIED.,.F.,.F.,.F.,(4,4),(2,2),(-1.,0.),(0.,
0.24),.UNSPECIFIED.);
#5730=B_SPLINE_SURFACE_WITH_KNOTS('',3,1,((#9248,#9249),(#9250,#9251),(#9252,
#9253),(#9254,#9255)),.UNSPECIFIED.,.F.,.F.,.F.,(4,4),(2,2),(-1.,0.),(0.,
0.24),.UNSPECIFIED.);
#5731=B_SPLINE_SURFACE_WITH_KNOTS('',3,1,((#9267,#9268),(#9269,#9270),(#9271,
#9272),(#9273,#9274)),.UNSPECIFIED.,.F.,.F.,.F.,(4,4),(2,2),(-1.,0.),(0.,
0.24),.UNSPECIFIED.);
#5732=B_SPLINE_SURFACE_WITH_KNOTS('',3,1,((#9286,#9287),(#9288,#9289),(#9290,
#9291),(#9292,#9293)),.UNSPECIFIED.,.F.,.F.,.F.,(4,4),(2,2),(-1.,0.),(0.,
0.24),.UNSPECIFIED.);
#5733=B_SPLINE_SURFACE_WITH_KNOTS('',3,1,((#9305,#9306),(#9307,#9308),(#9309,
#9310),(#9311,#9312)),.UNSPECIFIED.,.F.,.F.,.F.,(4,4),(2,2),(-1.,0.),(0.,
0.24),.UNSPECIFIED.);
#5734=B_SPLINE_SURFACE_WITH_KNOTS('',3,1,((#9324,#9325),(#9326,#9327),(#9328,
#9329),(#9330,#9331)),.UNSPECIFIED.,.F.,.F.,.F.,(4,4),(2,2),(-1.,0.),(0.,
0.24),.UNSPECIFIED.);
#5735=B_SPLINE_SURFACE_WITH_KNOTS('',3,1,((#9343,#9344),(#9345,#9346),(#9347,
#9348),(#9349,#9350)),.UNSPECIFIED.,.F.,.F.,.F.,(4,4),(2,2),(-1.,0.),(0.,
0.24),.UNSPECIFIED.);
#5736=B_SPLINE_SURFACE_WITH_KNOTS('',3,1,((#9362,#9363),(#9364,#9365),(#9366,
#9367),(#9368,#9369)),.UNSPECIFIED.,.F.,.F.,.F.,(4,4),(2,2),(-1.,0.),(0.,
0.24),.UNSPECIFIED.);
#5737=B_SPLINE_SURFACE_WITH_KNOTS('',3,1,((#9381,#9382),(#9383,#9384),(#9385,
#9386),(#9387,#9388)),.UNSPECIFIED.,.F.,.F.,.F.,(4,4),(2,2),(-1.,0.),(0.,
0.24),.UNSPECIFIED.);
#5738=B_SPLINE_SURFACE_WITH_KNOTS('',3,1,((#9400,#9401),(#9402,#9403),(#9404,
#9405),(#9406,#9407)),.UNSPECIFIED.,.F.,.F.,.F.,(4,4),(2,2),(-1.,0.),(0.,
0.24),.UNSPECIFIED.);
#5739=B_SPLINE_SURFACE_WITH_KNOTS('',3,1,((#9419,#9420),(#9421,#9422),(#9423,
#9424),(#9425,#9426)),.UNSPECIFIED.,.F.,.F.,.F.,(4,4),(2,2),(-1.,0.),(0.,
0.24),.UNSPECIFIED.);
#5740=B_SPLINE_SURFACE_WITH_KNOTS('',3,1,((#9438,#9439),(#9440,#9441),(#9442,
#9443),(#9444,#9445)),.UNSPECIFIED.,.F.,.F.,.F.,(4,4),(2,2),(-1.,0.),(0.,
0.24),.UNSPECIFIED.);
#5741=B_SPLINE_SURFACE_WITH_KNOTS('',3,1,((#9457,#9458),(#9459,#9460),(#9461,
#9462),(#9463,#9464)),.UNSPECIFIED.,.F.,.F.,.F.,(4,4),(2,2),(-1.,0.),(0.,
0.24),.UNSPECIFIED.);
#5742=B_SPLINE_SURFACE_WITH_KNOTS('',3,1,((#9476,#9477),(#9478,#9479),(#9480,
#9481),(#9482,#9483)),.UNSPECIFIED.,.F.,.F.,.F.,(4,4),(2,2),(-1.,0.),(0.,
0.24),.UNSPECIFIED.);
#5743=B_SPLINE_SURFACE_WITH_KNOTS('',3,1,((#9495,#9496),(#9497,#9498),(#9499,
#9500),(#9501,#9502)),.UNSPECIFIED.,.F.,.F.,.F.,(4,4),(2,2),(-1.,0.),(0.,
0.24),.UNSPECIFIED.);
#5744=B_SPLINE_SURFACE_WITH_KNOTS('',3,1,((#9514,#9515),(#9516,#9517),(#9518,
#9519),(#9520,#9521)),.UNSPECIFIED.,.F.,.F.,.F.,(4,4),(2,2),(-1.,0.),(0.,
0.24),.UNSPECIFIED.);
#5745=B_SPLINE_SURFACE_WITH_KNOTS('',3,1,((#9533,#9534),(#9535,#9536),(#9537,
#9538),(#9539,#9540)),.UNSPECIFIED.,.F.,.F.,.F.,(4,4),(2,2),(-1.,0.),(0.,
0.24),.UNSPECIFIED.);
#5746=B_SPLINE_SURFACE_WITH_KNOTS('',3,1,((#9552,#9553),(#9554,#9555),(#9556,
#9557),(#9558,#9559)),.UNSPECIFIED.,.F.,.F.,.F.,(4,4),(2,2),(-1.,0.),(0.,
0.24),.UNSPECIFIED.);
#5747=B_SPLINE_SURFACE_WITH_KNOTS('',3,1,((#9571,#9572),(#9573,#9574),(#9575,
#9576),(#9577,#9578)),.UNSPECIFIED.,.F.,.F.,.F.,(4,4),(2,2),(-1.,0.),(0.,
0.24),.UNSPECIFIED.);
#5748=B_SPLINE_SURFACE_WITH_KNOTS('',3,1,((#9590,#9591),(#9592,#9593),(#9594,
#9595),(#9596,#9597)),.UNSPECIFIED.,.F.,.F.,.F.,(4,4),(2,2),(-1.,0.),(0.,
0.24),.UNSPECIFIED.);
#5749=B_SPLINE_SURFACE_WITH_KNOTS('',3,1,((#9609,#9610),(#9611,#9612),(#9613,
#9614),(#9615,#9616)),.UNSPECIFIED.,.F.,.F.,.F.,(4,4),(2,2),(-1.,0.),(0.,
0.24),.UNSPECIFIED.);
#5750=B_SPLINE_SURFACE_WITH_KNOTS('',3,1,((#9628,#9629),(#9630,#9631),(#9632,
#9633),(#9634,#9635)),.UNSPECIFIED.,.F.,.F.,.F.,(4,4),(2,2),(-1.,0.),(0.,
0.24),.UNSPECIFIED.);
#5751=B_SPLINE_SURFACE_WITH_KNOTS('',3,1,((#9647,#9648),(#9649,#9650),(#9651,
#9652),(#9653,#9654)),.UNSPECIFIED.,.F.,.F.,.F.,(4,4),(2,2),(-1.,0.),(0.,
0.24),.UNSPECIFIED.);
#5752=B_SPLINE_SURFACE_WITH_KNOTS('',3,1,((#9666,#9667),(#9668,#9669),(#9670,
#9671),(#9672,#9673)),.UNSPECIFIED.,.F.,.F.,.F.,(4,4),(2,2),(-1.,0.),(0.,
0.24),.UNSPECIFIED.);
#5753=B_SPLINE_SURFACE_WITH_KNOTS('',3,1,((#9685,#9686),(#9687,#9688),(#9689,
#9690),(#9691,#9692)),.UNSPECIFIED.,.F.,.F.,.F.,(4,4),(2,2),(-1.,0.),(0.,
0.24),.UNSPECIFIED.);
#5754=B_SPLINE_SURFACE_WITH_KNOTS('',3,1,((#9704,#9705),(#9706,#9707),(#9708,
#9709),(#9710,#9711)),.UNSPECIFIED.,.F.,.F.,.F.,(4,4),(2,2),(-1.,0.),(0.,
0.24),.UNSPECIFIED.);
#5755=B_SPLINE_SURFACE_WITH_KNOTS('',3,1,((#9723,#9724),(#9725,#9726),(#9727,
#9728),(#9729,#9730)),.UNSPECIFIED.,.F.,.F.,.F.,(4,4),(2,2),(-1.,0.),(0.,
0.24),.UNSPECIFIED.);
#5756=B_SPLINE_SURFACE_WITH_KNOTS('',3,1,((#9742,#9743),(#9744,#9745),(#9746,
#9747),(#9748,#9749)),.UNSPECIFIED.,.F.,.F.,.F.,(4,4),(2,2),(-1.,0.),(0.,
0.24),.UNSPECIFIED.);
#5757=B_SPLINE_SURFACE_WITH_KNOTS('',3,1,((#9761,#9762),(#9763,#9764),(#9765,
#9766),(#9767,#9768)),.UNSPECIFIED.,.F.,.F.,.F.,(4,4),(2,2),(-1.,0.),(0.,
0.24),.UNSPECIFIED.);
#5758=B_SPLINE_SURFACE_WITH_KNOTS('',3,1,((#9780,#9781),(#9782,#9783),(#9784,
#9785),(#9786,#9787)),.UNSPECIFIED.,.F.,.F.,.F.,(4,4),(2,2),(-1.,0.),(0.,
0.24),.UNSPECIFIED.);
#5759=B_SPLINE_SURFACE_WITH_KNOTS('',3,1,((#9799,#9800),(#9801,#9802),(#9803,
#9804),(#9805,#9806)),.UNSPECIFIED.,.F.,.F.,.F.,(4,4),(2,2),(-1.,0.),(0.,
0.24),.UNSPECIFIED.);
#5760=B_SPLINE_SURFACE_WITH_KNOTS('',3,1,((#9818,#9819),(#9820,#9821),(#9822,
#9823),(#9824,#9825)),.UNSPECIFIED.,.F.,.F.,.F.,(4,4),(2,2),(-1.,0.),(0.,
0.24),.UNSPECIFIED.);
#5761=B_SPLINE_SURFACE_WITH_KNOTS('',3,1,((#9837,#9838),(#9839,#9840),(#9841,
#9842),(#9843,#9844)),.UNSPECIFIED.,.F.,.F.,.F.,(4,4),(2,2),(-1.,0.),(0.,
0.24),.UNSPECIFIED.);
#5762=B_SPLINE_SURFACE_WITH_KNOTS('',3,1,((#9850,#9851),(#9852,#9853),(#9854,
#9855),(#9856,#9857)),.UNSPECIFIED.,.F.,.F.,.F.,(4,4),(2,2),(-1.,0.),(0.,
0.24),.UNSPECIFIED.);
#5763=B_SPLINE_SURFACE_WITH_KNOTS('',3,1,((#9869,#9870),(#9871,#9872),(#9873,
#9874),(#9875,#9876)),.UNSPECIFIED.,.F.,.F.,.F.,(4,4),(2,2),(-1.,0.),(0.,
0.24),.UNSPECIFIED.);
#5764=B_SPLINE_SURFACE_WITH_KNOTS('',3,1,((#9888,#9889),(#9890,#9891),(#9892,
#9893),(#9894,#9895)),.UNSPECIFIED.,.F.,.F.,.F.,(4,4),(2,2),(-1.,0.),(0.,
0.24),.UNSPECIFIED.);
#5765=B_SPLINE_SURFACE_WITH_KNOTS('',3,1,((#9907,#9908),(#9909,#9910),(#9911,
#9912),(#9913,#9914)),.UNSPECIFIED.,.F.,.F.,.F.,(4,4),(2,2),(-1.,0.),(0.,
0.24),.UNSPECIFIED.);
#5766=B_SPLINE_SURFACE_WITH_KNOTS('',3,1,((#9926,#9927),(#9928,#9929),(#9930,
#9931),(#9932,#9933)),.UNSPECIFIED.,.F.,.F.,.F.,(4,4),(2,2),(-1.,0.),(0.,
0.24),.UNSPECIFIED.);
#5767=B_SPLINE_SURFACE_WITH_KNOTS('',3,1,((#9945,#9946),(#9947,#9948),(#9949,
#9950),(#9951,#9952)),.UNSPECIFIED.,.F.,.F.,.F.,(4,4),(2,2),(-1.,0.),(0.,
0.24),.UNSPECIFIED.);
#5768=B_SPLINE_SURFACE_WITH_KNOTS('',3,1,((#9964,#9965),(#9966,#9967),(#9968,
#9969),(#9970,#9971)),.UNSPECIFIED.,.F.,.F.,.F.,(4,4),(2,2),(-1.,0.),(0.,
0.24),.UNSPECIFIED.);
#5769=B_SPLINE_SURFACE_WITH_KNOTS('',3,1,((#9983,#9984),(#9985,#9986),(#9987,
#9988),(#9989,#9990)),.UNSPECIFIED.,.F.,.F.,.F.,(4,4),(2,2),(-1.,0.),(0.,
0.24),.UNSPECIFIED.);
#5770=B_SPLINE_SURFACE_WITH_KNOTS('',3,1,((#10002,#10003),(#10004,#10005),
(#10006,#10007),(#10008,#10009)),.UNSPECIFIED.,.F.,.F.,.F.,(4,4),(2,2),
(-1.,0.),(0.,0.24),.UNSPECIFIED.);
#5771=B_SPLINE_SURFACE_WITH_KNOTS('',3,1,((#10021,#10022),(#10023,#10024),
(#10025,#10026),(#10027,#10028)),.UNSPECIFIED.,.F.,.F.,.F.,(4,4),(2,2),
(-1.,0.),(0.,0.24),.UNSPECIFIED.);
#5772=B_SPLINE_SURFACE_WITH_KNOTS('',3,1,((#10040,#10041),(#10042,#10043),
(#10044,#10045),(#10046,#10047)),.UNSPECIFIED.,.F.,.F.,.F.,(4,4),(2,2),
(-1.,0.),(0.,0.24),.UNSPECIFIED.);
#5773=B_SPLINE_SURFACE_WITH_KNOTS('',3,1,((#10059,#10060),(#10061,#10062),
(#10063,#10064),(#10065,#10066)),.UNSPECIFIED.,.F.,.F.,.F.,(4,4),(2,2),
(-1.,0.),(0.,0.24),.UNSPECIFIED.);
#5774=B_SPLINE_SURFACE_WITH_KNOTS('',3,1,((#10078,#10079),(#10080,#10081),
(#10082,#10083),(#10084,#10085)),.UNSPECIFIED.,.F.,.F.,.F.,(4,4),(2,2),
(-1.,0.),(0.,0.24),.UNSPECIFIED.);
#5775=B_SPLINE_SURFACE_WITH_KNOTS('',3,1,((#10097,#10098),(#10099,#10100),
(#10101,#10102),(#10103,#10104)),.UNSPECIFIED.,.F.,.F.,.F.,(4,4),(2,2),
(-1.,0.),(0.,0.24),.UNSPECIFIED.);
#5776=B_SPLINE_SURFACE_WITH_KNOTS('',3,1,((#10116,#10117),(#10118,#10119),
(#10120,#10121),(#10122,#10123)),.UNSPECIFIED.,.F.,.F.,.F.,(4,4),(2,2),
(-1.,0.),(0.,0.24),.UNSPECIFIED.);
#5777=B_SPLINE_SURFACE_WITH_KNOTS('',3,1,((#10135,#10136),(#10137,#10138),
(#10139,#10140),(#10141,#10142)),.UNSPECIFIED.,.F.,.F.,.F.,(4,4),(2,2),
(-1.,0.),(0.,0.24),.UNSPECIFIED.);
#5778=B_SPLINE_SURFACE_WITH_KNOTS('',3,1,((#10154,#10155),(#10156,#10157),
(#10158,#10159),(#10160,#10161)),.UNSPECIFIED.,.F.,.F.,.F.,(4,4),(2,2),
(-1.,0.),(0.,0.24),.UNSPECIFIED.);
#5779=B_SPLINE_SURFACE_WITH_KNOTS('',3,1,((#10173,#10174),(#10175,#10176),
(#10177,#10178),(#10179,#10180)),.UNSPECIFIED.,.F.,.F.,.F.,(4,4),(2,2),
(-1.,0.),(0.,0.24),.UNSPECIFIED.);
#5780=B_SPLINE_SURFACE_WITH_KNOTS('',3,1,((#10204,#10205),(#10206,#10207),
(#10208,#10209),(#10210,#10211)),.UNSPECIFIED.,.F.,.F.,.F.,(4,4),(2,2),
(-1.,0.),(0.,0.24),.UNSPECIFIED.);
#5781=B_SPLINE_SURFACE_WITH_KNOTS('',3,1,((#10223,#10224),(#10225,#10226),
(#10227,#10228),(#10229,#10230)),.UNSPECIFIED.,.F.,.F.,.F.,(4,4),(2,2),
(-1.,0.),(0.,0.24),.UNSPECIFIED.);
#5782=B_SPLINE_SURFACE_WITH_KNOTS('',3,1,((#10242,#10243),(#10244,#10245),
(#10246,#10247),(#10248,#10249)),.UNSPECIFIED.,.F.,.F.,.F.,(4,4),(2,2),
(-1.,0.),(0.,0.24),.UNSPECIFIED.);
#5783=B_SPLINE_SURFACE_WITH_KNOTS('',3,1,((#10261,#10262),(#10263,#10264),
(#10265,#10266),(#10267,#10268)),.UNSPECIFIED.,.F.,.F.,.F.,(4,4),(2,2),
(-1.,0.),(0.,0.24),.UNSPECIFIED.);
#5784=B_SPLINE_SURFACE_WITH_KNOTS('',3,1,((#10280,#10281),(#10282,#10283),
(#10284,#10285),(#10286,#10287)),.UNSPECIFIED.,.F.,.F.,.F.,(4,4),(2,2),
(-1.,0.),(0.,0.24),.UNSPECIFIED.);
#5785=B_SPLINE_SURFACE_WITH_KNOTS('',3,1,((#10299,#10300),(#10301,#10302),
(#10303,#10304),(#10305,#10306)),.UNSPECIFIED.,.F.,.F.,.F.,(4,4),(2,2),
(-1.,0.),(0.,0.24),.UNSPECIFIED.);
#5786=B_SPLINE_SURFACE_WITH_KNOTS('',3,1,((#10318,#10319),(#10320,#10321),
(#10322,#10323),(#10324,#10325)),.UNSPECIFIED.,.F.,.F.,.F.,(4,4),(2,2),
(-1.,0.),(0.,0.24),.UNSPECIFIED.);
#5787=B_SPLINE_SURFACE_WITH_KNOTS('',3,1,((#10337,#10338),(#10339,#10340),
(#10341,#10342),(#10343,#10344)),.UNSPECIFIED.,.F.,.F.,.F.,(4,4),(2,2),
(-1.,0.),(0.,0.24),.UNSPECIFIED.);
#5788=B_SPLINE_SURFACE_WITH_KNOTS('',3,1,((#10356,#10357),(#10358,#10359),
(#10360,#10361),(#10362,#10363)),.UNSPECIFIED.,.F.,.F.,.F.,(4,4),(2,2),
(-1.,0.),(0.,0.24),.UNSPECIFIED.);
#5789=B_SPLINE_SURFACE_WITH_KNOTS('',3,1,((#10387,#10388),(#10389,#10390),
(#10391,#10392),(#10393,#10394)),.UNSPECIFIED.,.F.,.F.,.F.,(4,4),(2,2),
(-1.,0.),(0.,0.24),.UNSPECIFIED.);
#5790=B_SPLINE_SURFACE_WITH_KNOTS('',3,1,((#10406,#10407),(#10408,#10409),
(#10410,#10411),(#10412,#10413)),.UNSPECIFIED.,.F.,.F.,.F.,(4,4),(2,2),
(-1.,0.),(0.,0.24),.UNSPECIFIED.);
#5791=B_SPLINE_SURFACE_WITH_KNOTS('',3,1,((#10425,#10426),(#10427,#10428),
(#10429,#10430),(#10431,#10432)),.UNSPECIFIED.,.F.,.F.,.F.,(4,4),(2,2),
(-1.,0.),(0.,0.24),.UNSPECIFIED.);
#5792=B_SPLINE_SURFACE_WITH_KNOTS('',3,1,((#10456,#10457),(#10458,#10459),
(#10460,#10461),(#10462,#10463)),.UNSPECIFIED.,.F.,.F.,.F.,(4,4),(2,2),
(-1.,0.),(0.,0.24),.UNSPECIFIED.);
#5793=B_SPLINE_SURFACE_WITH_KNOTS('',3,1,((#10475,#10476),(#10477,#10478),
(#10479,#10480),(#10481,#10482)),.UNSPECIFIED.,.F.,.F.,.F.,(4,4),(2,2),
(-1.,0.),(0.,0.24),.UNSPECIFIED.);
#5794=B_SPLINE_SURFACE_WITH_KNOTS('',3,1,((#10494,#10495),(#10496,#10497),
(#10498,#10499),(#10500,#10501)),.UNSPECIFIED.,.F.,.F.,.F.,(4,4),(2,2),
(-1.,0.),(0.,0.24),.UNSPECIFIED.);
#5795=B_SPLINE_SURFACE_WITH_KNOTS('',3,1,((#10513,#10514),(#10515,#10516),
(#10517,#10518),(#10519,#10520)),.UNSPECIFIED.,.F.,.F.,.F.,(4,4),(2,2),
(-1.,0.),(0.,0.24),.UNSPECIFIED.);
#5796=B_SPLINE_SURFACE_WITH_KNOTS('',3,1,((#10532,#10533),(#10534,#10535),
(#10536,#10537),(#10538,#10539)),.UNSPECIFIED.,.F.,.F.,.F.,(4,4),(2,2),
(-1.,0.),(0.,0.24),.UNSPECIFIED.);
#5797=B_SPLINE_SURFACE_WITH_KNOTS('',3,1,((#10551,#10552),(#10553,#10554),
(#10555,#10556),(#10557,#10558)),.UNSPECIFIED.,.F.,.F.,.F.,(4,4),(2,2),
(-1.,0.),(0.,0.24),.UNSPECIFIED.);
#5798=B_SPLINE_SURFACE_WITH_KNOTS('',3,1,((#10570,#10571),(#10572,#10573),
(#10574,#10575),(#10576,#10577)),.UNSPECIFIED.,.F.,.F.,.F.,(4,4),(2,2),
(-1.,0.),(0.,0.24),.UNSPECIFIED.);
#5799=B_SPLINE_SURFACE_WITH_KNOTS('',3,1,((#10589,#10590),(#10591,#10592),
(#10593,#10594),(#10595,#10596)),.UNSPECIFIED.,.F.,.F.,.F.,(4,4),(2,2),
(-1.,0.),(0.,0.24),.UNSPECIFIED.);
#5800=B_SPLINE_SURFACE_WITH_KNOTS('',3,1,((#10608,#10609),(#10610,#10611),
(#10612,#10613),(#10614,#10615)),.UNSPECIFIED.,.F.,.F.,.F.,(4,4),(2,2),
(-1.,0.),(0.,0.24),.UNSPECIFIED.);
#5801=B_SPLINE_SURFACE_WITH_KNOTS('',3,1,((#10627,#10628),(#10629,#10630),
(#10631,#10632),(#10633,#10634)),.UNSPECIFIED.,.F.,.F.,.F.,(4,4),(2,2),
(-1.,0.),(0.,0.24),.UNSPECIFIED.);
#5802=B_SPLINE_SURFACE_WITH_KNOTS('',3,1,((#10646,#10647),(#10648,#10649),
(#10650,#10651),(#10652,#10653)),.UNSPECIFIED.,.F.,.F.,.F.,(4,4),(2,2),
(-1.,0.),(0.,0.24),.UNSPECIFIED.);
#5803=B_SPLINE_SURFACE_WITH_KNOTS('',3,1,((#10665,#10666),(#10667,#10668),
(#10669,#10670),(#10671,#10672)),.UNSPECIFIED.,.F.,.F.,.F.,(4,4),(2,2),
(-1.,0.),(0.,0.24),.UNSPECIFIED.);
#5804=B_SPLINE_SURFACE_WITH_KNOTS('',3,1,((#10684,#10685),(#10686,#10687),
(#10688,#10689),(#10690,#10691)),.UNSPECIFIED.,.F.,.F.,.F.,(4,4),(2,2),
(-1.,0.),(0.,0.24),.UNSPECIFIED.);
#5805=B_SPLINE_SURFACE_WITH_KNOTS('',3,1,((#10703,#10704),(#10705,#10706),
(#10707,#10708),(#10709,#10710)),.UNSPECIFIED.,.F.,.F.,.F.,(4,4),(2,2),
(-1.,0.),(0.,0.24),.UNSPECIFIED.);
#5806=B_SPLINE_SURFACE_WITH_KNOTS('',3,1,((#10722,#10723),(#10724,#10725),
(#10726,#10727),(#10728,#10729)),.UNSPECIFIED.,.F.,.F.,.F.,(4,4),(2,2),
(-1.,0.),(0.,0.24),.UNSPECIFIED.);
#5807=B_SPLINE_SURFACE_WITH_KNOTS('',3,1,((#10741,#10742),(#10743,#10744),
(#10745,#10746),(#10747,#10748)),.UNSPECIFIED.,.F.,.F.,.F.,(4,4),(2,2),
(-1.,0.),(0.,0.24),.UNSPECIFIED.);
#5808=B_SPLINE_SURFACE_WITH_KNOTS('',3,1,((#10760,#10761),(#10762,#10763),
(#10764,#10765),(#10766,#10767)),.UNSPECIFIED.,.F.,.F.,.F.,(4,4),(2,2),
(-1.,0.),(0.,0.24),.UNSPECIFIED.);
#5809=B_SPLINE_SURFACE_WITH_KNOTS('',3,1,((#10779,#10780),(#10781,#10782),
(#10783,#10784),(#10785,#10786)),.UNSPECIFIED.,.F.,.F.,.F.,(4,4),(2,2),
(-1.,0.),(0.,0.24),.UNSPECIFIED.);
#5810=B_SPLINE_SURFACE_WITH_KNOTS('',3,1,((#10798,#10799),(#10800,#10801),
(#10802,#10803),(#10804,#10805)),.UNSPECIFIED.,.F.,.F.,.F.,(4,4),(2,2),
(-1.,0.),(0.,0.24),.UNSPECIFIED.);
#5811=B_SPLINE_SURFACE_WITH_KNOTS('',3,1,((#10817,#10818),(#10819,#10820),
(#10821,#10822),(#10823,#10824)),.UNSPECIFIED.,.F.,.F.,.F.,(4,4),(2,2),
(-1.,0.),(0.,0.24),.UNSPECIFIED.);
#5812=B_SPLINE_SURFACE_WITH_KNOTS('',3,1,((#10836,#10837),(#10838,#10839),
(#10840,#10841),(#10842,#10843)),.UNSPECIFIED.,.F.,.F.,.F.,(4,4),(2,2),
(-1.,0.),(0.,0.24),.UNSPECIFIED.);
#5813=B_SPLINE_SURFACE_WITH_KNOTS('',3,1,((#10854,#10855),(#10856,#10857),
(#10858,#10859),(#10860,#10861)),.UNSPECIFIED.,.F.,.F.,.F.,(4,4),(2,2),
(-1.,0.),(0.,0.24),.UNSPECIFIED.);
#5814=B_SPLINE_SURFACE_WITH_KNOTS('',3,1,((#10876,#10877),(#10878,#10879),
(#10880,#10881),(#10882,#10883)),.UNSPECIFIED.,.F.,.F.,.F.,(4,4),(2,2),
(-1.,0.),(0.,0.24),.UNSPECIFIED.);
#5815=B_SPLINE_SURFACE_WITH_KNOTS('',3,1,((#10895,#10896),(#10897,#10898),
(#10899,#10900),(#10901,#10902)),.UNSPECIFIED.,.F.,.F.,.F.,(4,4),(2,2),
(-1.,0.),(0.,0.24),.UNSPECIFIED.);
#5816=B_SPLINE_SURFACE_WITH_KNOTS('',3,1,((#10926,#10927),(#10928,#10929),
(#10930,#10931),(#10932,#10933)),.UNSPECIFIED.,.F.,.F.,.F.,(4,4),(2,2),
(-1.,0.),(0.,0.24),.UNSPECIFIED.);
#5817=B_SPLINE_SURFACE_WITH_KNOTS('',3,1,((#10945,#10946),(#10947,#10948),
(#10949,#10950),(#10951,#10952)),.UNSPECIFIED.,.F.,.F.,.F.,(4,4),(2,2),
(-1.,0.),(0.,0.24),.UNSPECIFIED.);
#5818=B_SPLINE_SURFACE_WITH_KNOTS('',3,1,((#10964,#10965),(#10966,#10967),
(#10968,#10969),(#10970,#10971)),.UNSPECIFIED.,.F.,.F.,.F.,(4,4),(2,2),
(-1.,0.),(0.,0.24),.UNSPECIFIED.);
#5819=B_SPLINE_SURFACE_WITH_KNOTS('',3,1,((#10983,#10984),(#10985,#10986),
(#10987,#10988),(#10989,#10990)),.UNSPECIFIED.,.F.,.F.,.F.,(4,4),(2,2),
(-1.,0.),(0.,0.24),.UNSPECIFIED.);
#5820=B_SPLINE_SURFACE_WITH_KNOTS('',3,1,((#11002,#11003),(#11004,#11005),
(#11006,#11007),(#11008,#11009)),.UNSPECIFIED.,.F.,.F.,.F.,(4,4),(2,2),
(-1.,0.),(0.,0.24),.UNSPECIFIED.);
#5821=B_SPLINE_SURFACE_WITH_KNOTS('',3,1,((#11021,#11022),(#11023,#11024),
(#11025,#11026),(#11027,#11028)),.UNSPECIFIED.,.F.,.F.,.F.,(4,4),(2,2),
(-1.,0.),(0.,0.24),.UNSPECIFIED.);
#5822=ADVANCED_FACE('',(#326),#5637,.T.);
#5823=ADVANCED_FACE('',(#327),#5638,.T.);
#5824=ADVANCED_FACE('',(#328),#5639,.T.);
#5825=ADVANCED_FACE('',(#329),#5640,.T.);
#5826=ADVANCED_FACE('',(#330),#5641,.T.);
#5827=ADVANCED_FACE('',(#331),#5642,.T.);
#5828=ADVANCED_FACE('',(#332),#5643,.T.);
#5829=ADVANCED_FACE('',(#333),#5644,.T.);
#5830=ADVANCED_FACE('',(#334),#5645,.T.);
#5831=ADVANCED_FACE('',(#335),#5646,.T.);
#5832=ADVANCED_FACE('',(#336),#5647,.T.);
#5833=ADVANCED_FACE('',(#337),#5648,.T.);
#5834=ADVANCED_FACE('',(#338),#244,.T.);
#5835=ADVANCED_FACE('',(#339),#245,.F.);
#5836=ADVANCED_FACE('',(#340),#5649,.T.);
#5837=ADVANCED_FACE('',(#341),#5650,.T.);
#5838=ADVANCED_FACE('',(#342),#5651,.T.);
#5839=ADVANCED_FACE('',(#343),#5652,.T.);
#5840=ADVANCED_FACE('',(#344),#5653,.T.);
#5841=ADVANCED_FACE('',(#345),#5654,.T.);
#5842=ADVANCED_FACE('',(#346),#5655,.T.);
#5843=ADVANCED_FACE('',(#347),#5656,.T.);
#5844=ADVANCED_FACE('',(#348),#246,.T.);
#5845=ADVANCED_FACE('',(#349),#247,.F.);
#5846=ADVANCED_FACE('',(#350),#5657,.T.);
#5847=ADVANCED_FACE('',(#351),#5658,.T.);
#5848=ADVANCED_FACE('',(#352),#5659,.T.);
#5849=ADVANCED_FACE('',(#353),#5660,.T.);
#5850=ADVANCED_FACE('',(#354),#248,.T.);
#5851=ADVANCED_FACE('',(#355),#249,.T.);
#5852=ADVANCED_FACE('',(#356),#5661,.T.);
#5853=ADVANCED_FACE('',(#357),#5662,.T.);
#5854=ADVANCED_FACE('',(#358),#250,.T.);
#5855=ADVANCED_FACE('',(#359),#251,.T.);
#5856=ADVANCED_FACE('',(#360),#5663,.T.);
#5857=ADVANCED_FACE('',(#361),#5664,.T.);
#5858=ADVANCED_FACE('',(#362),#5665,.T.);
#5859=ADVANCED_FACE('',(#363),#5666,.T.);
#5860=ADVANCED_FACE('',(#364),#5667,.T.);
#5861=ADVANCED_FACE('',(#365),#5668,.T.);
#5862=ADVANCED_FACE('',(#366),#5669,.T.);
#5863=ADVANCED_FACE('',(#367),#5670,.T.);
#5864=ADVANCED_FACE('',(#368),#5671,.T.);
#5865=ADVANCED_FACE('',(#369),#5672,.T.);
#5866=ADVANCED_FACE('',(#370),#5673,.T.);
#5867=ADVANCED_FACE('',(#371),#5674,.T.);
#5868=ADVANCED_FACE('',(#372),#5675,.T.);
#5869=ADVANCED_FACE('',(#373),#5676,.T.);
#5870=ADVANCED_FACE('',(#374),#5677,.T.);
#5871=ADVANCED_FACE('',(#375),#5678,.T.);
#5872=ADVANCED_FACE('',(#376),#252,.T.);
#5873=ADVANCED_FACE('',(#377),#253,.T.);
#5874=ADVANCED_FACE('',(#378),#5679,.T.);
#5875=ADVANCED_FACE('',(#379),#5680,.T.);
#5876=ADVANCED_FACE('',(#380),#5681,.T.);
#5877=ADVANCED_FACE('',(#381),#5682,.T.);
#5878=ADVANCED_FACE('',(#382),#5683,.T.);
#5879=ADVANCED_FACE('',(#383),#5684,.T.);
#5880=ADVANCED_FACE('',(#384),#254,.T.);
#5881=ADVANCED_FACE('',(#385),#255,.T.);
#5882=ADVANCED_FACE('',(#386),#5685,.T.);
#5883=ADVANCED_FACE('',(#387),#5686,.T.);
#5884=ADVANCED_FACE('',(#388),#5687,.T.);
#5885=ADVANCED_FACE('',(#389),#5688,.T.);
#5886=ADVANCED_FACE('',(#390),#5689,.T.);
#5887=ADVANCED_FACE('',(#391),#5690,.T.);
#5888=ADVANCED_FACE('',(#392),#5691,.T.);
#5889=ADVANCED_FACE('',(#393),#5692,.T.);
#5890=ADVANCED_FACE('',(#394),#5693,.T.);
#5891=ADVANCED_FACE('',(#395),#256,.T.);
#5892=ADVANCED_FACE('',(#396),#257,.T.);
#5893=ADVANCED_FACE('',(#397),#5694,.T.);
#5894=ADVANCED_FACE('',(#398),#5695,.T.);
#5895=ADVANCED_FACE('',(#399),#5696,.T.);
#5896=ADVANCED_FACE('',(#400),#5697,.T.);
#5897=ADVANCED_FACE('',(#401),#5698,.T.);
#5898=ADVANCED_FACE('',(#402),#5699,.T.);
#5899=ADVANCED_FACE('',(#403),#5700,.T.);
#5900=ADVANCED_FACE('',(#404),#5701,.T.);
#5901=ADVANCED_FACE('',(#405),#5702,.T.);
#5902=ADVANCED_FACE('',(#406),#5703,.T.);
#5903=ADVANCED_FACE('',(#407),#5704,.T.);
#5904=ADVANCED_FACE('',(#408),#5705,.T.);
#5905=ADVANCED_FACE('',(#409),#5706,.T.);
#5906=ADVANCED_FACE('',(#410),#5707,.T.);
#5907=ADVANCED_FACE('',(#411),#5708,.T.);
#5908=ADVANCED_FACE('',(#412),#5709,.T.);
#5909=ADVANCED_FACE('',(#413),#5710,.T.);
#5910=ADVANCED_FACE('',(#414),#5711,.T.);
#5911=ADVANCED_FACE('',(#415),#5712,.T.);
#5912=ADVANCED_FACE('',(#416),#5713,.T.);
#5913=ADVANCED_FACE('',(#417),#5714,.T.);
#5914=ADVANCED_FACE('',(#418),#5715,.T.);
#5915=ADVANCED_FACE('',(#419),#5716,.T.);
#5916=ADVANCED_FACE('',(#420),#5717,.T.);
#5917=ADVANCED_FACE('',(#421),#5718,.T.);
#5918=ADVANCED_FACE('',(#422),#5719,.T.);
#5919=ADVANCED_FACE('',(#423),#5720,.T.);
#5920=ADVANCED_FACE('',(#424),#5721,.T.);
#5921=ADVANCED_FACE('',(#425),#5722,.T.);
#5922=ADVANCED_FACE('',(#426),#5723,.T.);
#5923=ADVANCED_FACE('',(#427),#5724,.T.);
#5924=ADVANCED_FACE('',(#428),#5725,.T.);
#5925=ADVANCED_FACE('',(#429),#5726,.T.);
#5926=ADVANCED_FACE('',(#430),#5727,.T.);
#5927=ADVANCED_FACE('',(#431),#5728,.T.);
#5928=ADVANCED_FACE('',(#432),#5729,.T.);
#5929=ADVANCED_FACE('',(#433),#5730,.T.);
#5930=ADVANCED_FACE('',(#434),#5731,.T.);
#5931=ADVANCED_FACE('',(#435),#5732,.T.);
#5932=ADVANCED_FACE('',(#436),#5733,.T.);
#5933=ADVANCED_FACE('',(#437),#5734,.T.);
#5934=ADVANCED_FACE('',(#438),#5735,.T.);
#5935=ADVANCED_FACE('',(#439),#5736,.T.);
#5936=ADVANCED_FACE('',(#440),#5737,.T.);
#5937=ADVANCED_FACE('',(#441),#5738,.T.);
#5938=ADVANCED_FACE('',(#442),#5739,.T.);
#5939=ADVANCED_FACE('',(#443),#5740,.T.);
#5940=ADVANCED_FACE('',(#444),#5741,.T.);
#5941=ADVANCED_FACE('',(#445),#5742,.T.);
#5942=ADVANCED_FACE('',(#446),#5743,.T.);
#5943=ADVANCED_FACE('',(#447),#5744,.T.);
#5944=ADVANCED_FACE('',(#448),#5745,.T.);
#5945=ADVANCED_FACE('',(#449),#5746,.T.);
#5946=ADVANCED_FACE('',(#450),#5747,.T.);
#5947=ADVANCED_FACE('',(#451),#5748,.T.);
#5948=ADVANCED_FACE('',(#452),#5749,.T.);
#5949=ADVANCED_FACE('',(#453),#5750,.T.);
#5950=ADVANCED_FACE('',(#454),#5751,.T.);
#5951=ADVANCED_FACE('',(#455),#5752,.T.);
#5952=ADVANCED_FACE('',(#456),#5753,.T.);
#5953=ADVANCED_FACE('',(#457),#5754,.T.);
#5954=ADVANCED_FACE('',(#458),#5755,.T.);
#5955=ADVANCED_FACE('',(#459),#5756,.T.);
#5956=ADVANCED_FACE('',(#460),#5757,.T.);
#5957=ADVANCED_FACE('',(#461),#5758,.T.);
#5958=ADVANCED_FACE('',(#462),#5759,.T.);
#5959=ADVANCED_FACE('',(#463),#5760,.T.);
#5960=ADVANCED_FACE('',(#464),#5761,.T.);
#5961=ADVANCED_FACE('',(#465),#5762,.T.);
#5962=ADVANCED_FACE('',(#466),#5763,.T.);
#5963=ADVANCED_FACE('',(#467),#5764,.T.);
#5964=ADVANCED_FACE('',(#468),#5765,.T.);
#5965=ADVANCED_FACE('',(#469),#5766,.T.);
#5966=ADVANCED_FACE('',(#470),#5767,.T.);
#5967=ADVANCED_FACE('',(#471),#5768,.T.);
#5968=ADVANCED_FACE('',(#472),#5769,.T.);
#5969=ADVANCED_FACE('',(#473),#5770,.T.);
#5970=ADVANCED_FACE('',(#474),#5771,.T.);
#5971=ADVANCED_FACE('',(#475),#5772,.T.);
#5972=ADVANCED_FACE('',(#476),#5773,.T.);
#5973=ADVANCED_FACE('',(#477),#5774,.T.);
#5974=ADVANCED_FACE('',(#478),#5775,.T.);
#5975=ADVANCED_FACE('',(#479),#5776,.T.);
#5976=ADVANCED_FACE('',(#480),#5777,.T.);
#5977=ADVANCED_FACE('',(#481),#5778,.T.);
#5978=ADVANCED_FACE('',(#482),#5779,.T.);
#5979=ADVANCED_FACE('',(#483),#258,.T.);
#5980=ADVANCED_FACE('',(#484),#259,.T.);
#5981=ADVANCED_FACE('',(#485),#5780,.T.);
#5982=ADVANCED_FACE('',(#486),#5781,.T.);
#5983=ADVANCED_FACE('',(#487),#5782,.T.);
#5984=ADVANCED_FACE('',(#488),#5783,.T.);
#5985=ADVANCED_FACE('',(#489),#5784,.T.);
#5986=ADVANCED_FACE('',(#490),#5785,.T.);
#5987=ADVANCED_FACE('',(#491),#5786,.T.);
#5988=ADVANCED_FACE('',(#492),#5787,.T.);
#5989=ADVANCED_FACE('',(#493),#5788,.T.);
#5990=ADVANCED_FACE('',(#494),#260,.T.);
#5991=ADVANCED_FACE('',(#495),#261,.T.);
#5992=ADVANCED_FACE('',(#496),#5789,.T.);
#5993=ADVANCED_FACE('',(#497),#5790,.T.);
#5994=ADVANCED_FACE('',(#498),#5791,.T.);
#5995=ADVANCED_FACE('',(#499),#262,.T.);
#5996=ADVANCED_FACE('',(#500),#263,.T.);
#5997=ADVANCED_FACE('',(#501),#5792,.T.);
#5998=ADVANCED_FACE('',(#502),#5793,.T.);
#5999=ADVANCED_FACE('',(#503),#5794,.T.);
#6000=ADVANCED_FACE('',(#504),#5795,.T.);
#6001=ADVANCED_FACE('',(#505),#5796,.T.);
#6002=ADVANCED_FACE('',(#506),#5797,.T.);
#6003=ADVANCED_FACE('',(#507),#5798,.T.);
#6004=ADVANCED_FACE('',(#508),#5799,.T.);
#6005=ADVANCED_FACE('',(#509),#5800,.T.);
#6006=ADVANCED_FACE('',(#510),#5801,.T.);
#6007=ADVANCED_FACE('',(#511),#5802,.T.);
#6008=ADVANCED_FACE('',(#512),#5803,.T.);
#6009=ADVANCED_FACE('',(#513),#5804,.T.);
#6010=ADVANCED_FACE('',(#514),#5805,.T.);
#6011=ADVANCED_FACE('',(#515),#5806,.T.);
#6012=ADVANCED_FACE('',(#516),#5807,.T.);
#6013=ADVANCED_FACE('',(#517),#5808,.T.);
#6014=ADVANCED_FACE('',(#518),#5809,.T.);
#6015=ADVANCED_FACE('',(#519),#5810,.T.);
#6016=ADVANCED_FACE('',(#520),#5811,.T.);
#6017=ADVANCED_FACE('',(#521),#5812,.T.);
#6018=ADVANCED_FACE('',(#522,#199,#200,#201,#202,#203,#204,#205),#264,.T.);
#6019=ADVANCED_FACE('',(#523,#206,#207,#208,#209,#210,#211,#212),#265,.F.);
#6020=ADVANCED_FACE('',(#524),#5813,.T.);
#6021=ADVANCED_FACE('',(#525),#5814,.T.);
#6022=ADVANCED_FACE('',(#526),#5815,.T.);
#6023=ADVANCED_FACE('',(#527),#266,.T.);
#6024=ADVANCED_FACE('',(#528),#267,.T.);
#6025=ADVANCED_FACE('',(#529),#5816,.T.);
#6026=ADVANCED_FACE('',(#530),#5817,.T.);
#6027=ADVANCED_FACE('',(#531),#5818,.T.);
#6028=ADVANCED_FACE('',(#532),#5819,.T.);
#6029=ADVANCED_FACE('',(#533),#5820,.T.);
#6030=ADVANCED_FACE('',(#534),#5821,.T.);
#6031=ADVANCED_FACE('',(#535),#268,.T.);
#6032=ADVANCED_FACE('',(#536),#269,.F.);
#6033=ADVANCED_FACE('',(#537),#270,.T.);
#6034=ADVANCED_FACE('',(#538),#271,.T.);
#6035=ADVANCED_FACE('',(#539),#272,.T.);
#6036=ADVANCED_FACE('',(#540),#273,.T.);
#6037=ADVANCED_FACE('',(#541),#274,.T.);
#6038=ADVANCED_FACE('',(#542),#275,.T.);
#6039=ADVANCED_FACE('',(#543),#276,.T.);
#6040=ADVANCED_FACE('',(#544),#277,.T.);
#6041=ADVANCED_FACE('',(#545),#278,.T.);
#6042=ADVANCED_FACE('',(#546),#279,.T.);
#6043=ADVANCED_FACE('',(#547),#280,.T.);
#6044=ADVANCED_FACE('',(#548),#281,.T.);
#6045=ADVANCED_FACE('',(#549),#282,.T.);
#6046=ADVANCED_FACE('',(#550),#283,.T.);
#6047=ADVANCED_FACE('',(#551),#284,.T.);
#6048=ADVANCED_FACE('',(#552),#285,.T.);
#6049=ADVANCED_FACE('',(#553),#286,.T.);
#6050=ADVANCED_FACE('',(#554),#287,.T.);
#6051=ADVANCED_FACE('',(#555),#288,.T.);
#6052=ADVANCED_FACE('',(#556),#289,.T.);
#6053=ADVANCED_FACE('',(#557),#39,.T.);
#6054=ADVANCED_FACE('',(#558),#27,.T.);
#6055=ADVANCED_FACE('',(#559),#28,.T.);
#6056=ADVANCED_FACE('',(#560),#40,.T.);
#6057=ADVANCED_FACE('',(#561),#41,.T.);
#6058=ADVANCED_FACE('',(#562),#29,.T.);
#6059=ADVANCED_FACE('',(#563),#30,.T.);
#6060=ADVANCED_FACE('',(#564),#42,.T.);
#6061=ADVANCED_FACE('',(#565,#213),#290,.T.);
#6062=ADVANCED_FACE('',(#566),#43,.T.);
#6063=ADVANCED_FACE('',(#567),#44,.T.);
#6064=ADVANCED_FACE('',(#568),#45,.T.);
#6065=ADVANCED_FACE('',(#569),#46,.T.);
#6066=ADVANCED_FACE('',(#570,#214),#291,.F.);
#6067=ADVANCED_FACE('',(#571),#47,.T.);
#6068=ADVANCED_FACE('',(#572),#31,.T.);
#6069=ADVANCED_FACE('',(#573),#32,.T.);
#6070=ADVANCED_FACE('',(#574),#48,.T.);
#6071=ADVANCED_FACE('',(#575),#49,.T.);
#6072=ADVANCED_FACE('',(#576),#33,.T.);
#6073=ADVANCED_FACE('',(#577),#34,.T.);
#6074=ADVANCED_FACE('',(#578),#50,.T.);
#6075=ADVANCED_FACE('',(#579),#51,.T.);
#6076=ADVANCED_FACE('',(#580),#292,.T.);
#6077=ADVANCED_FACE('',(#581),#52,.T.);
#6078=ADVANCED_FACE('',(#582,#215,#216,#217),#293,.T.);
#6079=ADVANCED_FACE('',(#583),#53,.T.);
#6080=ADVANCED_FACE('',(#584),#35,.T.);
#6081=ADVANCED_FACE('',(#585),#36,.T.);
#6082=ADVANCED_FACE('',(#586),#54,.T.);
#6083=ADVANCED_FACE('',(#587),#55,.T.);
#6084=ADVANCED_FACE('',(#588),#37,.T.);
#6085=ADVANCED_FACE('',(#589),#38,.T.);
#6086=ADVANCED_FACE('',(#590),#56,.T.);
#6087=ADVANCED_FACE('',(#591),#294,.T.);
#6088=ADVANCED_FACE('',(#592),#57,.F.);
#6089=ADVANCED_FACE('',(#593),#295,.F.);
#6090=ADVANCED_FACE('',(#594),#58,.F.);
#6091=ADVANCED_FACE('',(#595),#59,.F.);
#6092=ADVANCED_FACE('',(#596),#296,.F.);
#6093=ADVANCED_FACE('',(#597),#60,.F.);
#6094=ADVANCED_FACE('',(#598),#297,.F.);
#6095=ADVANCED_FACE('',(#599),#61,.F.);
#6096=ADVANCED_FACE('',(#600),#298,.F.);
#6097=ADVANCED_FACE('',(#601),#62,.F.);
#6098=ADVANCED_FACE('',(#602),#299,.F.);
#6099=ADVANCED_FACE('',(#603),#63,.F.);
#6100=ADVANCED_FACE('',(#604),#300,.F.);
#6101=ADVANCED_FACE('',(#605),#64,.F.);
#6102=ADVANCED_FACE('',(#606),#301,.F.);
#6103=ADVANCED_FACE('',(#607),#65,.F.);
#6104=ADVANCED_FACE('',(#608),#66,.F.);
#6105=ADVANCED_FACE('',(#609),#302,.F.);
#6106=ADVANCED_FACE('',(#610),#303,.T.);
#6107=ADVANCED_FACE('',(#611),#304,.T.);
#6108=ADVANCED_FACE('',(#612),#305,.T.);
#6109=ADVANCED_FACE('',(#613),#19,.F.);
#6110=ADVANCED_FACE('',(#614),#67,.F.);
#6111=ADVANCED_FACE('',(#615),#20,.F.);
#6112=ADVANCED_FACE('',(#616),#68,.F.);
#6113=ADVANCED_FACE('',(#617),#69,.F.);
#6114=ADVANCED_FACE('',(#618),#306,.T.);
#6115=ADVANCED_FACE('',(#619),#307,.T.);
#6116=ADVANCED_FACE('',(#620),#308,.T.);
#6117=ADVANCED_FACE('',(#621),#309,.T.);
#6118=ADVANCED_FACE('',(#622),#21,.F.);
#6119=ADVANCED_FACE('',(#623),#70,.F.);
#6120=ADVANCED_FACE('',(#624),#22,.F.);
#6121=ADVANCED_FACE('',(#625),#71,.F.);
#6122=ADVANCED_FACE('',(#626),#72,.F.);
#6123=ADVANCED_FACE('',(#627),#310,.T.);
#6124=ADVANCED_FACE('',(#628,#218),#311,.T.);
#6125=ADVANCED_FACE('',(#629),#312,.T.);
#6126=ADVANCED_FACE('',(#630),#313,.T.);
#6127=ADVANCED_FACE('',(#631),#23,.F.);
#6128=ADVANCED_FACE('',(#632),#73,.F.);
#6129=ADVANCED_FACE('',(#633),#24,.F.);
#6130=ADVANCED_FACE('',(#634),#74,.F.);
#6131=ADVANCED_FACE('',(#635),#75,.T.);
#6132=ADVANCED_FACE('',(#636),#76,.F.);
#6133=ADVANCED_FACE('',(#637),#314,.T.);
#6134=ADVANCED_FACE('',(#638,#219,#220,#221,#222,#223),#315,.T.);
#6135=ADVANCED_FACE('',(#639),#316,.T.);
#6136=ADVANCED_FACE('',(#640,#224,#225,#226,#227,#228),#317,.T.);
#6137=ADVANCED_FACE('',(#641),#318,.T.);
#6138=ADVANCED_FACE('',(#642),#25,.F.);
#6139=ADVANCED_FACE('',(#643),#77,.F.);
#6140=ADVANCED_FACE('',(#644),#26,.F.);
#6141=ADVANCED_FACE('',(#645),#78,.F.);
#6142=ADVANCED_FACE('',(#646),#79,.T.);
#6143=ADVANCED_FACE('',(#647),#80,.F.);
#6144=ADVANCED_FACE('',(#648,#229,#230,#231),#319,.T.);
#6145=ADVANCED_FACE('',(#649),#81,.F.);
#6146=ADVANCED_FACE('',(#650),#320,.F.);
#6147=ADVANCED_FACE('',(#651),#82,.F.);
#6148=ADVANCED_FACE('',(#652),#321,.F.);
#6149=ADVANCED_FACE('',(#653),#83,.F.);
#6150=ADVANCED_FACE('',(#654),#322,.F.);
#6151=ADVANCED_FACE('',(#655),#84,.F.);
#6152=ADVANCED_FACE('',(#656),#323,.F.);
#6153=ADVANCED_FACE('',(#657),#85,.F.);
#6154=ADVANCED_FACE('',(#658),#324,.F.);
#6155=ADVANCED_FACE('',(#659),#86,.F.);
#6156=ADVANCED_FACE('',(#660),#325,.F.);
#6157=CLOSED_SHELL('',(#5822,#5823,#5824,#5825,#5826,#5827,#5828,#5829,
#5830,#5831,#5832,#5833,#5834,#5835));
#6158=CLOSED_SHELL('',(#5836,#5837,#5838,#5839,#5840,#5841,#5842,#5843,
#5844,#5845));
#6159=CLOSED_SHELL('',(#5846,#5847,#5848,#5849,#5850,#5851,#5852,#5853,
#5854,#5855,#5856,#5857,#5858,#5859,#5860,#5861,#5862,#5863,#5864,#5865,
#5866,#5867,#5868,#5869,#5870,#5871,#5872,#5873,#5874,#5875,#5876,#5877,
#5878,#5879,#5880,#5881,#5882,#5883,#5884,#5885,#5886,#5887,#5888,#5889,
#5890,#5891,#5892,#5893,#5894,#5895,#5896,#5897,#5898,#5899,#5900,#5901,
#5902,#5903,#5904,#5905,#5906,#5907,#5908,#5909,#5910,#5911,#5912,#5913,
#5914,#5915,#5916,#5917,#5918,#5919,#5920,#5921,#5922,#5923,#5924,#5925,
#5926,#5927,#5928,#5929,#5930,#5931,#5932,#5933,#5934,#5935,#5936,#5937,
#5938,#5939,#5940,#5941,#5942,#5943,#5944,#5945,#5946,#5947,#5948,#5949,
#5950,#5951,#5952,#5953,#5954,#5955,#5956,#5957,#5958,#5959,#5960,#5961,
#5962,#5963,#5964,#5965,#5966,#5967,#5968,#5969,#5970,#5971,#5972,#5973,
#5974,#5975,#5976,#5977,#5978,#5979,#5980,#5981,#5982,#5983,#5984,#5985,
#5986,#5987,#5988,#5989,#5990,#5991,#5992,#5993,#5994,#5995,#5996,#5997,
#5998,#5999,#6000,#6001,#6002,#6003,#6004,#6005,#6006,#6007,#6008,#6009,
#6010,#6011,#6012,#6013,#6014,#6015,#6016,#6017,#6018,#6019));
#6160=CLOSED_SHELL('',(#6020,#6021,#6022,#6023,#6024,#6025,#6026,#6027,
#6028,#6029,#6030,#6031,#6032));
#6161=CLOSED_SHELL('',(#6033,#6034,#6035,#6036,#6037,#6038,#6039,#6040,
#6041,#6042,#6043,#6044,#6045,#6046,#6047,#6048,#6049,#6050,#6051,#6052,
#6053,#6054,#6055,#6056,#6057,#6058,#6059,#6060,#6061,#6062,#6063,#6064,
#6065,#6066,#6067,#6068,#6069,#6070,#6071,#6072,#6073,#6074,#6075,#6076,
#6077,#6078,#6079,#6080,#6081,#6082,#6083,#6084,#6085,#6086,#6087,#6088,
#6089,#6090,#6091,#6092,#6093,#6094,#6095,#6096,#6097,#6098,#6099,#6100,
#6101,#6102,#6103,#6104,#6105,#6106,#6107,#6108,#6109,#6110,#6111,#6112,
#6113,#6114,#6115,#6116,#6117,#6118,#6119,#6120,#6121,#6122,#6123,#6124,
#6125,#6126,#6127,#6128,#6129,#6130,#6131,#6132,#6133,#6134,#6135,#6136,
#6137,#6138,#6139,#6140,#6141,#6142,#6143,#6144,#6145,#6146,#6147,#6148,
#6149,#6150,#6151,#6152,#6153,#6154,#6155,#6156));
#6162=DERIVED_UNIT_ELEMENT(#6164,1.);
#6163=DERIVED_UNIT_ELEMENT(#11675,-3.);
#6164=(
MASS_UNIT()
NAMED_UNIT(*)
SI_UNIT(.KILO.,.GRAM.)
);
#6165=DERIVED_UNIT((#6162,#6163));
#6166=MEASURE_REPRESENTATION_ITEM('density measure',
POSITIVE_RATIO_MEASURE(7850.),#6165);
#6167=PROPERTY_DEFINITION_REPRESENTATION(#6172,#6169);
#6168=PROPERTY_DEFINITION_REPRESENTATION(#6173,#6170);
#6169=REPRESENTATION('material name',(#6171),#11672);
#6170=REPRESENTATION('density',(#6166),#11672);
#6171=DESCRIPTIVE_REPRESENTATION_ITEM('Steel','Steel');
#6172=PROPERTY_DEFINITION('material property','material name',#11692);
#6173=PROPERTY_DEFINITION('material property','density of part',#11692);
#6174=AXIS2_PLACEMENT_3D('',#7411,#6439,#6440);
#6175=AXIS2_PLACEMENT_3D('',#7412,#6441,#6442);
#6176=AXIS2_PLACEMENT_3D('',#7413,#6443,#6444);
#6177=AXIS2_PLACEMENT_3D('',#7642,#6457,#6458);
#6178=AXIS2_PLACEMENT_3D('',#7643,#6459,#6460);
#6179=AXIS2_PLACEMENT_3D('',#7796,#6469,#6470);
#6180=AXIS2_PLACEMENT_3D('',#7797,#6471,#6472);
#6181=AXIS2_PLACEMENT_3D('',#7877,#6478,#6479);
#6182=AXIS2_PLACEMENT_3D('',#7883,#6483,#6484);
#6183=AXIS2_PLACEMENT_3D('',#7927,#6490,#6491);
#6184=AXIS2_PLACEMENT_3D('',#7933,#6495,#6496);
#6185=AXIS2_PLACEMENT_3D('',#8243,#6516,#6517);
#6186=AXIS2_PLACEMENT_3D('',#8249,#6521,#6522);
#6187=AXIS2_PLACEMENT_3D('',#8369,#6532,#6533);
#6188=AXIS2_PLACEMENT_3D('',#8375,#6537,#6538);
#6189=AXIS2_PLACEMENT_3D('',#8552,#6551,#6552);
#6190=AXIS2_PLACEMENT_3D('',#8558,#6556,#6557);
#6191=AXIS2_PLACEMENT_3D('',#9846,#6628,#6629);
#6192=AXIS2_PLACEMENT_3D('',#9848,#6630,#6631);
#6193=AXIS2_PLACEMENT_3D('',#10192,#6651,#6652);
#6194=AXIS2_PLACEMENT_3D('',#10198,#6656,#6657);
#6195=AXIS2_PLACEMENT_3D('',#10375,#6670,#6671);
#6196=AXIS2_PLACEMENT_3D('',#10381,#6675,#6676);
#6197=AXIS2_PLACEMENT_3D('',#10444,#6683,#6684);
#6198=AXIS2_PLACEMENT_3D('',#10450,#6688,#6689);
#6199=AXIS2_PLACEMENT_3D('',#10852,#6713,#6714);
#6200=AXIS2_PLACEMENT_3D('',#10853,#6715,#6716);
#6201=AXIS2_PLACEMENT_3D('',#10914,#6721,#6722);
#6202=AXIS2_PLACEMENT_3D('',#10920,#6726,#6727);
#6203=AXIS2_PLACEMENT_3D('',#11037,#6736,#6737);
#6204=AXIS2_PLACEMENT_3D('',#11038,#6738,#6739);
#6205=AXIS2_PLACEMENT_3D('',#11039,#6740,#6741);
#6206=AXIS2_PLACEMENT_3D('',#11048,#6746,#6747);
#6207=AXIS2_PLACEMENT_3D('',#11058,#6753,#6754);
#6208=AXIS2_PLACEMENT_3D('',#11062,#6757,#6758);
#6209=AXIS2_PLACEMENT_3D('',#11068,#6762,#6763);
#6210=AXIS2_PLACEMENT_3D('',#11073,#6767,#6768);
#6211=AXIS2_PLACEMENT_3D('',#11079,#6772,#6773);
#6212=AXIS2_PLACEMENT_3D('',#11084,#6775,#6776);
#6213=AXIS2_PLACEMENT_3D('',#11092,#6781,#6782);
#6214=AXIS2_PLACEMENT_3D('',#11098,#6786,#6787);
#6215=AXIS2_PLACEMENT_3D('',#11107,#6792,#6793);
#6216=AXIS2_PLACEMENT_3D('',#11108,#6794,#6795);
#6217=AXIS2_PLACEMENT_3D('',#11115,#6800,#6801);
#6218=AXIS2_PLACEMENT_3D('',#11120,#6803,#6804);
#6219=AXIS2_PLACEMENT_3D('',#11128,#6809,#6810);
#6220=AXIS2_PLACEMENT_3D('',#11134,#6814,#6815);
#6221=AXIS2_PLACEMENT_3D('',#11143,#6820,#6821);
#6222=AXIS2_PLACEMENT_3D('',#11144,#6822,#6823);
#6223=AXIS2_PLACEMENT_3D('',#11151,#6828,#6829);
#6224=AXIS2_PLACEMENT_3D('',#11160,#6834,#6835);
#6225=AXIS2_PLACEMENT_3D('',#11170,#6841,#6842);
#6226=AXIS2_PLACEMENT_3D('',#11174,#6845,#6846);
#6227=AXIS2_PLACEMENT_3D('',#11180,#6850,#6851);
#6228=AXIS2_PLACEMENT_3D('',#11185,#6855,#6856);
#6229=AXIS2_PLACEMENT_3D('',#11191,#6860,#6861);
#6230=AXIS2_PLACEMENT_3D('',#11194,#6862,#6863);
#6231=AXIS2_PLACEMENT_3D('',#11198,#6865,#6866);
#6232=AXIS2_PLACEMENT_3D('',#11200,#6868,#6869);
#6233=AXIS2_PLACEMENT_3D('',#11203,#6870,#6871);
#6234=AXIS2_PLACEMENT_3D('',#11204,#6872,#6873);
#6235=AXIS2_PLACEMENT_3D('',#11205,#6874,#6875);
#6236=AXIS2_PLACEMENT_3D('',#11206,#6876,#6877);
#6237=AXIS2_PLACEMENT_3D('',#11209,#6878,#6879);
#6238=AXIS2_PLACEMENT_3D('',#11210,#6880,#6881);
#6239=AXIS2_PLACEMENT_3D('',#11211,#6882,#6883);
#6240=AXIS2_PLACEMENT_3D('',#11212,#6884,#6885);
#6241=AXIS2_PLACEMENT_3D('',#11215,#6886,#6887);
#6242=AXIS2_PLACEMENT_3D('',#11218,#6890,#6891);
#6243=AXIS2_PLACEMENT_3D('',#11221,#6892,#6893);
#6244=AXIS2_PLACEMENT_3D('',#11224,#6896,#6897);
#6245=AXIS2_PLACEMENT_3D('',#11227,#6898,#6899);
#6246=AXIS2_PLACEMENT_3D('',#11228,#6900,#6901);
#6247=AXIS2_PLACEMENT_3D('',#11229,#6902,#6903);
#6248=AXIS2_PLACEMENT_3D('',#11230,#6904,#6905);
#6249=AXIS2_PLACEMENT_3D('',#11233,#6906,#6907);
#6250=AXIS2_PLACEMENT_3D('',#11234,#6908,#6909);
#6251=AXIS2_PLACEMENT_3D('',#11235,#6910,#6911);
#6252=AXIS2_PLACEMENT_3D('',#11236,#6912,#6913);
#6253=AXIS2_PLACEMENT_3D('',#11239,#6916,#6917);
#6254=AXIS2_PLACEMENT_3D('',#11240,#6918,#6919);
#6255=AXIS2_PLACEMENT_3D('',#11241,#6920,#6921);
#6256=AXIS2_PLACEMENT_3D('',#11242,#6922,#6923);
#6257=AXIS2_PLACEMENT_3D('',#11243,#6924,#6925);
#6258=AXIS2_PLACEMENT_3D('',#11244,#6926,#6927);
#6259=AXIS2_PLACEMENT_3D('',#11245,#6928,#6929);
#6260=AXIS2_PLACEMENT_3D('',#11246,#6930,#6931);
#6261=AXIS2_PLACEMENT_3D('',#11247,#6932,#6933);
#6262=AXIS2_PLACEMENT_3D('',#11248,#6934,#6935);
#6263=AXIS2_PLACEMENT_3D('',#11249,#6936,#6937);
#6264=AXIS2_PLACEMENT_3D('',#11250,#6938,#6939);
#6265=AXIS2_PLACEMENT_3D('',#11251,#6940,#6941);
#6266=AXIS2_PLACEMENT_3D('',#11252,#6942,#6943);
#6267=AXIS2_PLACEMENT_3D('',#11253,#6944,#6945);
#6268=AXIS2_PLACEMENT_3D('',#11255,#6946,#6947);
#6269=AXIS2_PLACEMENT_3D('',#11258,#6949,#6950);
#6270=AXIS2_PLACEMENT_3D('',#11259,#6951,#6952);
#6271=AXIS2_PLACEMENT_3D('',#11261,#6953,#6954);
#6272=AXIS2_PLACEMENT_3D('',#11262,#6955,#6956);
#6273=AXIS2_PLACEMENT_3D('',#11263,#6957,#6958);
#6274=AXIS2_PLACEMENT_3D('',#11264,#6959,#6960);
#6275=AXIS2_PLACEMENT_3D('',#11266,#6961,#6962);
#6276=AXIS2_PLACEMENT_3D('',#11267,#6963,#6964);
#6277=AXIS2_PLACEMENT_3D('',#11268,#6965,#6966);
#6278=AXIS2_PLACEMENT_3D('',#11269,#6967,#6968);
#6279=AXIS2_PLACEMENT_3D('',#11272,#6970,#6971);
#6280=AXIS2_PLACEMENT_3D('',#11273,#6972,#6973);
#6281=AXIS2_PLACEMENT_3D('',#11275,#6974,#6975);
#6282=AXIS2_PLACEMENT_3D('',#11277,#6977,#6978);
#6283=AXIS2_PLACEMENT_3D('',#11279,#6979,#6980);
#6284=AXIS2_PLACEMENT_3D('',#11280,#6981,#6982);
#6285=AXIS2_PLACEMENT_3D('',#11281,#6983,#6984);
#6286=AXIS2_PLACEMENT_3D('',#11282,#6985,#6986);
#6287=AXIS2_PLACEMENT_3D('',#11284,#6987,#6988);
#6288=AXIS2_PLACEMENT_3D('',#11285,#6989,#6990);
#6289=AXIS2_PLACEMENT_3D('',#11286,#6991,#6992);
#6290=AXIS2_PLACEMENT_3D('',#11287,#6993,#6994);
#6291=AXIS2_PLACEMENT_3D('',#11289,#6996,#6997);
#6292=AXIS2_PLACEMENT_3D('',#11293,#6999,#7000);
#6293=AXIS2_PLACEMENT_3D('',#11295,#7002,#7003);
#6294=AXIS2_PLACEMENT_3D('',#11299,#7006,#7007);
#6295=AXIS2_PLACEMENT_3D('',#11302,#7009,#7010);
#6296=AXIS2_PLACEMENT_3D('',#11303,#7011,#7012);
#6297=AXIS2_PLACEMENT_3D('',#11311,#7016,#7017);
#6298=AXIS2_PLACEMENT_3D('',#11314,#7019,#7020);
#6299=AXIS2_PLACEMENT_3D('',#11319,#7022,#7023);
#6300=AXIS2_PLACEMENT_3D('',#11322,#7025,#7026);
#6301=AXIS2_PLACEMENT_3D('',#11327,#7028,#7029);
#6302=AXIS2_PLACEMENT_3D('',#11330,#7031,#7032);
#6303=AXIS2_PLACEMENT_3D('',#11331,#7033,#7034);
#6304=AXIS2_PLACEMENT_3D('',#11333,#7035,#7036);
#6305=AXIS2_PLACEMENT_3D('',#11335,#7037,#7038);
#6306=AXIS2_PLACEMENT_3D('',#11337,#7040,#7041);
#6307=AXIS2_PLACEMENT_3D('',#11339,#7042,#7043);
#6308=AXIS2_PLACEMENT_3D('',#11340,#7044,#7045);
#6309=AXIS2_PLACEMENT_3D('',#11341,#7046,#7047);
#6310=AXIS2_PLACEMENT_3D('',#11344,#7048,#7049);
#6311=AXIS2_PLACEMENT_3D('',#11345,#7050,#7051);
#6312=AXIS2_PLACEMENT_3D('',#11346,#7052,#7053);
#6313=AXIS2_PLACEMENT_3D('',#11347,#7054,#7055);
#6314=AXIS2_PLACEMENT_3D('',#11350,#7057,#7058);
#6315=AXIS2_PLACEMENT_3D('',#11351,#7059,#7060);
#6316=AXIS2_PLACEMENT_3D('',#11355,#7062,#7063);
#6317=AXIS2_PLACEMENT_3D('',#11357,#7065,#7066);
#6318=AXIS2_PLACEMENT_3D('',#11359,#7067,#7068);
#6319=AXIS2_PLACEMENT_3D('',#11360,#7069,#7070);
#6320=AXIS2_PLACEMENT_3D('',#11361,#7071,#7072);
#6321=AXIS2_PLACEMENT_3D('',#11364,#7073,#7074);
#6322=AXIS2_PLACEMENT_3D('',#11365,#7075,#7076);
#6323=AXIS2_PLACEMENT_3D('',#11366,#7077,#7078);
#6324=AXIS2_PLACEMENT_3D('',#11367,#7079,#7080);
#6325=AXIS2_PLACEMENT_3D('',#11384,#7085,#7086);
#6326=AXIS2_PLACEMENT_3D('',#11386,#7087,#7088);
#6327=AXIS2_PLACEMENT_3D('',#11389,#7090,#7091);
#6328=AXIS2_PLACEMENT_3D('',#11391,#7093,#7094);
#6329=AXIS2_PLACEMENT_3D('',#11395,#7096,#7097);
#6330=AXIS2_PLACEMENT_3D('',#11397,#7099,#7100);
#6331=AXIS2_PLACEMENT_3D('',#11401,#7103,#7104);
#6332=AXIS2_PLACEMENT_3D('',#11403,#7105,#7106);
#6333=AXIS2_PLACEMENT_3D('',#11406,#7108,#7109);
#6334=AXIS2_PLACEMENT_3D('',#11407,#7110,#7111);
#6335=AXIS2_PLACEMENT_3D('',#11409,#7112,#7113);
#6336=AXIS2_PLACEMENT_3D('',#11412,#7115,#7116);
#6337=AXIS2_PLACEMENT_3D('',#11413,#7117,#7118);
#6338=AXIS2_PLACEMENT_3D('',#11422,#7123,#7124);
#6339=AXIS2_PLACEMENT_3D('',#11424,#7125,#7126);
#6340=AXIS2_PLACEMENT_3D('',#11426,#7127,#7128);
#6341=AXIS2_PLACEMENT_3D('',#11428,#7130,#7131);
#6342=AXIS2_PLACEMENT_3D('',#11434,#7135,#7136);
#6343=AXIS2_PLACEMENT_3D('',#11435,#7137,#7138);
#6344=AXIS2_PLACEMENT_3D('',#11436,#7139,#7140);
#6345=AXIS2_PLACEMENT_3D('',#11437,#7141,#7142);
#6346=AXIS2_PLACEMENT_3D('',#11446,#7147,#7148);
#6347=AXIS2_PLACEMENT_3D('',#11448,#7149,#7150);
#6348=AXIS2_PLACEMENT_3D('',#11450,#7151,#7152);
#6349=AXIS2_PLACEMENT_3D('',#11452,#7154,#7155);
#6350=AXIS2_PLACEMENT_3D('',#11458,#7159,#7160);
#6351=AXIS2_PLACEMENT_3D('',#11459,#7161,#7162);
#6352=AXIS2_PLACEMENT_3D('',#11460,#7163,#7164);
#6353=AXIS2_PLACEMENT_3D('',#11461,#7165,#7166);
#6354=AXIS2_PLACEMENT_3D('',#11470,#7171,#7172);
#6355=AXIS2_PLACEMENT_3D('',#11472,#7173,#7174);
#6356=AXIS2_PLACEMENT_3D('',#11474,#7175,#7176);
#6357=AXIS2_PLACEMENT_3D('',#11476,#7178,#7179);
#6358=AXIS2_PLACEMENT_3D('',#11482,#7183,#7184);
#6359=AXIS2_PLACEMENT_3D('',#11483,#7185,#7186);
#6360=AXIS2_PLACEMENT_3D('',#11484,#7187,#7188);
#6361=AXIS2_PLACEMENT_3D('',#11485,#7189,#7190);
#6362=AXIS2_PLACEMENT_3D('',#11488,#7192,#7193);
#6363=AXIS2_PLACEMENT_3D('',#11489,#7194,#7195);
#6364=AXIS2_PLACEMENT_3D('',#11491,#7197,#7198);
#6365=AXIS2_PLACEMENT_3D('',#11500,#7203,#7204);
#6366=AXIS2_PLACEMENT_3D('',#11506,#7208,#7209);
#6367=AXIS2_PLACEMENT_3D('',#11509,#7212,#7213);
#6368=AXIS2_PLACEMENT_3D('',#11511,#7214,#7215);
#6369=AXIS2_PLACEMENT_3D('',#11514,#7217,#7218);
#6370=AXIS2_PLACEMENT_3D('',#11515,#7219,#7220);
#6371=AXIS2_PLACEMENT_3D('',#11518,#7222,#7223);
#6372=AXIS2_PLACEMENT_3D('',#11520,#7225,#7226);
#6373=AXIS2_PLACEMENT_3D('',#11521,#7227,#7228);
#6374=AXIS2_PLACEMENT_3D('',#11523,#7230,#7231);
#6375=AXIS2_PLACEMENT_3D('',#11524,#7232,#7233);
#6376=AXIS2_PLACEMENT_3D('',#11526,#7235,#7236);
#6377=AXIS2_PLACEMENT_3D('',#11532,#7240,#7241);
#6378=AXIS2_PLACEMENT_3D('',#11536,#7244,#7245);
#6379=AXIS2_PLACEMENT_3D('',#11538,#7247,#7248);
#6380=AXIS2_PLACEMENT_3D('',#11540,#7250,#7251);
#6381=AXIS2_PLACEMENT_3D('',#11542,#7252,#7253);
#6382=AXIS2_PLACEMENT_3D('',#11545,#7255,#7256);
#6383=AXIS2_PLACEMENT_3D('',#11546,#7257,#7258);
#6384=AXIS2_PLACEMENT_3D('',#11548,#7259,#7260);
#6385=AXIS2_PLACEMENT_3D('',#11550,#7262,#7263);
#6386=AXIS2_PLACEMENT_3D('',#11551,#7264,#7265);
#6387=AXIS2_PLACEMENT_3D('',#11553,#7267,#7268);
#6388=AXIS2_PLACEMENT_3D('',#11554,#7269,#7270);
#6389=AXIS2_PLACEMENT_3D('',#11556,#7272,#7273);
#6390=AXIS2_PLACEMENT_3D('',#11562,#7277,#7278);
#6391=AXIS2_PLACEMENT_3D('',#11566,#7281,#7282);
#6392=AXIS2_PLACEMENT_3D('',#11568,#7284,#7285);
#6393=AXIS2_PLACEMENT_3D('',#11570,#7287,#7288);
#6394=AXIS2_PLACEMENT_3D('',#11572,#7289,#7290);
#6395=AXIS2_PLACEMENT_3D('',#11575,#7292,#7293);
#6396=AXIS2_PLACEMENT_3D('',#11576,#7294,#7295);
#6397=AXIS2_PLACEMENT_3D('',#11578,#7296,#7297);
#6398=AXIS2_PLACEMENT_3D('',#11580,#7299,#7300);
#6399=AXIS2_PLACEMENT_3D('',#11581,#7301,#7302);
#6400=AXIS2_PLACEMENT_3D('',#11583,#7304,#7305);
#6401=AXIS2_PLACEMENT_3D('',#11584,#7306,#7307);
#6402=AXIS2_PLACEMENT_3D('',#11586,#7309,#7310);
#6403=AXIS2_PLACEMENT_3D('',#11588,#7312,#7313);
#6404=AXIS2_PLACEMENT_3D('',#11594,#7317,#7318);
#6405=AXIS2_PLACEMENT_3D('',#11598,#7321,#7322);
#6406=AXIS2_PLACEMENT_3D('',#11600,#7324,#7325);
#6407=AXIS2_PLACEMENT_3D('',#11602,#7327,#7328);
#6408=AXIS2_PLACEMENT_3D('',#11604,#7330,#7331);
#6409=AXIS2_PLACEMENT_3D('',#11605,#7332,#7333);
#6410=AXIS2_PLACEMENT_3D('',#11606,#7334,#7335);
#6411=AXIS2_PLACEMENT_3D('',#11607,#7336,#7337);
#6412=AXIS2_PLACEMENT_3D('',#11608,#7338,#7339);
#6413=AXIS2_PLACEMENT_3D('',#11610,#7341,#7342);
#6414=AXIS2_PLACEMENT_3D('',#11611,#7343,#7344);
#6415=AXIS2_PLACEMENT_3D('',#11612,#7345,#7346);
#6416=AXIS2_PLACEMENT_3D('',#11613,#7347,#7348);
#6417=AXIS2_PLACEMENT_3D('',#11614,#7349,#7350);
#6418=AXIS2_PLACEMENT_3D('',#11615,#7351,#7352);
#6419=AXIS2_PLACEMENT_3D('',#11620,#7354,#7355);
#6420=AXIS2_PLACEMENT_3D('',#11623,#7357,#7358);
#6421=AXIS2_PLACEMENT_3D('',#11628,#7360,#7361);
#6422=AXIS2_PLACEMENT_3D('',#11631,#7363,#7364);
#6423=AXIS2_PLACEMENT_3D('',#11636,#7366,#7367);
#6424=AXIS2_PLACEMENT_3D('',#11639,#7369,#7370);
#6425=AXIS2_PLACEMENT_3D('',#11640,#7371,#7372);
#6426=AXIS2_PLACEMENT_3D('',#11643,#7375,#7376);
#6427=AXIS2_PLACEMENT_3D('',#11645,#7378,#7379);
#6428=AXIS2_PLACEMENT_3D('',#11647,#7381,#7382);
#6429=AXIS2_PLACEMENT_3D('',#11648,#7383,#7384);
#6430=AXIS2_PLACEMENT_3D('',#11651,#7387,#7388);
#6431=AXIS2_PLACEMENT_3D('',#11653,#7390,#7391);
#6432=AXIS2_PLACEMENT_3D('',#11655,#7393,#7394);
#6433=AXIS2_PLACEMENT_3D('',#11656,#7395,#7396);
#6434=AXIS2_PLACEMENT_3D('',#11659,#7399,#7400);
#6435=AXIS2_PLACEMENT_3D('',#11661,#7402,#7403);
#6436=AXIS2_PLACEMENT_3D('',#11663,#7405,#7406);
#6437=AXIS2_PLACEMENT_3D('',#11664,#7407,#7408);
#6438=AXIS2_PLACEMENT_3D('',#11665,#7409,#7410);
#6439=DIRECTION('axis',(0.,0.,1.));
#6440=DIRECTION('refdir',(1.,0.,0.));
#6441=DIRECTION('axis',(0.,0.,1.));
#6442=DIRECTION('refdir',(1.,0.,0.));
#6443=DIRECTION('axis',(0.,0.,1.));
#6444=DIRECTION('refdir',(1.,0.,0.));
#6445=DIRECTION('',(0.,0.,-1.));
#6446=DIRECTION('',(0.,0.,-1.));
#6447=DIRECTION('',(0.,0.,-1.));
#6448=DIRECTION('',(0.,0.,-1.));
#6449=DIRECTION('',(0.,0.,-1.));
#6450=DIRECTION('',(0.,0.,-1.));
#6451=DIRECTION('',(0.,0.,-1.));
#6452=DIRECTION('',(0.,0.,-1.));
#6453=DIRECTION('',(0.,0.,-1.));
#6454=DIRECTION('',(0.,0.,-1.));
#6455=DIRECTION('',(0.,0.,-1.));
#6456=DIRECTION('',(0.,0.,-1.));
#6457=DIRECTION('center_axis',(0.,0.,-1.));
#6458=DIRECTION('ref_axis',(1.,0.,0.));
#6459=DIRECTION('center_axis',(0.,0.,-1.));
#6460=DIRECTION('ref_axis',(1.,0.,0.));
#6461=DIRECTION('',(0.,0.,-1.));
#6462=DIRECTION('',(0.,0.,-1.));
#6463=DIRECTION('',(0.,0.,-1.));
#6464=DIRECTION('',(0.,0.,-1.));
#6465=DIRECTION('',(0.,0.,-1.));
#6466=DIRECTION('',(0.,0.,-1.));
#6467=DIRECTION('',(0.,0.,-1.));
#6468=DIRECTION('',(0.,0.,-1.));
#6469=DIRECTION('center_axis',(0.,0.,-1.));
#6470=DIRECTION('ref_axis',(1.,0.,0.));
#6471=DIRECTION('center_axis',(0.,0.,-1.));
#6472=DIRECTION('ref_axis',(1.,0.,0.));
#6473=DIRECTION('',(0.,0.,-1.));
#6474=DIRECTION('',(0.,0.,-1.));
#6475=DIRECTION('',(0.,0.,-1.));
#6476=DIRECTION('',(0.,0.,-1.));
#6477=DIRECTION('',(0.,0.,-1.));
#6478=DIRECTION('center_axis',(0.0186641567965685,-0.999825809454364,0.));
#6479=DIRECTION('ref_axis',(-0.999825809454364,-0.0186641567965685,0.));
#6480=DIRECTION('',(-0.999825809454364,-0.0186641567965685,0.));
#6481=DIRECTION('',(-0.999825809454364,-0.0186641567965685,0.));
#6482=DIRECTION('',(0.,0.,-1.));
#6483=DIRECTION('center_axis',(-0.988078958170595,0.153947953609367,0.));
#6484=DIRECTION('ref_axis',(0.153947953609367,0.988078958170595,0.));
#6485=DIRECTION('',(0.153947953609367,0.988078958170595,0.));
#6486=DIRECTION('',(0.153947953609367,0.988078958170595,0.));
#6487=DIRECTION('',(0.,0.,-1.));
#6488=DIRECTION('',(0.,0.,-1.));
#6489=DIRECTION('',(0.,0.,-1.));
#6490=DIRECTION('center_axis',(0.957930286032532,0.287000987980236,0.));
#6491=DIRECTION('ref_axis',(0.287000987980236,-0.957930286032532,0.));
#6492=DIRECTION('',(0.287000987980236,-0.957930286032532,0.));
#6493=DIRECTION('',(0.287000987980236,-0.957930286032532,0.));
#6494=DIRECTION('',(0.,0.,-1.));
#6495=DIRECTION('center_axis',(0.711511811682985,-0.702674136307575,0.));
#6496=DIRECTION('ref_axis',(-0.702674136307575,-0.711511811682985,0.));
#6497=DIRECTION('',(-0.702674136307575,-0.711511811682985,0.));
#6498=DIRECTION('',(-0.702674136307575,-0.711511811682985,0.));
#6499=DIRECTION('',(0.,0.,-1.));
#6500=DIRECTION('',(0.,0.,-1.));
#6501=DIRECTION('',(0.,0.,-1.));
#6502=DIRECTION('',(0.,0.,-1.));
#6503=DIRECTION('',(0.,0.,-1.));
#6504=DIRECTION('',(0.,0.,-1.));
#6505=DIRECTION('',(0.,0.,-1.));
#6506=DIRECTION('',(0.,0.,-1.));
#6507=DIRECTION('',(0.,0.,-1.));
#6508=DIRECTION('',(0.,0.,-1.));
#6509=DIRECTION('',(0.,0.,-1.));
#6510=DIRECTION('',(0.,0.,-1.));
#6511=DIRECTION('',(0.,0.,-1.));
#6512=DIRECTION('',(0.,0.,-1.));
#6513=DIRECTION('',(0.,0.,-1.));
#6514=DIRECTION('',(0.,0.,-1.));
#6515=DIRECTION('',(0.,0.,-1.));
#6516=DIRECTION('center_axis',(-0.0187491350428036,0.999824219518184,0.));
#6517=DIRECTION('ref_axis',(0.999824219518184,0.0187491350428036,0.));
#6518=DIRECTION('',(0.999824219518185,0.0187491350428036,0.));
#6519=DIRECTION('',(0.999824219518185,0.0187491350428036,0.));
#6520=DIRECTION('',(0.,0.,-1.));
#6521=DIRECTION('center_axis',(0.944421057130876,0.328738295377642,0.));
#6522=DIRECTION('ref_axis',(0.328738295377642,-0.944421057130876,0.));
#6523=DIRECTION('',(0.328738295377642,-0.944421057130876,0.));
#6524=DIRECTION('',(0.328738295377642,-0.944421057130876,0.));
#6525=DIRECTION('',(0.,0.,-1.));
#6526=DIRECTION('',(0.,0.,-1.));
#6527=DIRECTION('',(0.,0.,-1.));
#6528=DIRECTION('',(0.,0.,-1.));
#6529=DIRECTION('',(0.,0.,-1.));
#6530=DIRECTION('',(0.,0.,-1.));
#6531=DIRECTION('',(0.,0.,-1.));
#6532=DIRECTION('center_axis',(-1.,-4.7077743653037E-17,0.));
#6533=DIRECTION('ref_axis',(-4.7077743653037E-17,1.,0.));
#6534=DIRECTION('',(4.7077743653037E-17,-1.,0.));
#6535=DIRECTION('',(-4.7077743653037E-17,1.,0.));
#6536=DIRECTION('',(0.,0.,-1.));
#6537=DIRECTION('center_axis',(-0.284255437479888,0.958748583447776,0.));
#6538=DIRECTION('ref_axis',(0.958748583447776,0.284255437479888,0.));
#6539=DIRECTION('',(-0.958748583447776,-0.284255437479888,0.));
#6540=DIRECTION('',(0.958748583447776,0.284255437479888,0.));
#6541=DIRECTION('',(0.,0.,-1.));
#6542=DIRECTION('',(0.,0.,-1.));
#6543=DIRECTION('',(0.,0.,-1.));
#6544=DIRECTION('',(0.,0.,-1.));
#6545=DIRECTION('',(0.,0.,-1.));
#6546=DIRECTION('',(0.,0.,-1.));
#6547=DIRECTION('',(0.,0.,-1.));
#6548=DIRECTION('',(0.,0.,-1.));
#6549=DIRECTION('',(0.,0.,-1.));
#6550=DIRECTION('',(0.,0.,-1.));
#6551=DIRECTION('center_axis',(-0.623440584895241,-0.781870729152511,0.));
#6552=DIRECTION('ref_axis',(-0.781870729152511,0.623440584895241,0.));
#6553=DIRECTION('',(0.781870729152511,-0.623440584895241,0.));
#6554=DIRECTION('',(-0.781870729152511,0.623440584895241,0.));
#6555=DIRECTION('',(0.,0.,-1.));
#6556=DIRECTION('center_axis',(-0.99999991162778,0.000420409838858405,0.));
#6557=DIRECTION('ref_axis',(0.000420409838858405,0.99999991162778,0.));
#6558=DIRECTION('',(-0.000420409838858405,-0.99999991162778,0.));
#6559=DIRECTION('',(0.000420409838858405,0.99999991162778,0.));
#6560=DIRECTION('',(0.,0.,-1.));
#6561=DIRECTION('',(0.,0.,-1.));
#6562=DIRECTION('',(0.,0.,-1.));
#6563=DIRECTION('',(0.,0.,-1.));
#6564=DIRECTION('',(0.,0.,-1.));
#6565=DIRECTION('',(0.,0.,-1.));
#6566=DIRECTION('',(0.,0.,-1.));
#6567=DIRECTION('',(0.,0.,-1.));
#6568=DIRECTION('',(0.,0.,-1.));
#6569=DIRECTION('',(0.,0.,-1.));
#6570=DIRECTION('',(0.,0.,-1.));
#6571=DIRECTION('',(0.,0.,-1.));
#6572=DIRECTION('',(0.,0.,-1.));
#6573=DIRECTION('',(0.,0.,-1.));
#6574=DIRECTION('',(0.,0.,-1.));
#6575=DIRECTION('',(0.,0.,-1.));
#6576=DIRECTION('',(0.,0.,-1.));
#6577=DIRECTION('',(0.,0.,-1.));
#6578=DIRECTION('',(0.,0.,-1.));
#6579=DIRECTION('',(0.,0.,-1.));
#6580=DIRECTION('',(0.,0.,-1.));
#6581=DIRECTION('',(0.,0.,-1.));
#6582=DIRECTION('',(0.,0.,-1.));
#6583=DIRECTION('',(0.,0.,-1.));
#6584=DIRECTION('',(0.,0.,-1.));
#6585=DIRECTION('',(0.,0.,-1.));
#6586=DIRECTION('',(0.,0.,-1.));
#6587=DIRECTION('',(0.,0.,-1.));
#6588=DIRECTION('',(0.,0.,-1.));
#6589=DIRECTION('',(0.,0.,-1.));
#6590=DIRECTION('',(0.,0.,-1.));
#6591=DIRECTION('',(0.,0.,-1.));
#6592=DIRECTION('',(0.,0.,-1.));
#6593=DIRECTION('',(0.,0.,-1.));
#6594=DIRECTION('',(0.,0.,-1.));
#6595=DIRECTION('',(0.,0.,-1.));
#6596=DIRECTION('',(0.,0.,-1.));
#6597=DIRECTION('',(0.,0.,-1.));
#6598=DIRECTION('',(0.,0.,-1.));
#6599=DIRECTION('',(0.,0.,-1.));
#6600=DIRECTION('',(0.,0.,-1.));
#6601=DIRECTION('',(0.,0.,-1.));
#6602=DIRECTION('',(0.,0.,-1.));
#6603=DIRECTION('',(0.,0.,-1.));
#6604=DIRECTION('',(0.,0.,-1.));
#6605=DIRECTION('',(0.,0.,-1.));
#6606=DIRECTION('',(0.,0.,-1.));
#6607=DIRECTION('',(0.,0.,-1.));
#6608=DIRECTION('',(0.,0.,-1.));
#6609=DIRECTION('',(0.,0.,-1.));
#6610=DIRECTION('',(0.,0.,-1.));
#6611=DIRECTION('',(0.,0.,-1.));
#6612=DIRECTION('',(0.,0.,-1.));
#6613=DIRECTION('',(0.,0.,-1.));
#6614=DIRECTION('',(0.,0.,-1.));
#6615=DIRECTION('',(0.,0.,-1.));
#6616=DIRECTION('',(0.,0.,-1.));
#6617=DIRECTION('',(0.,0.,-1.));
#6618=DIRECTION('',(0.,0.,-1.));
#6619=DIRECTION('',(0.,0.,-1.));
#6620=DIRECTION('',(0.,0.,-1.));
#6621=DIRECTION('',(0.,0.,-1.));
#6622=DIRECTION('',(0.,0.,-1.));
#6623=DIRECTION('',(0.,0.,-1.));
#6624=DIRECTION('',(0.,0.,-1.));
#6625=DIRECTION('',(0.,0.,-1.));
#6626=DIRECTION('',(0.,0.,-1.));
#6627=DIRECTION('',(0.,0.,-1.));
#6628=DIRECTION('center_axis',(0.,0.,-1.));
#6629=DIRECTION('ref_axis',(-0.364715858387241,0.931118866010596,0.));
#6630=DIRECTION('center_axis',(0.,0.,1.));
#6631=DIRECTION('ref_axis',(0.364715858387247,-0.931118866010593,0.));
#6632=DIRECTION('',(0.,0.,-1.));
#6633=DIRECTION('',(0.,0.,-1.));
#6634=DIRECTION('',(0.,0.,-1.));
#6635=DIRECTION('',(0.,0.,-1.));
#6636=DIRECTION('',(0.,0.,-1.));
#6637=DIRECTION('',(0.,0.,-1.));
#6638=DIRECTION('',(0.,0.,-1.));
#6639=DIRECTION('',(0.,0.,-1.));
#6640=DIRECTION('',(0.,0.,-1.));
#6641=DIRECTION('',(0.,0.,-1.));
#6642=DIRECTION('',(0.,0.,-1.));
#6643=DIRECTION('',(0.,0.,-1.));
#6644=DIRECTION('',(0.,0.,-1.));
#6645=DIRECTION('',(0.,0.,-1.));
#6646=DIRECTION('',(0.,0.,-1.));
#6647=DIRECTION('',(0.,0.,-1.));
#6648=DIRECTION('',(0.,0.,-1.));
#6649=DIRECTION('',(0.,0.,-1.));
#6650=DIRECTION('',(0.,0.,-1.));
#6651=DIRECTION('center_axis',(-0.135799682171289,0.990736315233361,0.));
#6652=DIRECTION('ref_axis',(0.990736315233361,0.135799682171289,0.));
#6653=DIRECTION('',(-0.990736315233361,-0.135799682171289,0.));
#6654=DIRECTION('',(0.990736315233361,0.135799682171289,0.));
#6655=DIRECTION('',(0.,0.,-1.));
#6656=DIRECTION('center_axis',(0.804100683197048,-0.594493138128642,0.));
#6657=DIRECTION('ref_axis',(-0.594493138128642,-0.804100683197048,0.));
#6658=DIRECTION('',(0.594493138128642,0.804100683197048,0.));
#6659=DIRECTION('',(-0.594493138128642,-0.804100683197048,0.));
#6660=DIRECTION('',(0.,0.,-1.));
#6661=DIRECTION('',(0.,0.,-1.));
#6662=DIRECTION('',(0.,0.,-1.));
#6663=DIRECTION('',(0.,0.,-1.));
#6664=DIRECTION('',(0.,0.,-1.));
#6665=DIRECTION('',(0.,0.,-1.));
#6666=DIRECTION('',(0.,0.,-1.));
#6667=DIRECTION('',(0.,0.,-1.));
#6668=DIRECTION('',(0.,0.,-1.));
#6669=DIRECTION('',(0.,0.,-1.));
#6670=DIRECTION('center_axis',(-0.297887724644572,0.954600913212469,0.));
#6671=DIRECTION('ref_axis',(0.954600913212469,0.297887724644572,0.));
#6672=DIRECTION('',(-0.954600913212469,-0.297887724644572,0.));
#6673=DIRECTION('',(0.954600913212469,0.297887724644572,0.));
#6674=DIRECTION('',(0.,0.,-1.));
#6675=DIRECTION('center_axis',(0.861261395220321,-0.508162187793569,0.));
#6676=DIRECTION('ref_axis',(-0.508162187793569,-0.861261395220321,0.));
#6677=DIRECTION('',(0.508162187793569,0.861261395220321,0.));
#6678=DIRECTION('',(-0.508162187793569,-0.861261395220321,0.));
#6679=DIRECTION('',(0.,0.,-1.));
#6680=DIRECTION('',(0.,0.,-1.));
#6681=DIRECTION('',(0.,0.,-1.));
#6682=DIRECTION('',(0.,0.,-1.));
#6683=DIRECTION('center_axis',(-0.742024764872483,0.670372469837431,0.));
#6684=DIRECTION('ref_axis',(0.670372469837431,0.742024764872483,0.));
#6685=DIRECTION('',(-0.670372469837431,-0.742024764872482,0.));
#6686=DIRECTION('',(0.670372469837431,0.742024764872482,0.));
#6687=DIRECTION('',(0.,0.,-1.));
#6688=DIRECTION('center_axis',(0.684698376032219,0.728826545797313,0.));
#6689=DIRECTION('ref_axis',(0.728826545797313,-0.684698376032219,0.));
#6690=DIRECTION('',(-0.728826545797313,0.684698376032219,0.));
#6691=DIRECTION('',(0.728826545797313,-0.684698376032219,0.));
#6692=DIRECTION('',(0.,0.,-1.));
#6693=DIRECTION('',(0.,0.,-1.));
#6694=DIRECTION('',(0.,0.,-1.));
#6695=DIRECTION('',(0.,0.,-1.));
#6696=DIRECTION('',(0.,0.,-1.));
#6697=DIRECTION('',(0.,0.,-1.));
#6698=DIRECTION('',(0.,0.,-1.));
#6699=DIRECTION('',(0.,0.,-1.));
#6700=DIRECTION('',(0.,0.,-1.));
#6701=DIRECTION('',(0.,0.,-1.));
#6702=DIRECTION('',(0.,0.,-1.));
#6703=DIRECTION('',(0.,0.,-1.));
#6704=DIRECTION('',(0.,0.,-1.));
#6705=DIRECTION('',(0.,0.,-1.));
#6706=DIRECTION('',(0.,0.,-1.));
#6707=DIRECTION('',(0.,0.,-1.));
#6708=DIRECTION('',(0.,0.,-1.));
#6709=DIRECTION('',(0.,0.,-1.));
#6710=DIRECTION('',(0.,0.,-1.));
#6711=DIRECTION('',(0.,0.,-1.));
#6712=DIRECTION('',(0.,0.,-1.));
#6713=DIRECTION('center_axis',(0.,0.,-1.));
#6714=DIRECTION('ref_axis',(1.,0.,0.));
#6715=DIRECTION('center_axis',(0.,0.,-1.));
#6716=DIRECTION('ref_axis',(1.,0.,0.));
#6717=DIRECTION('',(0.,0.,-1.));
#6718=DIRECTION('',(0.,0.,-1.));
#6719=DIRECTION('',(0.,0.,-1.));
#6720=DIRECTION('',(0.,0.,-1.));
#6721=DIRECTION('center_axis',(0.684699522652674,0.728825468599445,0.));
#6722=DIRECTION('ref_axis',(0.728825468599445,-0.684699522652674,0.));
#6723=DIRECTION('',(-0.728825468599445,0.684699522652674,0.));
#6724=DIRECTION('',(0.728825468599445,-0.684699522652674,0.));
#6725=DIRECTION('',(0.,0.,-1.));
#6726=DIRECTION('center_axis',(-0.254108333183533,0.967175762210099,0.));
#6727=DIRECTION('ref_axis',(0.967175762210099,0.254108333183533,0.));
#6728=DIRECTION('',(-0.967175762210099,-0.254108333183533,0.));
#6729=DIRECTION('',(0.967175762210099,0.254108333183533,0.));
#6730=DIRECTION('',(0.,0.,-1.));
#6731=DIRECTION('',(0.,0.,-1.));
#6732=DIRECTION('',(0.,0.,-1.));
#6733=DIRECTION('',(0.,0.,-1.));
#6734=DIRECTION('',(0.,0.,-1.));
#6735=DIRECTION('',(0.,0.,-1.));
#6736=DIRECTION('center_axis',(0.,0.,-1.));
#6737=DIRECTION('ref_axis',(1.,0.,0.));
#6738=DIRECTION('center_axis',(0.,0.,-1.));
#6739=DIRECTION('ref_axis',(1.,0.,0.));
#6740=DIRECTION('center_axis',(0.,1.,0.));
#6741=DIRECTION('ref_axis',(0.,0.,1.));
#6742=DIRECTION('',(1.,0.,0.));
#6743=DIRECTION('',(-5.10725033098738E-34,8.34077275920412E-18,1.));
#6744=DIRECTION('',(1.,0.,0.));
#6745=DIRECTION('',(5.10725033098738E-34,-8.34077275920412E-18,-1.));
#6746=DIRECTION('center_axis',(-1.,0.,-5.10725033098738E-34));
#6747=DIRECTION('ref_axis',(-5.10725033098738E-34,8.34077275920412E-18,
1.));
#6748=DIRECTION('',(0.,1.,0.));
#6749=DIRECTION('',(0.,0.,-1.));
#6750=DIRECTION('',(0.,1.,0.));
#6751=DIRECTION('',(5.10725033098738E-34,-8.34077275920412E-18,-1.));
#6752=DIRECTION('',(0.,1.,0.));
#6753=DIRECTION('center_axis',(0.,0.,1.));
#6754=DIRECTION('ref_axis',(1.,0.,0.));
#6755=DIRECTION('',(-1.,0.,0.));
#6756=DIRECTION('',(0.,1.,0.));
#6757=DIRECTION('center_axis',(0.,0.,-1.));
#6758=DIRECTION('ref_axis',(-1.,0.,0.));
#6759=DIRECTION('',(-1.,-1.75529331956547E-16,0.));
#6760=DIRECTION('',(0.,1.,0.));
#6761=DIRECTION('',(-1.,0.,0.));
#6762=DIRECTION('center_axis',(1.,0.,5.10725033098738E-34));
#6763=DIRECTION('ref_axis',(5.10725033098738E-34,-8.34077275920412E-18,
-1.));
#6764=DIRECTION('',(0.,-1.,0.));
#6765=DIRECTION('',(5.10725033098738E-34,-8.34077275920412E-18,-1.));
#6766=DIRECTION('',(0.,0.,-1.));
#6767=DIRECTION('center_axis',(1.75529331956547E-16,-1.,0.));
#6768=DIRECTION('ref_axis',(-1.,-1.75529331956547E-16,0.));
#6769=DIRECTION('',(0.,0.,-1.));
#6770=DIRECTION('',(-1.,-1.75529331956547E-16,0.));
#6771=DIRECTION('',(0.,0.,-1.));
#6772=DIRECTION('center_axis',(-1.,0.,0.));
#6773=DIRECTION('ref_axis',(0.,0.,1.));
#6774=DIRECTION('',(3.07512528255778E-32,8.08229968240843E-18,-1.));
#6775=DIRECTION('center_axis',(1.,-6.66133814775093E-15,-9.4725164240863E-16));
#6776=DIRECTION('ref_axis',(-1.77493703674728E-30,0.140785104141261,-0.990040178200832));
#6777=DIRECTION('',(0.,0.,1.));
#6778=DIRECTION('',(0.,1.,0.));
#6779=DIRECTION('',(0.,0.,-1.));
#6780=DIRECTION('',(0.,1.,0.));
#6781=DIRECTION('center_axis',(0.,1.,0.));
#6782=DIRECTION('ref_axis',(0.,0.,1.));
#6783=DIRECTION('',(-1.,-2.48540840945829E-49,-2.008781559842E-66));
#6784=DIRECTION('',(0.,0.,-1.));
#6785=DIRECTION('',(-1.,-3.8518598887745E-34,0.));
#6786=DIRECTION('center_axis',(1.,0.,0.));
#6787=DIRECTION('ref_axis',(0.,0.,-1.));
#6788=DIRECTION('',(3.07512528255778E-32,8.08229968240843E-18,-1.));
#6789=DIRECTION('',(0.,1.,0.));
#6790=DIRECTION('',(0.,0.,-1.));
#6791=DIRECTION('',(0.,1.,0.));
#6792=DIRECTION('center_axis',(1.,-6.66133814775093E-15,-9.4725164240863E-16));
#6793=DIRECTION('ref_axis',(-1.77493703674728E-30,0.140785104141261,-0.990040178200832));
#6794=DIRECTION('center_axis',(2.48540840945829E-49,-1.,-8.08229968240843E-18));
#6795=DIRECTION('ref_axis',(3.07512528255778E-32,8.08229968240843E-18,-1.));
#6796=DIRECTION('',(1.,2.48540840945829E-49,0.));
#6797=DIRECTION('',(3.07512528255778E-32,8.08229968240843E-18,-1.));
#6798=DIRECTION('',(1.,0.,0.));
#6799=DIRECTION('',(3.07512528255778E-32,8.08229968240843E-18,-1.));
#6800=DIRECTION('center_axis',(0.,1.,0.));
#6801=DIRECTION('ref_axis',(0.,0.,1.));
#6802=DIRECTION('',(-3.08148791101958E-33,-3.07512528255778E-32,-1.));
#6803=DIRECTION('center_axis',(-8.88178419700134E-15,-1.,-1.26300218987809E-15));
#6804=DIRECTION('ref_axis',(0.14078510414125,4.33873497871557E-30,-0.990040178200833));
#6805=DIRECTION('',(0.,0.,1.));
#6806=DIRECTION('',(1.,0.,0.));
#6807=DIRECTION('',(0.,0.,-1.));
#6808=DIRECTION('',(1.,0.,0.));
#6809=DIRECTION('center_axis',(1.,0.,0.));
#6810=DIRECTION('ref_axis',(0.,0.,-1.));
#6811=DIRECTION('',(-1.40312546556102E-16,1.,-3.07512528255778E-32));
#6812=DIRECTION('',(0.,0.,-1.));
#6813=DIRECTION('',(-1.75390683195127E-16,1.,0.));
#6814=DIRECTION('center_axis',(0.,-1.,0.));
#6815=DIRECTION('ref_axis',(0.,0.,-1.));
#6816=DIRECTION('',(0.,0.,-1.));
#6817=DIRECTION('',(1.,0.,0.));
#6818=DIRECTION('',(0.,0.,-1.));
#6819=DIRECTION('',(1.,0.,0.));
#6820=DIRECTION('center_axis',(-1.33226762955019E-14,1.,1.15621993711424E-14));
#6821=DIRECTION('ref_axis',(1.,1.33226762955019E-14,-2.77555756156289E-16));
#6822=DIRECTION('center_axis',(-1.,-1.40312546556102E-16,0.));
#6823=DIRECTION('ref_axis',(0.,0.,-1.));
#6824=DIRECTION('',(1.40312546556102E-16,-1.,0.));
#6825=DIRECTION('',(0.,0.,-1.));
#6826=DIRECTION('',(1.99327782198736E-16,-1.,3.07512528255778E-32));
#6827=DIRECTION('',(-3.08148791101958E-33,-3.07512528255778E-32,-1.));
#6828=DIRECTION('center_axis',(1.,0.,0.));
#6829=DIRECTION('ref_axis',(0.,0.,-1.));
#6830=DIRECTION('',(0.,-1.,0.));
#6831=DIRECTION('',(1.64230724416126E-17,-2.76568888676362E-32,1.));
#6832=DIRECTION('',(2.10468819834153E-16,-1.,0.));
#6833=DIRECTION('',(-1.64230724416126E-17,2.76568888676362E-32,-1.));
#6834=DIRECTION('center_axis',(0.,1.,2.76568888676362E-32));
#6835=DIRECTION('ref_axis',(1.64230724416126E-17,-2.76568888676362E-32,
1.));
#6836=DIRECTION('',(1.,0.,0.));
#6837=DIRECTION('',(0.,0.,-1.));
#6838=DIRECTION('',(1.,0.,0.));
#6839=DIRECTION('',(-1.64230724416126E-17,2.76568888676362E-32,-1.));
#6840=DIRECTION('',(1.,0.,0.));
#6841=DIRECTION('center_axis',(0.,0.,1.));
#6842=DIRECTION('ref_axis',(2.10468819834153E-16,-1.,0.));
#6843=DIRECTION('',(-2.10468819834153E-16,1.,0.));
#6844=DIRECTION('',(1.,0.,0.));
#6845=DIRECTION('center_axis',(0.,0.,-1.));
#6846=DIRECTION('ref_axis',(-2.10468819834153E-16,1.,0.));
#6847=DIRECTION('',(-2.80625093112204E-16,1.,0.));
#6848=DIRECTION('',(1.,0.,0.));
#6849=DIRECTION('',(-2.10468819834153E-16,1.,0.));
#6850=DIRECTION('center_axis',(0.,-1.,-2.76568888676362E-32));
#6851=DIRECTION('ref_axis',(-1.64230724416126E-17,2.76568888676362E-32,
-1.));
#6852=DIRECTION('',(-1.,0.,0.));
#6853=DIRECTION('',(-1.64230724416126E-17,2.76568888676362E-32,-1.));
#6854=DIRECTION('',(0.,0.,-1.));
#6855=DIRECTION('center_axis',(-1.,-2.80625093112204E-16,0.));
#6856=DIRECTION('ref_axis',(-2.80625093112204E-16,1.,0.));
#6857=DIRECTION('',(0.,0.,-1.));
#6858=DIRECTION('',(-2.80625093112204E-16,1.,0.));
#6859=DIRECTION('',(0.,0.,-1.));
#6860=DIRECTION('center_axis',(-3.8518598887745E-34,1.,0.));
#6861=DIRECTION('ref_axis',(0.997258241379834,3.84129901872078E-34,-0.0739999999999999));
#6862=DIRECTION('center_axis',(3.8518598887745E-34,-1.,0.));
#6863=DIRECTION('ref_axis',(0.,0.,-1.));
#6864=DIRECTION('',(3.8518598887745E-34,-1.,0.));
#6865=DIRECTION('center_axis',(1.48448589194692E-13,1.,-1.59872115546023E-13));
#6866=DIRECTION('ref_axis',(0.997258241379834,-1.59872115546022E-13,-0.0739999999999993));
#6867=DIRECTION('',(-3.8518598887745E-34,1.,0.));
#6868=DIRECTION('center_axis',(0.,0.,-1.));
#6869=DIRECTION('ref_axis',(1.,0.,0.));
#6870=DIRECTION('center_axis',(-1.,-3.8518598887745E-34,0.));
#6871=DIRECTION('ref_axis',(0.,0.,-1.));
#6872=DIRECTION('center_axis',(0.,0.,1.));
#6873=DIRECTION('ref_axis',(-1.,-3.8518598887745E-34,0.));
#6874=DIRECTION('center_axis',(0.,0.,-1.));
#6875=DIRECTION('ref_axis',(1.,3.85185988877449E-34,0.));
#6876=DIRECTION('center_axis',(0.,0.,-1.));
#6877=DIRECTION('ref_axis',(1.,-8.65756312338818E-15,0.));
#6878=DIRECTION('center_axis',(-1.,-8.90620285545309E-15,0.));
#6879=DIRECTION('ref_axis',(-8.88178419700121E-15,0.997258241379834,-0.0739999999999993));
#6880=DIRECTION('center_axis',(0.,0.,-1.));
#6881=DIRECTION('ref_axis',(1.,-8.55056465937885E-15,0.));
#6882=DIRECTION('center_axis',(0.,0.,1.));
#6883=DIRECTION('ref_axis',(-5.01795717344703E-16,-1.,0.));
#6884=DIRECTION('center_axis',(1.,-2.22044604925031E-16,0.));
#6885=DIRECTION('ref_axis',(-2.21435812215417E-16,-0.997258241379834,-0.0739999999999999));
#6886=DIRECTION('center_axis',(-1.,-3.8518598887745E-34,0.));
#6887=DIRECTION('ref_axis',(0.,0.,-1.));
#6888=DIRECTION('',(-1.,2.22044604925031E-16,0.));
#6889=DIRECTION('',(1.,-2.22044604925031E-16,0.));
#6890=DIRECTION('center_axis',(-1.,-4.44089209850063E-16,0.));
#6891=DIRECTION('ref_axis',(-4.42871624430834E-16,0.997258241379834,-0.0739999999999993));
#6892=DIRECTION('center_axis',(-1.,-1.73190020727138E-13,1.86517468137026E-13));
#6893=DIRECTION('ref_axis',(-1.86517468137022E-13,0.997258241379835,-0.073999999999998));
#6894=DIRECTION('',(-1.,-4.44089209850063E-16,0.));
#6895=DIRECTION('',(1.,4.44089209850063E-16,0.));
#6896=DIRECTION('center_axis',(0.,0.,-1.));
#6897=DIRECTION('ref_axis',(0.,-1.,0.));
#6898=DIRECTION('center_axis',(-3.8518598887745E-34,1.,0.));
#6899=DIRECTION('ref_axis',(4.44089209850063E-15,1.71056941445902E-48,-1.));
#6900=DIRECTION('center_axis',(0.,0.,1.));
#6901=DIRECTION('ref_axis',(-3.8518598887745E-34,1.,0.));
#6902=DIRECTION('center_axis',(0.,0.,-1.));
#6903=DIRECTION('ref_axis',(3.8518598887745E-34,-1.,0.));
#6904=DIRECTION('center_axis',(0.,0.,-1.));
#6905=DIRECTION('ref_axis',(-9.10847786939799E-15,1.,0.));
#6906=DIRECTION('center_axis',(3.8518598887745E-34,-1.,0.));
#6907=DIRECTION('ref_axis',(-0.997258241379834,-3.84129901872078E-34,-0.0739999999999996));
#6908=DIRECTION('center_axis',(0.,0.,-1.));
#6909=DIRECTION('ref_axis',(-9.14435387183573E-15,1.,0.));
#6910=DIRECTION('center_axis',(0.,0.,1.));
#6911=DIRECTION('ref_axis',(1.,3.8518598887745E-34,0.));
#6912=DIRECTION('center_axis',(-1.66533453693774E-16,-1.,0.));
#6913=DIRECTION('ref_axis',(-0.997258241379834,1.66076859161563E-16,-0.0739999999999996));
#6914=DIRECTION('',(1.66533453693774E-16,1.,0.));
#6915=DIRECTION('',(-1.66533453693774E-16,-1.,0.));
#6916=DIRECTION('center_axis',(0.,0.,-1.));
#6917=DIRECTION('ref_axis',(1.,3.8518598887745E-34,0.));
#6918=DIRECTION('center_axis',(0.,0.,-1.));
#6919=DIRECTION('ref_axis',(-3.8518598887745E-34,1.,0.));
#6920=DIRECTION('center_axis',(0.,0.,-1.));
#6921=DIRECTION('ref_axis',(1.,3.8518598887745E-34,0.));
#6922=DIRECTION('center_axis',(0.,0.,-1.));
#6923=DIRECTION('ref_axis',(4.77515279408671E-16,-1.,0.));
#6924=DIRECTION('center_axis',(0.,0.,-1.));
#6925=DIRECTION('ref_axis',(-1.,-3.8518598887745E-34,0.));
#6926=DIRECTION('center_axis',(0.,0.,-1.));
#6927=DIRECTION('ref_axis',(-1.,-3.8518598887745E-34,0.));
#6928=DIRECTION('center_axis',(0.,0.,-1.));
#6929=DIRECTION('ref_axis',(-1.,-3.8518598887745E-34,0.));
#6930=DIRECTION('center_axis',(0.,0.,-1.));
#6931=DIRECTION('ref_axis',(4.77515279408671E-16,-1.,0.));
#6932=DIRECTION('center_axis',(0.,0.,-1.));
#6933=DIRECTION('ref_axis',(4.77515279408671E-16,-1.,0.));
#6934=DIRECTION('center_axis',(0.,0.,-1.));
#6935=DIRECTION('ref_axis',(1.,3.8518598887745E-34,0.));
#6936=DIRECTION('center_axis',(0.,0.,-1.));
#6937=DIRECTION('ref_axis',(1.,3.8518598887745E-34,0.));
#6938=DIRECTION('center_axis',(0.,0.,-1.));
#6939=DIRECTION('ref_axis',(-3.8518598887745E-34,1.,0.));
#6940=DIRECTION('center_axis',(0.,0.,-1.));
#6941=DIRECTION('ref_axis',(-3.8518598887745E-34,1.,0.));
#6942=DIRECTION('center_axis',(0.,0.,-1.));
#6943=DIRECTION('ref_axis',(1.,3.8518598887745E-34,0.));
#6944=DIRECTION('center_axis',(1.40312546556102E-16,-1.,3.07512528255778E-32));
#6945=DIRECTION('ref_axis',(0.14078510414125,1.97539164792248E-17,-0.990040178200833));
#6946=DIRECTION('center_axis',(-8.88178419700134E-15,-1.,-1.26300218987809E-15));
#6947=DIRECTION('ref_axis',(0.14078510414125,4.33873497871557E-30,-0.990040178200833));
#6948=DIRECTION('',(1.40312546556102E-16,-1.,3.07512528255778E-32));
#6949=DIRECTION('center_axis',(-1.33226762955019E-14,1.,1.15621993711424E-14));
#6950=DIRECTION('ref_axis',(1.,1.33226762955019E-14,-2.77555756156289E-16));
#6951=DIRECTION('center_axis',(6.12508235275004E-16,-5.73667368222116E-16,
1.));
#6952=DIRECTION('ref_axis',(-1.,1.92682183551784E-15,6.42273945172612E-16));
#6953=DIRECTION('center_axis',(1.,2.22044604925031E-15,-3.15750547469543E-16));
#6954=DIRECTION('ref_axis',(2.22044604925031E-15,-1.,0.));
#6955=DIRECTION('center_axis',(-5.73667368222117E-16,5.73667368222116E-16,
-1.));
#6956=DIRECTION('ref_axis',(1.,9.50483216833924E-16,-5.73667368222116E-16));
#6957=DIRECTION('center_axis',(-6.12508235275004E-16,5.73667368222116E-16,
-1.));
#6958=DIRECTION('ref_axis',(-1.,1.60568486293153E-15,6.12508235275005E-16));
#6959=DIRECTION('center_axis',(6.12508235275005E-16,5.73667368222119E-16,
1.));
#6960=DIRECTION('ref_axis',(-1.,-1.92682183551784E-15,6.02131823599325E-16));
#6961=DIRECTION('center_axis',(1.,-6.66133814775093E-15,-9.4725164240863E-16));
#6962=DIRECTION('ref_axis',(-1.77493703674728E-30,0.140785104141261,-0.990040178200832));
#6963=DIRECTION('center_axis',(-6.12508235275005E-16,-5.73667368222119E-16,
-1.));
#6964=DIRECTION('ref_axis',(-1.,-1.60568486293153E-15,6.12508235275006E-16));
#6965=DIRECTION('center_axis',(-5.73667368222116E-16,-5.73667368222119E-16,
-1.));
#6966=DIRECTION('ref_axis',(-2.37620804208481E-15,1.,-5.73667368222118E-16));
#6967=DIRECTION('center_axis',(-1.,4.25984144351358E-51,-3.55303694705868E-68));
#6968=DIRECTION('ref_axis',(-5.99722221250319E-52,-0.140785104141261,-0.990040178200832));
#6969=DIRECTION('',(-1.,4.25984144351358E-51,-3.55303694705868E-68));
#6970=DIRECTION('center_axis',(1.,2.22044604925031E-15,-3.15750547469543E-16));
#6971=DIRECTION('ref_axis',(2.22044604925031E-15,-1.,2.77555756156289E-16));
#6972=DIRECTION('center_axis',(1.,2.48540840945829E-49,2.008781559842E-66));
#6973=DIRECTION('ref_axis',(-3.49908481759151E-50,0.140785104141261,-0.990040178200832));
#6974=DIRECTION('center_axis',(1.,-6.66133814775093E-15,-9.4725164240863E-16));
#6975=DIRECTION('ref_axis',(-1.77493703674728E-30,0.140785104141261,-0.990040178200832));
#6976=DIRECTION('',(1.,2.48540840945829E-49,2.008781559842E-66));
#6977=DIRECTION('center_axis',(-5.73667368222116E-16,-6.12508235275008E-16,
1.));
#6978=DIRECTION('ref_axis',(-2.24795880810415E-15,1.,6.42273945172613E-16));
#6979=DIRECTION('center_axis',(0.,-1.,8.97113510397309E-15));
#6980=DIRECTION('ref_axis',(-1.,0.,0.));
#6981=DIRECTION('center_axis',(5.73667368222115E-16,5.73667368222116E-16,
-1.));
#6982=DIRECTION('ref_axis',(2.37620804208482E-15,-1.,-5.73667368222115E-16));
#6983=DIRECTION('center_axis',(5.73667368222116E-16,6.12508235275008E-16,
-1.));
#6984=DIRECTION('ref_axis',(-2.4085272943973E-15,1.,6.12508235275007E-16));
#6985=DIRECTION('center_axis',(0.,0.,1.));
#6986=DIRECTION('ref_axis',(1.92682183551784E-15,-1.,0.));
#6987=DIRECTION('center_axis',(8.88178419700123E-15,1.,-1.26300218987819E-15));
#6988=DIRECTION('ref_axis',(-0.140785104141263,-9.86076131526265E-31,-0.990040178200831));
#6989=DIRECTION('center_axis',(0.,0.,-1.));
#6990=DIRECTION('ref_axis',(2.00710607866442E-15,-1.,0.));
#6991=DIRECTION('center_axis',(0.,0.,-1.));
#6992=DIRECTION('ref_axis',(-1.,-1.90096643366785E-15,0.));
#6993=DIRECTION('center_axis',(-2.10468819834153E-16,1.,6.84227765783602E-49));
#6994=DIRECTION('ref_axis',(-0.140785104141261,-2.96308747188395E-17,-0.990040178200832));
#6995=DIRECTION('',(-2.10468819834153E-16,1.,6.84227765783602E-49));
#6996=DIRECTION('center_axis',(0.,0.,-1.));
#6997=DIRECTION('ref_axis',(4.25984144351358E-51,-1.,0.));
#6998=DIRECTION('',(-5.10725033098738E-34,8.34077275920412E-18,1.));
#6999=DIRECTION('center_axis',(1.43416842055529E-16,1.53127058818752E-16,
1.));
#7000=DIRECTION('ref_axis',(-2.4085272943973E-15,1.,-1.53127058818752E-16));
#7001=DIRECTION('',(1.64230724416126E-17,-2.76568888676362E-32,1.));
#7002=DIRECTION('center_axis',(-4.25984144351358E-51,-1.,8.34077275920412E-18));
#7003=DIRECTION('ref_axis',(-5.10725033098738E-34,8.34077275920412E-18,
1.));
#7004=DIRECTION('',(-5.10725033098738E-34,8.34077275920412E-18,1.));
#7005=DIRECTION('',(1.,-4.25984144351358E-51,3.55303694705868E-68));
#7006=DIRECTION('center_axis',(0.,0.,-1.));
#7007=DIRECTION('ref_axis',(1.,0.,0.));
#7008=DIRECTION('',(0.,0.,1.));
#7009=DIRECTION('center_axis',(-1.53127058818752E-16,1.43416842055529E-16,
1.));
#7010=DIRECTION('ref_axis',(-1.,-1.60568486293153E-15,-1.53127058818752E-16));
#7011=DIRECTION('center_axis',(1.,1.40312546556102E-16,0.));
#7012=DIRECTION('ref_axis',(0.,0.,1.));
#7013=DIRECTION('',(3.08148791101958E-33,3.07512528255778E-32,1.));
#7014=DIRECTION('',(-1.40312546556102E-16,1.,-3.07512528255778E-32));
#7015=DIRECTION('',(1.40312546556102E-16,-1.,0.));
#7016=DIRECTION('center_axis',(-1.,-1.40312546556102E-16,0.));
#7017=DIRECTION('ref_axis',(0.,0.,1.));
#7018=DIRECTION('',(-1.40312546556102E-16,1.,0.));
#7019=DIRECTION('center_axis',(-1.,-1.40312546556102E-16,0.));
#7020=DIRECTION('ref_axis',(0.,0.,-1.));
#7021=DIRECTION('',(1.40312546556102E-16,-1.,0.));
#7022=DIRECTION('center_axis',(-1.,-1.40312546556102E-16,0.));
#7023=DIRECTION('ref_axis',(0.,0.,1.));
#7024=DIRECTION('',(-1.40312546556102E-16,1.,0.));
#7025=DIRECTION('center_axis',(-1.,-1.40312546556102E-16,0.));
#7026=DIRECTION('ref_axis',(0.,0.,-1.));
#7027=DIRECTION('',(1.40312546556102E-16,-1.,1.92970398254662E-16));
#7028=DIRECTION('center_axis',(-1.,-1.40312546556102E-16,0.));
#7029=DIRECTION('ref_axis',(0.,0.,1.));
#7030=DIRECTION('',(-1.40312546556102E-16,1.,1.92970398254662E-16));
#7031=DIRECTION('center_axis',(-1.,-1.40312546556102E-16,0.));
#7032=DIRECTION('ref_axis',(0.,0.,-1.));
#7033=DIRECTION('center_axis',(-1.40312546556102E-16,1.,-3.07512528255778E-32));
#7034=DIRECTION('ref_axis',(0.140785104141266,1.97539164792271E-17,0.990040178200831));
#7035=DIRECTION('center_axis',(-4.44089209850062E-15,1.,-3.85406645704739E-15));
#7036=DIRECTION('ref_axis',(0.140785104141276,4.44089209850062E-15,0.990040178200829));
#7037=DIRECTION('center_axis',(0.,-1.,8.97113510397309E-15));
#7038=DIRECTION('ref_axis',(1.,0.,0.));
#7039=DIRECTION('',(1.99327782198736E-16,-1.,3.07512528255778E-32));
#7040=DIRECTION('center_axis',(1.53127058818752E-16,-1.43416842055529E-16,
-1.));
#7041=DIRECTION('ref_axis',(-1.,-2.56909578069045E-15,-1.60568486293153E-16));
#7042=DIRECTION('center_axis',(1.,2.22044604925031E-15,3.15750547469574E-16));
#7043=DIRECTION('ref_axis',(-1.38050658413677E-30,-0.140785104141274,0.99004017820083));
#7044=DIRECTION('center_axis',(1.43416842055529E-16,-1.43416842055528E-16,
-1.));
#7045=DIRECTION('ref_axis',(1.,2.85144965050177E-15,1.43416842055529E-16));
#7046=DIRECTION('center_axis',(1.53127058818752E-16,1.43416842055529E-16,
-1.));
#7047=DIRECTION('ref_axis',(-1.,0.,-1.60568486293153E-16));
#7048=DIRECTION('center_axis',(1.,2.22044604925031E-15,8.65538455650353E-15));
#7049=DIRECTION('ref_axis',(-2.22044604925031E-15,1.,0.));
#7050=DIRECTION('center_axis',(1.43416842055529E-16,1.43416842055529E-16,
-1.));
#7051=DIRECTION('ref_axis',(-2.37620804208481E-15,1.,1.43416842055529E-16));
#7052=DIRECTION('center_axis',(-1.53127058818752E-16,-1.43416842055529E-16,
1.));
#7053=DIRECTION('ref_axis',(-1.,-3.22612214480776E-33,-1.53127058818752E-16));
#7054=DIRECTION('center_axis',(1.,-4.25984144351358E-51,3.55303694705868E-68));
#7055=DIRECTION('ref_axis',(-5.99722221250374E-52,-0.140785104141274,0.99004017820083));
#7056=DIRECTION('',(-1.,0.,0.));
#7057=DIRECTION('center_axis',(1.,2.22044604925031E-15,3.15750547469574E-16));
#7058=DIRECTION('ref_axis',(-1.38050658413677E-30,-0.140785104141274,0.99004017820083));
#7059=DIRECTION('center_axis',(-1.,-2.48540840945829E-49,-2.008781559842E-66));
#7060=DIRECTION('ref_axis',(-3.49908481759183E-50,0.140785104141274,0.99004017820083));
#7061=DIRECTION('',(-1.,-2.48540840945829E-49,-2.008781559842E-66));
#7062=DIRECTION('center_axis',(1.,0.,6.72835132797983E-15));
#7063=DIRECTION('ref_axis',(0.,1.,0.));
#7064=DIRECTION('',(1.,0.,0.));
#7065=DIRECTION('center_axis',(-1.43416842055529E-16,-1.53127058818752E-16,
-1.));
#7066=DIRECTION('ref_axis',(-2.24795880810415E-15,1.,-1.60568486293153E-16));
#7067=DIRECTION('center_axis',(-8.88178419700124E-15,-1.,-1.2630021898783E-15));
#7068=DIRECTION('ref_axis',(-0.140785104141274,-9.66354608895739E-30,0.99004017820083));
#7069=DIRECTION('center_axis',(-1.43416842055528E-16,-1.43416842055529E-16,
-1.));
#7070=DIRECTION('ref_axis',(2.37620804208481E-15,-1.,1.43416842055529E-16));
#7071=DIRECTION('center_axis',(0.,0.,-1.));
#7072=DIRECTION('ref_axis',(9.63410917758919E-16,-1.,0.));
#7073=DIRECTION('center_axis',(0.,1.,8.97113510397311E-15));
#7074=DIRECTION('ref_axis',(-1.,0.,0.));
#7075=DIRECTION('center_axis',(0.,0.,-1.));
#7076=DIRECTION('ref_axis',(-1.,-9.50483216833922E-16,0.));
#7077=DIRECTION('center_axis',(0.,0.,1.));
#7078=DIRECTION('ref_axis',(8.02842431465766E-16,-1.,0.));
#7079=DIRECTION('center_axis',(2.10468819834153E-16,-1.,-6.84227765783602E-49));
#7080=DIRECTION('ref_axis',(-0.140785104141274,-2.96308747188422E-17,0.99004017820083));
#7081=DIRECTION('',(2.10468819834153E-16,-1.,-6.84227765783602E-49));
#7082=DIRECTION('',(-2.10468819834153E-16,1.,0.));
#7083=DIRECTION('',(2.10468819834153E-16,-1.,-6.84227765783602E-49));
#7084=DIRECTION('',(2.10468819834153E-16,-1.,-6.84227765783602E-49));
#7085=DIRECTION('center_axis',(-1.,-2.10468819834153E-16,1.64230724416126E-17));
#7086=DIRECTION('ref_axis',(1.64230724416126E-17,-2.76568888676362E-32,
1.));
#7087=DIRECTION('center_axis',(1.,2.10468819834153E-16,-1.64230724416126E-17));
#7088=DIRECTION('ref_axis',(-1.64230724416126E-17,-8.35331629752286E-34,
-1.));
#7089=DIRECTION('',(-2.10468819834153E-16,1.,7.04009527346326E-17));
#7090=DIRECTION('center_axis',(1.,2.10468819834153E-16,-1.64230724416126E-17));
#7091=DIRECTION('ref_axis',(1.64230724416126E-17,8.35331629752286E-34,1.));
#7092=DIRECTION('',(1.64230724416126E-17,-2.76568888676362E-32,1.));
#7093=DIRECTION('center_axis',(1.,3.70074341541719E-16,0.));
#7094=DIRECTION('ref_axis',(-9.70043691700292E-49,2.62121304508472E-33,
-1.));
#7095=DIRECTION('',(1.,3.70074341541719E-16,0.));
#7096=DIRECTION('center_axis',(-1.,-2.10468819834153E-16,1.64230724416126E-17));
#7097=DIRECTION('ref_axis',(-1.64230724416126E-17,-8.35331629752286E-34,
-1.));
#7098=DIRECTION('',(1.,3.70074341541719E-16,0.));
#7099=DIRECTION('center_axis',(-5.21071724543577E-32,1.40801905469265E-16,
1.));
#7100=DIRECTION('ref_axis',(2.10468819834153E-16,-1.,1.40801905469265E-16));
#7101=DIRECTION('',(1.,3.70074341541719E-16,0.));
#7102=DIRECTION('',(-2.10468819834153E-16,1.,-1.40801905469265E-16));
#7103=DIRECTION('center_axis',(0.,-1.,-8.0540732813209E-18));
#7104=DIRECTION('ref_axis',(-1.,-1.61223712350024E-83,2.00176614637883E-66));
#7105=DIRECTION('center_axis',(2.48540840945829E-49,-1.,-8.08229968240843E-18));
#7106=DIRECTION('ref_axis',(-1.,-2.48540840945829E-49,-7.01541346316805E-69));
#7107=DIRECTION('',(0.,-1.,-8.0540732813209E-18));
#7108=DIRECTION('center_axis',(-2.48540840945829E-49,1.,8.08229968240843E-18));
#7109=DIRECTION('ref_axis',(-1.,-2.48540840945829E-49,-7.01541346316805E-69));
#7110=DIRECTION('center_axis',(0.,-1.,-8.0540732813209E-18));
#7111=DIRECTION('ref_axis',(-1.,-1.61223712350024E-83,2.00176614637883E-66));
#7112=DIRECTION('center_axis',(2.48540840945829E-49,-1.,-8.08229968240843E-18));
#7113=DIRECTION('ref_axis',(-1.,-2.48540840945829E-49,-7.01541346316805E-69));
#7114=DIRECTION('',(0.,-1.,-8.0540732813209E-18));
#7115=DIRECTION('center_axis',(-2.48540840945829E-49,1.,8.08229968240843E-18));
#7116=DIRECTION('ref_axis',(-1.,-2.48540840945829E-49,-7.01541346316805E-69));
#7117=DIRECTION('center_axis',(2.65322850170921E-66,-1.06752213906265E-17,
1.));
#7118=DIRECTION('ref_axis',(-1.,-2.48540840945829E-49,-2.63554948580763E-81));
#7119=DIRECTION('',(1.,2.48540840945829E-49,0.));
#7120=DIRECTION('',(0.,-1.,-1.06752213906265E-17));
#7121=DIRECTION('',(-1.,-2.48540840945829E-49,0.));
#7122=DIRECTION('',(0.,-1.,-1.06752213906265E-17));
#7123=DIRECTION('center_axis',(0.,-1.,-1.06752213906265E-17));
#7124=DIRECTION('ref_axis',(2.008781559842E-66,-1.06752213906265E-17,1.));
#7125=DIRECTION('center_axis',(-2.48540840945829E-49,1.,8.08229968240843E-18));
#7126=DIRECTION('ref_axis',(1.36433461797479E-66,-8.08229968240843E-18,
1.));
#7127=DIRECTION('center_axis',(2.48540840945829E-49,-1.,-8.08229968240843E-18));
#7128=DIRECTION('ref_axis',(1.36433461797479E-66,-8.08229968240843E-18,
1.));
#7129=DIRECTION('',(0.,-1.,-1.06752213906265E-17));
#7130=DIRECTION('center_axis',(-2.65322850170921E-66,1.06752213906265E-17,
-1.));
#7131=DIRECTION('ref_axis',(1.,2.48540840945829E-49,2.63554948580763E-81));
#7132=DIRECTION('',(-1.,-2.48540840945829E-49,0.));
#7133=DIRECTION('',(1.,2.48540840945829E-49,0.));
#7134=DIRECTION('',(0.,-1.,-1.06752213906265E-17));
#7135=DIRECTION('center_axis',(0.,-1.,-1.06752213906265E-17));
#7136=DIRECTION('ref_axis',(-2.008781559842E-66,1.06752213906265E-17,-1.));
#7137=DIRECTION('center_axis',(-2.48540840945829E-49,1.,8.08229968240843E-18));
#7138=DIRECTION('ref_axis',(-1.36433461797479E-66,8.08229968240843E-18,
-1.));
#7139=DIRECTION('center_axis',(2.48540840945829E-49,-1.,-8.08229968240843E-18));
#7140=DIRECTION('ref_axis',(-1.36433461797479E-66,8.08229968240843E-18,
-1.));
#7141=DIRECTION('center_axis',(2.65322850170921E-66,-1.06752213906265E-17,
1.));
#7142=DIRECTION('ref_axis',(-1.,-2.48540840945829E-49,-2.63554948580763E-81));
#7143=DIRECTION('',(1.,2.48540840945829E-49,0.));
#7144=DIRECTION('',(0.,-1.,-1.06752213906265E-17));
#7145=DIRECTION('',(-1.,-2.48540840945829E-49,0.));
#7146=DIRECTION('',(0.,-1.,-1.06752213906265E-17));
#7147=DIRECTION('center_axis',(0.,-1.,-1.06752213906265E-17));
#7148=DIRECTION('ref_axis',(2.008781559842E-66,-1.06752213906265E-17,1.));
#7149=DIRECTION('center_axis',(-2.48540840945829E-49,1.,8.08229968240843E-18));
#7150=DIRECTION('ref_axis',(1.36433461797479E-66,-8.08229968240843E-18,
1.));
#7151=DIRECTION('center_axis',(2.48540840945829E-49,-1.,-8.08229968240843E-18));
#7152=DIRECTION('ref_axis',(1.36433461797479E-66,-8.08229968240843E-18,
1.));
#7153=DIRECTION('',(0.,-1.,-1.06752213906265E-17));
#7154=DIRECTION('center_axis',(-2.65322850170921E-66,1.06752213906265E-17,
-1.));
#7155=DIRECTION('ref_axis',(1.,2.48540840945829E-49,2.63554948580763E-81));
#7156=DIRECTION('',(-1.,-2.48540840945829E-49,0.));
#7157=DIRECTION('',(1.,2.48540840945829E-49,0.));
#7158=DIRECTION('',(0.,-1.,-1.06752213906265E-17));
#7159=DIRECTION('center_axis',(0.,-1.,-1.06752213906265E-17));
#7160=DIRECTION('ref_axis',(-2.008781559842E-66,1.06752213906265E-17,-1.));
#7161=DIRECTION('center_axis',(-2.48540840945829E-49,1.,8.08229968240843E-18));
#7162=DIRECTION('ref_axis',(-1.36433461797479E-66,8.08229968240843E-18,
-1.));
#7163=DIRECTION('center_axis',(2.48540840945829E-49,-1.,-8.08229968240843E-18));
#7164=DIRECTION('ref_axis',(-1.36433461797479E-66,8.08229968240843E-18,
-1.));
#7165=DIRECTION('center_axis',(2.65322850170921E-66,-1.06752213906265E-17,
1.));
#7166=DIRECTION('ref_axis',(-1.,-2.48540840945829E-49,-2.63554948580763E-81));
#7167=DIRECTION('',(1.,2.48540840945829E-49,0.));
#7168=DIRECTION('',(0.,-1.,-1.06752213906265E-17));
#7169=DIRECTION('',(-1.,-2.48540840945829E-49,0.));
#7170=DIRECTION('',(0.,-1.,-1.06752213906265E-17));
#7171=DIRECTION('center_axis',(0.,-1.,-1.06752213906265E-17));
#7172=DIRECTION('ref_axis',(2.008781559842E-66,-1.06752213906265E-17,1.));
#7173=DIRECTION('center_axis',(-2.48540840945829E-49,1.,8.08229968240843E-18));
#7174=DIRECTION('ref_axis',(1.36433461797479E-66,-8.08229968240843E-18,
1.));
#7175=DIRECTION('center_axis',(2.48540840945829E-49,-1.,-8.08229968240843E-18));
#7176=DIRECTION('ref_axis',(1.36433461797479E-66,-8.08229968240843E-18,
1.));
#7177=DIRECTION('',(0.,-1.,-1.06752213906265E-17));
#7178=DIRECTION('center_axis',(-2.65322850170921E-66,1.06752213906265E-17,
-1.));
#7179=DIRECTION('ref_axis',(1.,2.48540840945829E-49,2.63554948580763E-81));
#7180=DIRECTION('',(-1.,-2.48540840945829E-49,0.));
#7181=DIRECTION('',(1.,2.48540840945829E-49,0.));
#7182=DIRECTION('',(0.,-1.,-1.06752213906265E-17));
#7183=DIRECTION('center_axis',(0.,-1.,-1.06752213906265E-17));
#7184=DIRECTION('ref_axis',(-2.008781559842E-66,1.06752213906265E-17,-1.));
#7185=DIRECTION('center_axis',(-2.48540840945829E-49,1.,8.08229968240843E-18));
#7186=DIRECTION('ref_axis',(-1.36433461797479E-66,8.08229968240843E-18,
-1.));
#7187=DIRECTION('center_axis',(2.48540840945829E-49,-1.,-8.08229968240843E-18));
#7188=DIRECTION('ref_axis',(-1.36433461797479E-66,8.08229968240843E-18,
-1.));
#7189=DIRECTION('center_axis',(1.,3.70074341541719E-16,0.));
#7190=DIRECTION('ref_axis',(9.70043691700292E-49,-2.62121304508472E-33,
1.));
#7191=DIRECTION('',(1.,3.70074341541719E-16,0.));
#7192=DIRECTION('center_axis',(-1.,-2.10468819834153E-16,1.64230724416126E-17));
#7193=DIRECTION('ref_axis',(1.64230724416126E-17,8.35331629752286E-34,1.));
#7194=DIRECTION('center_axis',(-2.60535862271788E-32,7.04009527346326E-17,
-1.));
#7195=DIRECTION('ref_axis',(-2.10468819834153E-16,1.,7.04009527346326E-17));
#7196=DIRECTION('',(2.10468819834153E-16,-1.,-7.04009527346326E-17));
#7197=DIRECTION('center_axis',(-0.707106781186554,-9.92159531553737E-17,
-0.707106781186541));
#7198=DIRECTION('ref_axis',(0.707106781186541,6.16297582203915E-33,-0.707106781186554));
#7199=DIRECTION('',(1.40312546556102E-16,-1.,0.));
#7200=DIRECTION('',(0.707106781186541,0.,-0.707106781186554));
#7201=DIRECTION('',(1.99327782198736E-16,-1.,3.07512528255778E-32));
#7202=DIRECTION('',(0.707106781186541,-1.39690124743666E-15,-0.707106781186554));
#7203=DIRECTION('center_axis',(-0.707106781186538,-9.92159531553715E-17,
0.707106781186557));
#7204=DIRECTION('ref_axis',(-0.707106781186557,6.16297582203915E-33,-0.707106781186538));
#7205=DIRECTION('',(-0.707106781186557,0.,-0.707106781186538));
#7206=DIRECTION('',(1.99327782198736E-16,-1.,3.07512528255778E-32));
#7207=DIRECTION('',(-0.707106781186557,1.3969012474367E-15,-0.707106781186538));
#7208=DIRECTION('center_axis',(-1.,-1.40312546556102E-16,0.));
#7209=DIRECTION('ref_axis',(0.,0.,-1.));
#7210=DIRECTION('',(0.,0.,-1.));
#7211=DIRECTION('',(-3.08148791101958E-33,-3.07512528255778E-32,-1.));
#7212=DIRECTION('center_axis',(0.,0.,-1.));
#7213=DIRECTION('ref_axis',(1.,0.,0.));
#7214=DIRECTION('center_axis',(0.,0.,-1.));
#7215=DIRECTION('ref_axis',(1.,1.76524931789803E-15,0.));
#7216=DIRECTION('',(4.32978028117743E-17,-0.707106781186541,-0.707106781186554));
#7217=DIRECTION('center_axis',(0.,0.,-1.));
#7218=DIRECTION('ref_axis',(1.,2.85144965050177E-15,0.));
#7219=DIRECTION('center_axis',(0.,0.,-1.));
#7220=DIRECTION('ref_axis',(1.,0.,0.));
#7221=DIRECTION('',(0.,0.,-1.));
#7222=DIRECTION('center_axis',(-2.27348685165873E-16,1.72184643981559E-16,
-1.));
#7223=DIRECTION('ref_axis',(1.,8.82624658949012E-16,-2.27348685165873E-16));
#7224=DIRECTION('',(5.10725033098738E-34,-8.34077275920412E-18,-1.));
#7225=DIRECTION('center_axis',(0.,0.,1.));
#7226=DIRECTION('ref_axis',(1.,0.,0.));
#7227=DIRECTION('center_axis',(-5.31661547720413E-16,4.72256346668291E-16,
-1.));
#7228=DIRECTION('ref_axis',(1.,9.50483216833924E-16,-5.31661547720413E-16));
#7229=DIRECTION('',(-4.32978028117752E-17,0.707106781186557,-0.707106781186538));
#7230=DIRECTION('center_axis',(0.,0.,-1.));
#7231=DIRECTION('ref_axis',(1.,0.,0.));
#7232=DIRECTION('center_axis',(0.,0.,-1.));
#7233=DIRECTION('ref_axis',(1.,0.,0.));
#7234=DIRECTION('',(5.10725033098738E-34,-8.34077275920412E-18,-1.));
#7235=DIRECTION('center_axis',(3.01216277148797E-51,0.707106781186554,-0.707106781186541));
#7236=DIRECTION('ref_axis',(4.32978028117743E-17,-0.707106781186541,-0.707106781186554));
#7237=DIRECTION('',(-1.,0.,0.));
#7238=DIRECTION('',(4.32978028117743E-17,-0.707106781186541,-0.707106781186554));
#7239=DIRECTION('',(-1.,0.,0.));
#7240=DIRECTION('center_axis',(4.25984144351358E-51,1.,-8.34077275920412E-18));
#7241=DIRECTION('ref_axis',(5.10725033098738E-34,-8.34077275920412E-18,
-1.));
#7242=DIRECTION('',(-1.,0.,0.));
#7243=DIRECTION('',(5.10725033098738E-34,-8.34077275920412E-18,-1.));
#7244=DIRECTION('center_axis',(3.0121627714879E-51,0.707106781186538,0.707106781186557));
#7245=DIRECTION('ref_axis',(-4.32978028117752E-17,0.707106781186557,-0.707106781186538));
#7246=DIRECTION('',(-4.32978028117752E-17,0.707106781186557,-0.707106781186538));
#7247=DIRECTION('center_axis',(4.25984144351358E-51,1.,-8.34077275920412E-18));
#7248=DIRECTION('ref_axis',(5.10725033098738E-34,-8.34077275920412E-18,
-1.));
#7249=DIRECTION('',(5.10725033098738E-34,-8.34077275920412E-18,-1.));
#7250=DIRECTION('center_axis',(0.,0.,-1.));
#7251=DIRECTION('ref_axis',(4.25984144351358E-51,-1.,0.));
#7252=DIRECTION('center_axis',(0.,0.,-1.));
#7253=DIRECTION('ref_axis',(1.32393698842352E-15,-1.,0.));
#7254=DIRECTION('',(-0.707106781186541,1.16947836132346E-15,-0.707106781186554));
#7255=DIRECTION('center_axis',(0.,0.,-1.));
#7256=DIRECTION('ref_axis',(2.37620804208481E-15,-1.,0.));
#7257=DIRECTION('center_axis',(0.,0.,-1.));
#7258=DIRECTION('ref_axis',(4.25984144351358E-51,-1.,0.));
#7259=DIRECTION('center_axis',(3.60526461548349E-16,3.05362420364036E-16,
-1.));
#7260=DIRECTION('ref_axis',(2.20656164737253E-15,-1.,-3.05362420364035E-16));
#7261=DIRECTION('',(-1.64230724416126E-17,2.76568888676362E-32,-1.));
#7262=DIRECTION('center_axis',(0.,0.,1.));
#7263=DIRECTION('ref_axis',(4.25984144351358E-51,-1.,0.));
#7264=DIRECTION('center_axis',(6.7507838977594E-16,6.15673188723821E-16,
-1.));
#7265=DIRECTION('ref_axis',(2.37620804208482E-15,-1.,-6.1567318872382E-16));
#7266=DIRECTION('',(0.707106781186557,-1.16947836132349E-15,-0.707106781186538));
#7267=DIRECTION('center_axis',(0.,0.,-1.));
#7268=DIRECTION('ref_axis',(4.25984144351358E-51,-1.,0.));
#7269=DIRECTION('center_axis',(0.,0.,-1.));
#7270=DIRECTION('ref_axis',(4.25984144351358E-51,-1.,0.));
#7271=DIRECTION('',(-1.64230724416126E-17,2.76568888676362E-32,-1.));
#7272=DIRECTION('center_axis',(0.707106781186554,1.48823929733061E-16,-0.707106781186541));
#7273=DIRECTION('ref_axis',(-0.707106781186541,1.16947836132346E-15,-0.707106781186554));
#7274=DIRECTION('',(-2.10468819834153E-16,1.,0.));
#7275=DIRECTION('',(-0.707106781186541,1.16947836132346E-15,-0.707106781186554));
#7276=DIRECTION('',(-2.10468819834153E-16,1.,0.));
#7277=DIRECTION('center_axis',(1.,2.10468819834153E-16,-1.64230724416126E-17));
#7278=DIRECTION('ref_axis',(-1.64230724416126E-17,2.76568888676362E-32,
-1.));
#7279=DIRECTION('',(-2.10468819834153E-16,1.,0.));
#7280=DIRECTION('',(-1.64230724416126E-17,2.76568888676362E-32,-1.));
#7281=DIRECTION('center_axis',(0.707106781186538,1.48823929733057E-16,0.707106781186557));
#7282=DIRECTION('ref_axis',(0.707106781186557,-1.16947836132349E-15,-0.707106781186538));
#7283=DIRECTION('',(0.707106781186557,-1.16947836132349E-15,-0.707106781186538));
#7284=DIRECTION('center_axis',(1.,2.10468819834153E-16,-1.64230724416126E-17));
#7285=DIRECTION('ref_axis',(-1.64230724416126E-17,2.76568888676362E-32,
-1.));
#7286=DIRECTION('',(-1.64230724416126E-17,2.76568888676362E-32,-1.));
#7287=DIRECTION('center_axis',(0.,0.,-1.));
#7288=DIRECTION('ref_axis',(-1.,4.54211089382817E-49,0.));
#7289=DIRECTION('center_axis',(0.,0.,-1.));
#7290=DIRECTION('ref_axis',(-1.,-8.82624658949014E-16,0.));
#7291=DIRECTION('',(1.44019905024844E-15,0.707106781186541,-0.707106781186554));
#7292=DIRECTION('center_axis',(0.,0.,-1.));
#7293=DIRECTION('ref_axis',(-1.,-9.50483216833922E-16,0.));
#7294=DIRECTION('center_axis',(0.,0.,-1.));
#7295=DIRECTION('ref_axis',(-1.,4.54211089382817E-49,0.));
#7296=DIRECTION('center_axis',(0.,0.,-1.));
#7297=DIRECTION('ref_axis',(-1.,-8.82624658949014E-16,0.));
#7298=DIRECTION('',(3.07512528255778E-32,8.08229968240843E-18,-1.));
#7299=DIRECTION('center_axis',(0.,0.,1.));
#7300=DIRECTION('ref_axis',(-1.,4.54211089382817E-49,0.));
#7301=DIRECTION('center_axis',(0.,0.,-1.));
#7302=DIRECTION('ref_axis',(-1.,-1.90096643366785E-15,0.));
#7303=DIRECTION('',(-1.44019905024847E-15,-0.707106781186557,-0.707106781186538));
#7304=DIRECTION('center_axis',(0.,0.,-1.));
#7305=DIRECTION('ref_axis',(-1.,4.54211089382817E-49,0.));
#7306=DIRECTION('center_axis',(0.,0.,-1.));
#7307=DIRECTION('ref_axis',(-1.,4.54211089382817E-49,0.));
#7308=DIRECTION('',(-3.07512528255778E-32,-8.08229968240843E-18,1.));
#7309=DIRECTION('center_axis',(0.,0.,-1.));
#7310=DIRECTION('ref_axis',(-1.,4.54211089382817E-49,0.));
#7311=DIRECTION('',(3.07512528255778E-32,8.08229968240843E-18,-1.));
#7312=DIRECTION('center_axis',(-3.69483183045901E-48,-0.707106781186554,
-0.707106781186541));
#7313=DIRECTION('ref_axis',(1.44019905024844E-15,0.707106781186541,-0.707106781186554));
#7314=DIRECTION('',(1.,0.,0.));
#7315=DIRECTION('',(1.44019905024844E-15,0.707106781186541,-0.707106781186554));
#7316=DIRECTION('',(1.,0.,0.));
#7317=DIRECTION('center_axis',(2.48540840945829E-49,-1.,-8.08229968240843E-18));
#7318=DIRECTION('ref_axis',(3.07512528255778E-32,8.08229968240843E-18,-1.));
#7319=DIRECTION('',(1.,0.,0.));
#7320=DIRECTION('',(3.07512528255778E-32,8.08229968240843E-18,-1.));
#7321=DIRECTION('center_axis',(4.0463216585283E-48,-0.707106781186538,0.707106781186557));
#7322=DIRECTION('ref_axis',(-1.44019905024847E-15,-0.707106781186557,-0.707106781186538));
#7323=DIRECTION('',(-1.44019905024847E-15,-0.707106781186557,-0.707106781186538));
#7324=DIRECTION('center_axis',(-2.48540840945829E-49,1.,8.08229968240843E-18));
#7325=DIRECTION('ref_axis',(-3.07512528255778E-32,-8.08229968240843E-18,
1.));
#7326=DIRECTION('',(-3.07512528255778E-32,-8.08229968240843E-18,1.));
#7327=DIRECTION('center_axis',(2.48540840945829E-49,-1.,-8.08229968240843E-18));
#7328=DIRECTION('ref_axis',(3.07512528255778E-32,8.08229968240843E-18,-1.));
#7329=DIRECTION('',(3.07512528255778E-32,8.08229968240843E-18,-1.));
#7330=DIRECTION('center_axis',(5.47382212626882E-48,0.,-1.));
#7331=DIRECTION('ref_axis',(2.48540840945829E-49,1.,1.36046835445074E-96));
#7332=DIRECTION('center_axis',(0.,0.,-1.));
#7333=DIRECTION('ref_axis',(-1.32393698842352E-15,1.,0.));
#7334=DIRECTION('center_axis',(0.,0.,-1.));
#7335=DIRECTION('ref_axis',(-2.37620804208481E-15,1.,0.));
#7336=DIRECTION('center_axis',(5.47382212626882E-48,0.,-1.));
#7337=DIRECTION('ref_axis',(2.48540840945829E-49,1.,1.36046835445074E-96));
#7338=DIRECTION('center_axis',(-3.60526461548349E-16,-3.05362420364037E-16,
-1.));
#7339=DIRECTION('ref_axis',(-1.76524931789803E-15,1.,-3.05362420364036E-16));
#7340=DIRECTION('',(-3.08148791101958E-33,-3.07512528255778E-32,-1.));
#7341=DIRECTION('center_axis',(-5.47382212626882E-48,0.,1.));
#7342=DIRECTION('ref_axis',(2.48540840945829E-49,1.,1.36046835445074E-96));
#7343=DIRECTION('center_axis',(-6.75078389775941E-16,-6.15673188723823E-16,
-1.));
#7344=DIRECTION('ref_axis',(-2.85144965050178E-15,1.,-6.15673188723821E-16));
#7345=DIRECTION('center_axis',(5.47382212626882E-48,0.,-1.));
#7346=DIRECTION('ref_axis',(2.48540840945829E-49,1.,1.36046835445074E-96));
#7347=DIRECTION('center_axis',(5.47382212626882E-48,0.,-1.));
#7348=DIRECTION('ref_axis',(2.48540840945829E-49,1.,1.36046835445074E-96));
#7349=DIRECTION('center_axis',(5.47382212626882E-48,0.,-1.));
#7350=DIRECTION('ref_axis',(2.48540840945829E-49,1.,1.36046835445074E-96));
#7351=DIRECTION('center_axis',(-1.,-1.40312546556102E-16,0.));
#7352=DIRECTION('ref_axis',(0.,0.,-1.));
#7353=DIRECTION('',(-1.40312546556102E-16,1.,-1.92970398254662E-16));
#7354=DIRECTION('center_axis',(1.,1.40312546556102E-16,0.));
#7355=DIRECTION('ref_axis',(0.,0.,-1.));
#7356=DIRECTION('',(1.40312546556102E-16,-1.,-1.92970398254662E-16));
#7357=DIRECTION('center_axis',(1.,1.40312546556102E-16,0.));
#7358=DIRECTION('ref_axis',(0.,0.,1.));
#7359=DIRECTION('',(-1.40312546556102E-16,1.,0.));
#7360=DIRECTION('center_axis',(1.,1.40312546556102E-16,0.));
#7361=DIRECTION('ref_axis',(0.,0.,-1.));
#7362=DIRECTION('',(1.40312546556102E-16,-1.,0.));
#7363=DIRECTION('center_axis',(1.,1.40312546556102E-16,0.));
#7364=DIRECTION('ref_axis',(0.,0.,1.));
#7365=DIRECTION('',(-1.40312546556102E-16,1.,0.));
#7366=DIRECTION('center_axis',(1.,1.40312546556102E-16,0.));
#7367=DIRECTION('ref_axis',(0.,0.,-1.));
#7368=DIRECTION('',(1.40312546556102E-16,-1.,0.));
#7369=DIRECTION('center_axis',(1.,1.40312546556102E-16,0.));
#7370=DIRECTION('ref_axis',(0.,0.,1.));
#7371=DIRECTION('center_axis',(-1.,-2.22044604925031E-16,0.));
#7372=DIRECTION('ref_axis',(0.,0.,-1.));
#7373=DIRECTION('',(-1.,-2.22044604925031E-16,0.));
#7374=DIRECTION('',(-1.,-2.22044604925031E-16,0.));
#7375=DIRECTION('center_axis',(4.28480358426824E-32,-1.92970398254662E-16,
-1.));
#7376=DIRECTION('ref_axis',(1.40312546556102E-16,-1.,1.92970398254662E-16));
#7377=DIRECTION('',(-1.,-2.22044604925031E-16,0.));
#7378=DIRECTION('center_axis',(-1.,-2.22044604925031E-16,0.));
#7379=DIRECTION('ref_axis',(0.,0.,1.));
#7380=DIRECTION('',(-1.,-2.22044604925031E-16,0.));
#7381=DIRECTION('center_axis',(4.28480358426824E-32,-1.92970398254662E-16,
1.));
#7382=DIRECTION('ref_axis',(-1.40312546556102E-16,1.,1.92970398254662E-16));
#7383=DIRECTION('center_axis',(-1.,0.,0.));
#7384=DIRECTION('ref_axis',(0.,0.,-1.));
#7385=DIRECTION('',(-1.,0.,0.));
#7386=DIRECTION('',(-1.,0.,0.));
#7387=DIRECTION('center_axis',(0.,0.,-1.));
#7388=DIRECTION('ref_axis',(1.40312546556102E-16,-1.,0.));
#7389=DIRECTION('',(-1.,0.,0.));
#7390=DIRECTION('center_axis',(-1.,0.,0.));
#7391=DIRECTION('ref_axis',(0.,0.,1.));
#7392=DIRECTION('',(-1.,0.,0.));
#7393=DIRECTION('center_axis',(0.,0.,1.));
#7394=DIRECTION('ref_axis',(-1.40312546556102E-16,1.,0.));
#7395=DIRECTION('center_axis',(-1.,0.,0.));
#7396=DIRECTION('ref_axis',(0.,0.,-1.));
#7397=DIRECTION('',(-1.,0.,0.));
#7398=DIRECTION('',(-1.,0.,0.));
#7399=DIRECTION('center_axis',(0.,0.,-1.));
#7400=DIRECTION('ref_axis',(1.40312546556102E-16,-1.,0.));
#7401=DIRECTION('',(-1.,0.,0.));
#7402=DIRECTION('center_axis',(-1.,0.,0.));
#7403=DIRECTION('ref_axis',(0.,0.,1.));
#7404=DIRECTION('',(-1.,0.,0.));
#7405=DIRECTION('center_axis',(0.,0.,1.));
#7406=DIRECTION('ref_axis',(-1.40312546556102E-16,1.,0.));
#7407=DIRECTION('',(0.,0.,1.));
#7408=DIRECTION('',(1.,0.,0.));
#7409=DIRECTION('',(1.38777878078145E-17,1.38777878078145E-17,1.));
#7410=DIRECTION('',(1.,5.55111512312578E-17,-1.38777878078145E-17));
#7411=CARTESIAN_POINT('',(0.,0.,0.));
#7412=CARTESIAN_POINT('',(0.,0.,0.));
#7413=CARTESIAN_POINT('',(0.,0.,0.));
#7414=CARTESIAN_POINT('Ctrl Pts',(-13.2830236789731,3.30480373208133,-4.588));
#7415=CARTESIAN_POINT('Ctrl Pts',(-13.2830236789731,3.30480373208133,-6.988));
#7416=CARTESIAN_POINT('Ctrl Pts',(-12.4381678429461,3.59788023891395,-4.588));
#7417=CARTESIAN_POINT('Ctrl Pts',(-12.4381678429461,3.59788023891395,-6.988));
#7418=CARTESIAN_POINT('Ctrl Pts',(-12.4840722698915,3.59363842426354,-4.588));
#7419=CARTESIAN_POINT('Ctrl Pts',(-12.4840722698915,3.59363842426354,-6.988));
#7420=CARTESIAN_POINT('Ctrl Pts',(-12.2872732999992,3.39684153573262,-4.588));
#7421=CARTESIAN_POINT('Ctrl Pts',(-12.2872732999992,3.39684153573262,-6.988));
#7422=CARTESIAN_POINT('',(-12.2872732999992,3.39684153573262,-4.588));
#7423=CARTESIAN_POINT('',(-13.2830236789731,3.30480373208133,-4.588));
#7424=CARTESIAN_POINT('Ctrl Pts',(-12.2872732999992,3.39684153573262,-4.588));
#7425=CARTESIAN_POINT('Ctrl Pts',(-12.4840722698915,3.59363842426354,-4.588));
#7426=CARTESIAN_POINT('Ctrl Pts',(-12.4381678429461,3.59788023891395,-4.588));
#7427=CARTESIAN_POINT('Ctrl Pts',(-13.2830236789731,3.30480373208133,-4.588));
#7428=CARTESIAN_POINT('',(-12.2872732999992,3.39684153573262,-6.588));
#7429=CARTESIAN_POINT('',(-12.2872732999992,3.39684153573262,-4.588));
#7430=CARTESIAN_POINT('',(-13.2830236789731,3.30480373208133,-6.588));
#7431=CARTESIAN_POINT('Ctrl Pts',(-13.2830236789731,3.30480373208133,-6.588));
#7432=CARTESIAN_POINT('Ctrl Pts',(-12.4381678429461,3.59788023891395,-6.588));
#7433=CARTESIAN_POINT('Ctrl Pts',(-12.4840722698915,3.59363842426354,-6.588));
#7434=CARTESIAN_POINT('Ctrl Pts',(-12.2872732999992,3.39684153573262,-6.588));
#7435=CARTESIAN_POINT('',(-13.2830236789731,3.30480373208133,-4.588));
#7436=CARTESIAN_POINT('Ctrl Pts',(-17.0017921951144,0.286829618685212,-4.588));
#7437=CARTESIAN_POINT('Ctrl Pts',(-17.0017921951144,0.286829618685212,-6.988));
#7438=CARTESIAN_POINT('Ctrl Pts',(-15.9270354165746,1.94706921250085,-4.588));
#7439=CARTESIAN_POINT('Ctrl Pts',(-15.9270354165746,1.94706921250085,-6.988));
#7440=CARTESIAN_POINT('Ctrl Pts',(-14.9789523777007,2.71648818386172,-4.588));
#7441=CARTESIAN_POINT('Ctrl Pts',(-14.9789523777007,2.71648818386172,-6.988));
#7442=CARTESIAN_POINT('Ctrl Pts',(-13.2830236789731,3.30480373208133,-4.588));
#7443=CARTESIAN_POINT('Ctrl Pts',(-13.2830236789731,3.30480373208133,-6.988));
#7444=CARTESIAN_POINT('',(-17.0017921951144,0.286829618685212,-4.588));
#7445=CARTESIAN_POINT('Ctrl Pts',(-13.2830236789731,3.30480373208133,-4.588));
#7446=CARTESIAN_POINT('Ctrl Pts',(-14.9789523777007,2.71648818386172,-4.588));
#7447=CARTESIAN_POINT('Ctrl Pts',(-15.9270354165746,1.94706921250085,-4.588));
#7448=CARTESIAN_POINT('Ctrl Pts',(-17.0017921951144,0.286829618685212,-4.588));
#7449=CARTESIAN_POINT('',(-17.0017921951144,0.286829618685212,-6.588));
#7450=CARTESIAN_POINT('Ctrl Pts',(-17.0017921951144,0.286829618685212,-6.588));
#7451=CARTESIAN_POINT('Ctrl Pts',(-15.9270354165746,1.94706921250085,-6.588));
#7452=CARTESIAN_POINT('Ctrl Pts',(-14.9789523777007,2.71648818386172,-6.588));
#7453=CARTESIAN_POINT('Ctrl Pts',(-13.2830236789731,3.30480373208133,-6.588));
#7454=CARTESIAN_POINT('',(-17.0017921951144,0.286829618685212,-4.588));
#7455=CARTESIAN_POINT('Ctrl Pts',(-18.7383459474505,-1.88903397444634,-4.588));
#7456=CARTESIAN_POINT('Ctrl Pts',(-18.7383459474505,-1.88903397444634,-6.988));
#7457=CARTESIAN_POINT('Ctrl Pts',(-18.3093929612677,-1.63028952485542,-4.588));
#7458=CARTESIAN_POINT('Ctrl Pts',(-18.3093929612677,-1.63028952485542,-6.988));
#7459=CARTESIAN_POINT('Ctrl Pts',(-17.9570496869323,-1.18881402746346,-4.588));
#7460=CARTESIAN_POINT('Ctrl Pts',(-17.9570496869323,-1.18881402746346,-6.988));
#7461=CARTESIAN_POINT('Ctrl Pts',(-17.0017921951144,0.286829618685212,-4.588));
#7462=CARTESIAN_POINT('Ctrl Pts',(-17.0017921951144,0.286829618685212,-6.988));
#7463=CARTESIAN_POINT('',(-18.7383459474505,-1.88903397444634,-4.588));
#7464=CARTESIAN_POINT('Ctrl Pts',(-17.0017921951144,0.286829618685212,-4.588));
#7465=CARTESIAN_POINT('Ctrl Pts',(-17.9570496869323,-1.18881402746346,-4.588));
#7466=CARTESIAN_POINT('Ctrl Pts',(-18.3093929612677,-1.63028952485542,-4.588));
#7467=CARTESIAN_POINT('Ctrl Pts',(-18.7383459474505,-1.88903397444634,-4.588));
#7468=CARTESIAN_POINT('',(-18.7383459474505,-1.88903397444634,-6.588));
#7469=CARTESIAN_POINT('Ctrl Pts',(-18.7383459474505,-1.88903397444634,-6.588));
#7470=CARTESIAN_POINT('Ctrl Pts',(-18.3093929612677,-1.63028952485542,-6.588));
#7471=CARTESIAN_POINT('Ctrl Pts',(-17.9570496869323,-1.18881402746346,-6.588));
#7472=CARTESIAN_POINT('Ctrl Pts',(-17.0017921951144,0.286829618685212,-6.588));
#7473=CARTESIAN_POINT('',(-18.7383459474505,-1.88903397444634,-4.588));
#7474=CARTESIAN_POINT('Ctrl Pts',(-26.1732115523023,-2.91866683658713,-4.588));
#7475=CARTESIAN_POINT('Ctrl Pts',(-26.1732115523023,-2.91866683658713,-6.988));
#7476=CARTESIAN_POINT('Ctrl Pts',(-25.6848575508028,-3.5070968596869,-4.588));
#7477=CARTESIAN_POINT('Ctrl Pts',(-25.6848575508028,-3.5070968596869,-6.988));
#7478=CARTESIAN_POINT('Ctrl Pts',(-20.1501053257029,-2.74060636389676,-4.588));
#7479=CARTESIAN_POINT('Ctrl Pts',(-20.1501053257029,-2.74060636389676,-6.988));
#7480=CARTESIAN_POINT('Ctrl Pts',(-18.7383459474505,-1.88903397444634,-4.588));
#7481=CARTESIAN_POINT('Ctrl Pts',(-18.7383459474505,-1.88903397444634,-6.988));
#7482=CARTESIAN_POINT('',(-26.1732115523023,-2.91866683658713,-4.588));
#7483=CARTESIAN_POINT('Ctrl Pts',(-18.7383459474505,-1.88903397444634,-4.588));
#7484=CARTESIAN_POINT('Ctrl Pts',(-20.1501053257029,-2.74060636389676,-4.588));
#7485=CARTESIAN_POINT('Ctrl Pts',(-25.6848575508028,-3.5070968596869,-4.588));
#7486=CARTESIAN_POINT('Ctrl Pts',(-26.1732115523023,-2.91866683658713,-4.588));
#7487=CARTESIAN_POINT('',(-26.1732115523023,-2.91866683658713,-6.588));
#7488=CARTESIAN_POINT('Ctrl Pts',(-26.1732115523023,-2.91866683658713,-6.588));
#7489=CARTESIAN_POINT('Ctrl Pts',(-25.6848575508028,-3.5070968596869,-6.588));
#7490=CARTESIAN_POINT('Ctrl Pts',(-20.1501053257029,-2.74060636389676,-6.588));
#7491=CARTESIAN_POINT('Ctrl Pts',(-18.7383459474505,-1.88903397444634,-6.588));
#7492=CARTESIAN_POINT('',(-26.1732115523023,-2.91866683658713,-4.588));
#7493=CARTESIAN_POINT('Ctrl Pts',(-33.850803448968,-7.56450912905017,-4.588));
#7494=CARTESIAN_POINT('Ctrl Pts',(-33.850803448968,-7.56450912905017,-6.988));
#7495=CARTESIAN_POINT('Ctrl Pts',(-33.723181128818,-5.81379067131491,-4.588));
#7496=CARTESIAN_POINT('Ctrl Pts',(-33.723181128818,-5.81379067131491,-6.988));
#7497=CARTESIAN_POINT('Ctrl Pts',(-27.0977694829623,-1.80464309278995,-4.588));
#7498=CARTESIAN_POINT('Ctrl Pts',(-27.0977694829623,-1.80464309278995,-6.988));
#7499=CARTESIAN_POINT('Ctrl Pts',(-26.1732115523023,-2.91866683658713,-4.588));
#7500=CARTESIAN_POINT('Ctrl Pts',(-26.1732115523023,-2.91866683658713,-6.988));
#7501=CARTESIAN_POINT('',(-33.850803448968,-7.56450912905017,-4.588));
#7502=CARTESIAN_POINT('Ctrl Pts',(-26.1732115523023,-2.91866683658713,-4.588));
#7503=CARTESIAN_POINT('Ctrl Pts',(-27.0977694829623,-1.80464309278995,-4.588));
#7504=CARTESIAN_POINT('Ctrl Pts',(-33.723181128818,-5.81379067131491,-4.588));
#7505=CARTESIAN_POINT('Ctrl Pts',(-33.850803448968,-7.56450912905017,-4.588));
#7506=CARTESIAN_POINT('',(-33.850803448968,-7.56450912905017,-6.588));
#7507=CARTESIAN_POINT('Ctrl Pts',(-33.850803448968,-7.56450912905017,-6.588));
#7508=CARTESIAN_POINT('Ctrl Pts',(-33.723181128818,-5.81379067131491,-6.588));
#7509=CARTESIAN_POINT('Ctrl Pts',(-27.0977694829623,-1.80464309278995,-6.588));
#7510=CARTESIAN_POINT('Ctrl Pts',(-26.1732115523023,-2.91866683658713,-6.588));
#7511=CARTESIAN_POINT('',(-33.850803448968,-7.56450912905017,-4.588));
#7512=CARTESIAN_POINT('Ctrl Pts',(-32.8790506472589,-7.86192319316025,-4.588));
#7513=CARTESIAN_POINT('Ctrl Pts',(-32.8790506472589,-7.86192319316025,-6.988));
#7514=CARTESIAN_POINT('Ctrl Pts',(-33.2922378407414,-8.21258472743793,-4.588));
#7515=CARTESIAN_POINT('Ctrl Pts',(-33.2922378407414,-8.21258472743793,-6.988));
#7516=CARTESIAN_POINT('Ctrl Pts',(-33.8848251231824,-8.03121697139157,-4.588));
#7517=CARTESIAN_POINT('Ctrl Pts',(-33.8848251231824,-8.03121697139157,-6.988));
#7518=CARTESIAN_POINT('Ctrl Pts',(-33.850803448968,-7.56450912905017,-4.588));
#7519=CARTESIAN_POINT('Ctrl Pts',(-33.850803448968,-7.56450912905017,-6.988));
#7520=CARTESIAN_POINT('',(-32.8790506472589,-7.86192319316025,-4.588));
#7521=CARTESIAN_POINT('Ctrl Pts',(-33.850803448968,-7.56450912905017,-4.588));
#7522=CARTESIAN_POINT('Ctrl Pts',(-33.8848251231824,-8.03121697139157,-4.588));
#7523=CARTESIAN_POINT('Ctrl Pts',(-33.2922378407414,-8.21258472743793,-4.588));
#7524=CARTESIAN_POINT('Ctrl Pts',(-32.8790506472589,-7.86192319316025,-4.588));
#7525=CARTESIAN_POINT('',(-32.8790506472589,-7.86192319316025,-6.588));
#7526=CARTESIAN_POINT('Ctrl Pts',(-32.8790506472589,-7.86192319316025,-6.588));
#7527=CARTESIAN_POINT('Ctrl Pts',(-33.2922378407414,-8.21258472743793,-6.588));
#7528=CARTESIAN_POINT('Ctrl Pts',(-33.8848251231824,-8.03121697139157,-6.588));
#7529=CARTESIAN_POINT('Ctrl Pts',(-33.850803448968,-7.56450912905017,-6.588));
#7530=CARTESIAN_POINT('',(-32.8790506472589,-7.86192319316025,-4.588));
#7531=CARTESIAN_POINT('Ctrl Pts',(-30.6745470001316,-6.88362294864614,-4.588));
#7532=CARTESIAN_POINT('Ctrl Pts',(-30.6745470001316,-6.88362294864614,-6.988));
#7533=CARTESIAN_POINT('Ctrl Pts',(-31.5969704946169,-7.17049699833537,-4.588));
#7534=CARTESIAN_POINT('Ctrl Pts',(-31.5969704946169,-7.17049699833537,-6.988));
#7535=CARTESIAN_POINT('Ctrl Pts',(-32.5765739315736,-7.60522055915915,-4.588));
#7536=CARTESIAN_POINT('Ctrl Pts',(-32.5765739315736,-7.60522055915915,-6.988));
#7537=CARTESIAN_POINT('Ctrl Pts',(-32.8790506472589,-7.86192319316025,-4.588));
#7538=CARTESIAN_POINT('Ctrl Pts',(-32.8790506472589,-7.86192319316025,-6.988));
#7539=CARTESIAN_POINT('',(-30.6745470001316,-6.88362294864614,-4.588));
#7540=CARTESIAN_POINT('Ctrl Pts',(-32.8790506472589,-7.86192319316025,-4.588));
#7541=CARTESIAN_POINT('Ctrl Pts',(-32.5765739315736,-7.60522055915915,-4.588));
#7542=CARTESIAN_POINT('Ctrl Pts',(-31.5969704946169,-7.17049699833537,-4.588));
#7543=CARTESIAN_POINT('Ctrl Pts',(-30.6745470001316,-6.88362294864614,-4.588));
#7544=CARTESIAN_POINT('',(-30.6745470001316,-6.88362294864614,-6.588));
#7545=CARTESIAN_POINT('Ctrl Pts',(-30.6745470001316,-6.88362294864614,-6.588));
#7546=CARTESIAN_POINT('Ctrl Pts',(-31.5969704946169,-7.17049699833537,-6.588));
#7547=CARTESIAN_POINT('Ctrl Pts',(-32.5765739315736,-7.60522055915915,-6.588));
#7548=CARTESIAN_POINT('Ctrl Pts',(-32.8790506472589,-7.86192319316025,-6.588));
#7549=CARTESIAN_POINT('',(-30.6745470001316,-6.88362294864614,-4.588));
#7550=CARTESIAN_POINT('Ctrl Pts',(-29.651516216534,-6.52779339386945,-4.588));
#7551=CARTESIAN_POINT('Ctrl Pts',(-29.651516216534,-6.52779339386945,-6.988));
#7552=CARTESIAN_POINT('Ctrl Pts',(-29.8015605233255,-6.59517122697211,-4.588));
#7553=CARTESIAN_POINT('Ctrl Pts',(-29.8015605233255,-6.59517122697211,-6.988));
#7554=CARTESIAN_POINT('Ctrl Pts',(-30.2619243759444,-6.75529452662162,-4.588));
#7555=CARTESIAN_POINT('Ctrl Pts',(-30.2619243759444,-6.75529452662162,-6.988));
#7556=CARTESIAN_POINT('Ctrl Pts',(-30.6745470001316,-6.88362294864614,-4.588));
#7557=CARTESIAN_POINT('Ctrl Pts',(-30.6745470001316,-6.88362294864614,-6.988));
#7558=CARTESIAN_POINT('',(-29.651516216534,-6.52779339386945,-4.588));
#7559=CARTESIAN_POINT('Ctrl Pts',(-30.6745470001316,-6.88362294864614,-4.588));
#7560=CARTESIAN_POINT('Ctrl Pts',(-30.2619243759444,-6.75529452662162,-4.588));
#7561=CARTESIAN_POINT('Ctrl Pts',(-29.8015605233255,-6.59517122697211,-4.588));
#7562=CARTESIAN_POINT('Ctrl Pts',(-29.651516216534,-6.52779339386945,-4.588));
#7563=CARTESIAN_POINT('',(-29.651516216534,-6.52779339386945,-6.588));
#7564=CARTESIAN_POINT('Ctrl Pts',(-29.651516216534,-6.52779339386945,-6.588));
#7565=CARTESIAN_POINT('Ctrl Pts',(-29.8015605233255,-6.59517122697211,-6.588));
#7566=CARTESIAN_POINT('Ctrl Pts',(-30.2619243759444,-6.75529452662162,-6.588));
#7567=CARTESIAN_POINT('Ctrl Pts',(-30.6745470001316,-6.88362294864614,-6.588));
#7568=CARTESIAN_POINT('',(-29.651516216534,-6.52779339386945,-4.588));
#7569=CARTESIAN_POINT('Ctrl Pts',(-23.0055115804177,-5.10515369859784,-4.588));
#7570=CARTESIAN_POINT('Ctrl Pts',(-23.0055115804177,-5.10515369859784,-6.988));
#7571=CARTESIAN_POINT('Ctrl Pts',(-26.1915088008753,-5.55112909946094,-4.588));
#7572=CARTESIAN_POINT('Ctrl Pts',(-26.1915088008753,-5.55112909946094,-6.988));
#7573=CARTESIAN_POINT('Ctrl Pts',(-28.6472291335421,-6.07679983053228,-4.588));
#7574=CARTESIAN_POINT('Ctrl Pts',(-28.6472291335421,-6.07679983053228,-6.988));
#7575=CARTESIAN_POINT('Ctrl Pts',(-29.651516216534,-6.52779339386945,-4.588));
#7576=CARTESIAN_POINT('Ctrl Pts',(-29.651516216534,-6.52779339386945,-6.988));
#7577=CARTESIAN_POINT('',(-23.0055115804177,-5.10515369859784,-4.588));
#7578=CARTESIAN_POINT('Ctrl Pts',(-29.651516216534,-6.52779339386945,-4.588));
#7579=CARTESIAN_POINT('Ctrl Pts',(-28.6472291335421,-6.07679983053228,-4.588));
#7580=CARTESIAN_POINT('Ctrl Pts',(-26.1915088008753,-5.55112909946094,-4.588));
#7581=CARTESIAN_POINT('Ctrl Pts',(-23.0055115804177,-5.10515369859784,-4.588));
#7582=CARTESIAN_POINT('',(-23.0055115804177,-5.10515369859784,-6.588));
#7583=CARTESIAN_POINT('Ctrl Pts',(-23.0055115804177,-5.10515369859784,-6.588));
#7584=CARTESIAN_POINT('Ctrl Pts',(-26.1915088008753,-5.55112909946094,-6.588));
#7585=CARTESIAN_POINT('Ctrl Pts',(-28.6472291335421,-6.07679983053228,-6.588));
#7586=CARTESIAN_POINT('Ctrl Pts',(-29.651516216534,-6.52779339386945,-6.588));
#7587=CARTESIAN_POINT('',(-23.0055115804177,-5.10515369859784,-4.588));
#7588=CARTESIAN_POINT('Ctrl Pts',(-15.3178125925143,-1.41822376867217,-4.588));
#7589=CARTESIAN_POINT('Ctrl Pts',(-15.3178125925143,-1.41822376867217,-6.988));
#7590=CARTESIAN_POINT('Ctrl Pts',(-16.6039732542938,-3.88430615935519,-4.588));
#7591=CARTESIAN_POINT('Ctrl Pts',(-16.6039732542938,-3.88430615935519,-6.988));
#7592=CARTESIAN_POINT('Ctrl Pts',(-17.5602568573103,-4.34292791243414,-4.588));
#7593=CARTESIAN_POINT('Ctrl Pts',(-17.5602568573103,-4.34292791243414,-6.988));
#7594=CARTESIAN_POINT('Ctrl Pts',(-23.0055115804177,-5.10515369859784,-4.588));
#7595=CARTESIAN_POINT('Ctrl Pts',(-23.0055115804177,-5.10515369859784,-6.988));
#7596=CARTESIAN_POINT('',(-15.3178125925143,-1.41822376867217,-4.588));
#7597=CARTESIAN_POINT('Ctrl Pts',(-23.0055115804177,-5.10515369859784,-4.588));
#7598=CARTESIAN_POINT('Ctrl Pts',(-17.5602568573103,-4.34292791243414,-4.588));
#7599=CARTESIAN_POINT('Ctrl Pts',(-16.6039732542938,-3.88430615935519,-4.588));
#7600=CARTESIAN_POINT('Ctrl Pts',(-15.3178125925143,-1.41822376867217,-4.588));
#7601=CARTESIAN_POINT('',(-15.3178125925143,-1.41822376867217,-6.588));
#7602=CARTESIAN_POINT('Ctrl Pts',(-15.3178125925143,-1.41822376867217,-6.588));
#7603=CARTESIAN_POINT('Ctrl Pts',(-16.6039732542938,-3.88430615935519,-6.588));
#7604=CARTESIAN_POINT('Ctrl Pts',(-17.5602568573103,-4.34292791243414,-6.588));
#7605=CARTESIAN_POINT('Ctrl Pts',(-23.0055115804177,-5.10515369859784,-6.588));
#7606=CARTESIAN_POINT('',(-15.3178125925143,-1.41822376867217,-4.588));
#7607=CARTESIAN_POINT('Ctrl Pts',(-12.9431581665755,2.01284231591977,-4.588));
#7608=CARTESIAN_POINT('Ctrl Pts',(-12.9431581665755,2.01284231591977,-6.988));
#7609=CARTESIAN_POINT('Ctrl Pts',(-13.8443065045825,1.16678137160884,-4.588));
#7610=CARTESIAN_POINT('Ctrl Pts',(-13.8443065045825,1.16678137160884,-6.988));
#7611=CARTESIAN_POINT('Ctrl Pts',(-14.3528184917981,0.432048288937459,-4.588));
#7612=CARTESIAN_POINT('Ctrl Pts',(-14.3528184917981,0.432048288937459,-6.988));
#7613=CARTESIAN_POINT('Ctrl Pts',(-15.3178125925143,-1.41822376867217,-4.588));
#7614=CARTESIAN_POINT('Ctrl Pts',(-15.3178125925143,-1.41822376867217,-6.988));
#7615=CARTESIAN_POINT('',(-12.9431581665755,2.01284231591977,-4.588));
#7616=CARTESIAN_POINT('Ctrl Pts',(-15.3178125925143,-1.41822376867217,-4.588));
#7617=CARTESIAN_POINT('Ctrl Pts',(-14.3528184917981,0.432048288937459,-4.588));
#7618=CARTESIAN_POINT('Ctrl Pts',(-13.8443065045825,1.16678137160884,-4.588));
#7619=CARTESIAN_POINT('Ctrl Pts',(-12.9431581665755,2.01284231591977,-4.588));
#7620=CARTESIAN_POINT('',(-12.9431581665755,2.01284231591977,-6.588));
#7621=CARTESIAN_POINT('Ctrl Pts',(-12.9431581665755,2.01284231591977,-6.588));
#7622=CARTESIAN_POINT('Ctrl Pts',(-13.8443065045825,1.16678137160884,-6.588));
#7623=CARTESIAN_POINT('Ctrl Pts',(-14.3528184917981,0.432048288937459,-6.588));
#7624=CARTESIAN_POINT('Ctrl Pts',(-15.3178125925143,-1.41822376867217,-6.588));
#7625=CARTESIAN_POINT('',(-12.9431581665755,2.01284231591977,-4.588));
#7626=CARTESIAN_POINT('Ctrl Pts',(-12.2872732999992,3.39684153573262,-4.588));
#7627=CARTESIAN_POINT('Ctrl Pts',(-12.2872732999992,3.39684153573262,-6.988));
#7628=CARTESIAN_POINT('Ctrl Pts',(-11.9789383323215,3.0885044866935,-4.588));
#7629=CARTESIAN_POINT('Ctrl Pts',(-11.9789383323215,3.0885044866935,-6.988));
#7630=CARTESIAN_POINT('Ctrl Pts',(-12.124413010033,2.78153905485488,-4.588));
#7631=CARTESIAN_POINT('Ctrl Pts',(-12.124413010033,2.78153905485488,-6.988));
#7632=CARTESIAN_POINT('Ctrl Pts',(-12.9431581665755,2.01284231591977,-4.588));
#7633=CARTESIAN_POINT('Ctrl Pts',(-12.9431581665755,2.01284231591977,-6.988));
#7634=CARTESIAN_POINT('Ctrl Pts',(-12.9431581665755,2.01284231591977,-4.588));
#7635=CARTESIAN_POINT('Ctrl Pts',(-12.124413010033,2.78153905485488,-4.588));
#7636=CARTESIAN_POINT('Ctrl Pts',(-11.9789383323215,3.0885044866935,-4.588));
#7637=CARTESIAN_POINT('Ctrl Pts',(-12.2872732999992,3.39684153573262,-4.588));
#7638=CARTESIAN_POINT('Ctrl Pts',(-12.2872732999992,3.39684153573262,-6.588));
#7639=CARTESIAN_POINT('Ctrl Pts',(-11.9789383323215,3.0885044866935,-6.588));
#7640=CARTESIAN_POINT('Ctrl Pts',(-12.124413010033,2.78153905485488,-6.588));
#7641=CARTESIAN_POINT('Ctrl Pts',(-12.9431581665755,2.01284231591977,-6.588));
#7642=CARTESIAN_POINT('Origin',(-22.9318817277519,-2.30735224426199,-6.588));
#7643=CARTESIAN_POINT('Origin',(-22.9318817277519,-2.30735224426199,-4.588));
#7644=CARTESIAN_POINT('Ctrl Pts',(-14.7834688282495,5.74979152439242,-4.588));
#7645=CARTESIAN_POINT('Ctrl Pts',(-14.7834688282495,5.74979152439242,-6.988));
#7646=CARTESIAN_POINT('Ctrl Pts',(-13.5678371808194,6.05185118727568,-4.588));
#7647=CARTESIAN_POINT('Ctrl Pts',(-13.5678371808194,6.05185118727568,-6.988));
#7648=CARTESIAN_POINT('Ctrl Pts',(-13.1242865660543,5.35916993149192,-4.588));
#7649=CARTESIAN_POINT('Ctrl Pts',(-13.1242865660543,5.35916993149192,-6.988));
#7650=CARTESIAN_POINT('Ctrl Pts',(-14.1466284190094,4.75525874187116,-4.588));
#7651=CARTESIAN_POINT('Ctrl Pts',(-14.1466284190094,4.75525874187116,-6.988));
#7652=CARTESIAN_POINT('',(-14.1466284190094,4.75525874187116,-4.588));
#7653=CARTESIAN_POINT('',(-14.7834688282495,5.74979152439242,-4.588));
#7654=CARTESIAN_POINT('Ctrl Pts',(-14.1466284190094,4.75525874187116,-4.588));
#7655=CARTESIAN_POINT('Ctrl Pts',(-13.1242865660543,5.35916993149192,-4.588));
#7656=CARTESIAN_POINT('Ctrl Pts',(-13.5678371808194,6.05185118727568,-4.588));
#7657=CARTESIAN_POINT('Ctrl Pts',(-14.7834688282495,5.74979152439242,-4.588));
#7658=CARTESIAN_POINT('',(-14.1466284190094,4.75525874187116,-6.588));
#7659=CARTESIAN_POINT('',(-14.1466284190094,4.75525874187116,-4.588));
#7660=CARTESIAN_POINT('',(-14.7834688282495,5.74979152439242,-6.588));
#7661=CARTESIAN_POINT('Ctrl Pts',(-14.7834688282495,5.74979152439242,-6.588));
#7662=CARTESIAN_POINT('Ctrl Pts',(-13.5678371808194,6.05185118727568,-6.588));
#7663=CARTESIAN_POINT('Ctrl Pts',(-13.1242865660543,5.35916993149192,-6.588));
#7664=CARTESIAN_POINT('Ctrl Pts',(-14.1466284190094,4.75525874187116,-6.588));
#7665=CARTESIAN_POINT('',(-14.7834688282495,5.74979152439242,-4.588));
#7666=CARTESIAN_POINT('Ctrl Pts',(-18.5636218971765,2.79144633539265,-4.588));
#7667=CARTESIAN_POINT('Ctrl Pts',(-18.5636218971765,2.79144633539265,-6.988));
#7668=CARTESIAN_POINT('Ctrl Pts',(-17.132955431444,4.5850117000923,-4.588));
#7669=CARTESIAN_POINT('Ctrl Pts',(-17.132955431444,4.5850117000923,-6.988));
#7670=CARTESIAN_POINT('Ctrl Pts',(-16.0452130387709,5.43627188532409,-4.588));
#7671=CARTESIAN_POINT('Ctrl Pts',(-16.0452130387709,5.43627188532409,-6.988));
#7672=CARTESIAN_POINT('Ctrl Pts',(-14.7834688282495,5.74979152439242,-4.588));
#7673=CARTESIAN_POINT('Ctrl Pts',(-14.7834688282495,5.74979152439242,-6.988));
#7674=CARTESIAN_POINT('',(-18.5636218971765,2.79144633539265,-4.588));
#7675=CARTESIAN_POINT('Ctrl Pts',(-14.7834688282495,5.74979152439242,-4.588));
#7676=CARTESIAN_POINT('Ctrl Pts',(-16.0452130387709,5.43627188532409,-4.588));
#7677=CARTESIAN_POINT('Ctrl Pts',(-17.132955431444,4.5850117000923,-4.588));
#7678=CARTESIAN_POINT('Ctrl Pts',(-18.5636218971765,2.79144633539265,-4.588));
#7679=CARTESIAN_POINT('',(-18.5636218971765,2.79144633539265,-6.588));
#7680=CARTESIAN_POINT('Ctrl Pts',(-18.5636218971765,2.79144633539265,-6.588));
#7681=CARTESIAN_POINT('Ctrl Pts',(-17.132955431444,4.5850117000923,-6.588));
#7682=CARTESIAN_POINT('Ctrl Pts',(-16.0452130387709,5.43627188532409,-6.588));
#7683=CARTESIAN_POINT('Ctrl Pts',(-14.7834688282495,5.74979152439242,-6.588));
#7684=CARTESIAN_POINT('',(-18.5636218971765,2.79144633539265,-4.588));
#7685=CARTESIAN_POINT('Ctrl Pts',(-25.5861156818968,1.47298502515401,-4.588));
#7686=CARTESIAN_POINT('Ctrl Pts',(-25.5861156818968,1.47298502515401,-6.988));
#7687=CARTESIAN_POINT('Ctrl Pts',(-24.4428446468986,0.32971399015584,-4.588));
#7688=CARTESIAN_POINT('Ctrl Pts',(-24.4428446468986,0.32971399015584,-6.988));
#7689=CARTESIAN_POINT('Ctrl Pts',(-19.8375784960498,1.19434484139071,-4.588));
#7690=CARTESIAN_POINT('Ctrl Pts',(-19.8375784960498,1.19434484139071,-6.988));
#7691=CARTESIAN_POINT('Ctrl Pts',(-18.5636218971765,2.79144633539265,-4.588));
#7692=CARTESIAN_POINT('Ctrl Pts',(-18.5636218971765,2.79144633539265,-6.988));
#7693=CARTESIAN_POINT('',(-25.5861156818968,1.47298502515401,-4.588));
#7694=CARTESIAN_POINT('Ctrl Pts',(-18.5636218971765,2.79144633539265,-4.588));
#7695=CARTESIAN_POINT('Ctrl Pts',(-19.8375784960498,1.19434484139071,-4.588));
#7696=CARTESIAN_POINT('Ctrl Pts',(-24.4428446468986,0.32971399015584,-4.588));
#7697=CARTESIAN_POINT('Ctrl Pts',(-25.5861156818968,1.47298502515401,-4.588));
#7698=CARTESIAN_POINT('',(-25.5861156818968,1.47298502515401,-6.588));
#7699=CARTESIAN_POINT('Ctrl Pts',(-25.5861156818968,1.47298502515401,-6.588));
#7700=CARTESIAN_POINT('Ctrl Pts',(-24.4428446468986,0.32971399015584,-6.588));
#7701=CARTESIAN_POINT('Ctrl Pts',(-19.8375784960498,1.19434484139071,-6.588));
#7702=CARTESIAN_POINT('Ctrl Pts',(-18.5636218971765,2.79144633539265,-6.588));
#7703=CARTESIAN_POINT('',(-25.5861156818968,1.47298502515401,-4.588));
#7704=CARTESIAN_POINT('Ctrl Pts',(-31.7657793156286,-1.89258893981578,-4.588));
#7705=CARTESIAN_POINT('Ctrl Pts',(-31.7657793156286,-1.89258893981578,-6.988));
#7706=CARTESIAN_POINT('Ctrl Pts',(-31.7657793156286,-0.497215079637607,
-4.588));
#7707=CARTESIAN_POINT('Ctrl Pts',(-31.7657793156286,-0.497215079637607,
-6.988));
#7708=CARTESIAN_POINT('Ctrl Pts',(-26.4894931580248,2.37636250128197,-4.588));
#7709=CARTESIAN_POINT('Ctrl Pts',(-26.4894931580248,2.37636250128197,-6.988));
#7710=CARTESIAN_POINT('Ctrl Pts',(-25.5861156818968,1.47298502515401,-4.588));
#7711=CARTESIAN_POINT('Ctrl Pts',(-25.5861156818968,1.47298502515401,-6.988));
#7712=CARTESIAN_POINT('',(-31.7657793156286,-1.89258893981578,-4.588));
#7713=CARTESIAN_POINT('Ctrl Pts',(-25.5861156818968,1.47298502515401,-4.588));
#7714=CARTESIAN_POINT('Ctrl Pts',(-26.4894931580248,2.37636250128197,-4.588));
#7715=CARTESIAN_POINT('Ctrl Pts',(-31.7657793156286,-0.497215079637607,
-4.588));
#7716=CARTESIAN_POINT('Ctrl Pts',(-31.7657793156286,-1.89258893981578,-4.588));
#7717=CARTESIAN_POINT('',(-31.7657793156286,-1.89258893981578,-6.588));
#7718=CARTESIAN_POINT('Ctrl Pts',(-31.7657793156286,-1.89258893981578,-6.588));
#7719=CARTESIAN_POINT('Ctrl Pts',(-31.7657793156286,-0.497215079637607,
-6.588));
#7720=CARTESIAN_POINT('Ctrl Pts',(-26.4894931580248,2.37636250128197,-6.588));
#7721=CARTESIAN_POINT('Ctrl Pts',(-25.5861156818968,1.47298502515401,-6.588));
#7722=CARTESIAN_POINT('',(-31.7657793156286,-1.89258893981578,-4.588));
#7723=CARTESIAN_POINT('Ctrl Pts',(-30.738998439025,-1.9857423532083,-4.588));
#7724=CARTESIAN_POINT('Ctrl Pts',(-30.738998439025,-1.9857423532083,-6.988));
#7725=CARTESIAN_POINT('Ctrl Pts',(-31.1686018506633,-2.27746389373208,-4.588));
#7726=CARTESIAN_POINT('Ctrl Pts',(-31.1686018506633,-2.27746389373208,-6.988));
#7727=CARTESIAN_POINT('Ctrl Pts',(-31.7657793156286,-2.22328605499298,-4.588));
#7728=CARTESIAN_POINT('Ctrl Pts',(-31.7657793156286,-2.22328605499298,-6.988));
#7729=CARTESIAN_POINT('Ctrl Pts',(-31.7657793156286,-1.89258893981578,-4.588));
#7730=CARTESIAN_POINT('Ctrl Pts',(-31.7657793156286,-1.89258893981578,-6.988));
#7731=CARTESIAN_POINT('',(-30.738998439025,-1.9857423532083,-4.588));
#7732=CARTESIAN_POINT('Ctrl Pts',(-31.7657793156286,-1.89258893981578,-4.588));
#7733=CARTESIAN_POINT('Ctrl Pts',(-31.7657793156286,-2.22328605499298,-4.588));
#7734=CARTESIAN_POINT('Ctrl Pts',(-31.1686018506633,-2.27746389373208,-4.588));
#7735=CARTESIAN_POINT('Ctrl Pts',(-30.738998439025,-1.9857423532083,-4.588));
#7736=CARTESIAN_POINT('',(-30.738998439025,-1.9857423532083,-6.588));
#7737=CARTESIAN_POINT('Ctrl Pts',(-30.738998439025,-1.9857423532083,-6.588));
#7738=CARTESIAN_POINT('Ctrl Pts',(-31.1686018506633,-2.27746389373208,-6.588));
#7739=CARTESIAN_POINT('Ctrl Pts',(-31.7657793156286,-2.22328605499298,-6.588));
#7740=CARTESIAN_POINT('Ctrl Pts',(-31.7657793156286,-1.89258893981578,-6.588));
#7741=CARTESIAN_POINT('',(-30.738998439025,-1.9857423532083,-4.588));
#7742=CARTESIAN_POINT('Ctrl Pts',(-23.4783334220405,-0.805522989616327,
-4.588));
#7743=CARTESIAN_POINT('Ctrl Pts',(-23.4783334220405,-0.805522989616327,
-6.988));
#7744=CARTESIAN_POINT('Ctrl Pts',(-26.0379126507566,-0.807389970843717,
-4.588));
#7745=CARTESIAN_POINT('Ctrl Pts',(-26.0379126507566,-0.807389970843717,
-6.988));
#7746=CARTESIAN_POINT('Ctrl Pts',(-29.9370758864628,-1.44119575507876,-4.588));
#7747=CARTESIAN_POINT('Ctrl Pts',(-29.9370758864628,-1.44119575507876,-6.988));
#7748=CARTESIAN_POINT('Ctrl Pts',(-30.738998439025,-1.9857423532083,-4.588));
#7749=CARTESIAN_POINT('Ctrl Pts',(-30.738998439025,-1.9857423532083,-6.988));
#7750=CARTESIAN_POINT('',(-23.4783334220405,-0.805522989616327,-4.588));
#7751=CARTESIAN_POINT('Ctrl Pts',(-30.738998439025,-1.9857423532083,-4.588));
#7752=CARTESIAN_POINT('Ctrl Pts',(-29.9370758864628,-1.44119575507876,-4.588));
#7753=CARTESIAN_POINT('Ctrl Pts',(-26.0379126507566,-0.807389970843717,
-4.588));
#7754=CARTESIAN_POINT('Ctrl Pts',(-23.4783334220405,-0.805522989616327,
-4.588));
#7755=CARTESIAN_POINT('',(-23.4783334220405,-0.805522989616327,-6.588));
#7756=CARTESIAN_POINT('Ctrl Pts',(-23.4783334220405,-0.805522989616327,
-6.588));
#7757=CARTESIAN_POINT('Ctrl Pts',(-26.0379126507566,-0.807389970843717,
-6.588));
#7758=CARTESIAN_POINT('Ctrl Pts',(-29.9370758864628,-1.44119575507876,-6.588));
#7759=CARTESIAN_POINT('Ctrl Pts',(-30.738998439025,-1.9857423532083,-6.588));
#7760=CARTESIAN_POINT('',(-23.4783334220405,-0.805522989616327,-4.588));
#7761=CARTESIAN_POINT('Ctrl Pts',(-16.7067508830658,1.99188092468114,-4.588));
#7762=CARTESIAN_POINT('Ctrl Pts',(-16.7067508830658,1.99188092468114,-6.988));
#7763=CARTESIAN_POINT('Ctrl Pts',(-18.2322785192668,-0.335976170246872,
-4.588));
#7764=CARTESIAN_POINT('Ctrl Pts',(-18.2322785192668,-0.335976170246872,
-6.988));
#7765=CARTESIAN_POINT('Ctrl Pts',(-19.3616314901985,-0.802521666394589,
-4.588));
#7766=CARTESIAN_POINT('Ctrl Pts',(-19.3616314901985,-0.802521666394589,
-6.988));
#7767=CARTESIAN_POINT('Ctrl Pts',(-23.4783334220405,-0.805522989616327,
-4.588));
#7768=CARTESIAN_POINT('Ctrl Pts',(-23.4783334220405,-0.805522989616327,
-6.988));
#7769=CARTESIAN_POINT('',(-16.7067508830658,1.99188092468114,-4.588));
#7770=CARTESIAN_POINT('Ctrl Pts',(-23.4783334220405,-0.805522989616327,
-4.588));
#7771=CARTESIAN_POINT('Ctrl Pts',(-19.3616314901985,-0.802521666394589,
-4.588));
#7772=CARTESIAN_POINT('Ctrl Pts',(-18.2322785192668,-0.335976170246872,
-4.588));
#7773=CARTESIAN_POINT('Ctrl Pts',(-16.7067508830658,1.99188092468114,-4.588));
#7774=CARTESIAN_POINT('',(-16.7067508830658,1.99188092468114,-6.588));
#7775=CARTESIAN_POINT('Ctrl Pts',(-16.7067508830658,1.99188092468114,-6.588));
#7776=CARTESIAN_POINT('Ctrl Pts',(-18.2322785192668,-0.335976170246872,
-6.588));
#7777=CARTESIAN_POINT('Ctrl Pts',(-19.3616314901985,-0.802521666394589,
-6.588));
#7778=CARTESIAN_POINT('Ctrl Pts',(-23.4783334220405,-0.805522989616327,
-6.588));
#7779=CARTESIAN_POINT('',(-16.7067508830658,1.99188092468114,-4.588));
#7780=CARTESIAN_POINT('Ctrl Pts',(-14.1466284190094,4.75525874187116,-4.588));
#7781=CARTESIAN_POINT('Ctrl Pts',(-14.1466284190094,4.75525874187116,-6.988));
#7782=CARTESIAN_POINT('Ctrl Pts',(-14.8278892444758,4.35283166678363,-4.588));
#7783=CARTESIAN_POINT('Ctrl Pts',(-14.8278892444758,4.35283166678363,-6.988));
#7784=CARTESIAN_POINT('Ctrl Pts',(-15.9612030462612,3.1295385278284,-4.588));
#7785=CARTESIAN_POINT('Ctrl Pts',(-15.9612030462612,3.1295385278284,-6.988));
#7786=CARTESIAN_POINT('Ctrl Pts',(-16.7067508830658,1.99188092468114,-4.588));
#7787=CARTESIAN_POINT('Ctrl Pts',(-16.7067508830658,1.99188092468114,-6.988));
#7788=CARTESIAN_POINT('Ctrl Pts',(-16.7067508830658,1.99188092468114,-4.588));
#7789=CARTESIAN_POINT('Ctrl Pts',(-15.9612030462612,3.1295385278284,-4.588));
#7790=CARTESIAN_POINT('Ctrl Pts',(-14.8278892444758,4.35283166678363,-4.588));
#7791=CARTESIAN_POINT('Ctrl Pts',(-14.1466284190094,4.75525874187116,-4.588));
#7792=CARTESIAN_POINT('Ctrl Pts',(-14.1466284190094,4.75525874187116,-6.588));
#7793=CARTESIAN_POINT('Ctrl Pts',(-14.8278892444758,4.35283166678363,-6.588));
#7794=CARTESIAN_POINT('Ctrl Pts',(-15.9612030462612,3.1295385278284,-6.588));
#7795=CARTESIAN_POINT('Ctrl Pts',(-16.7067508830658,1.99188092468114,-6.588));
#7796=CARTESIAN_POINT('Origin',(-22.4450329408414,1.8871936467718,-6.588));
#7797=CARTESIAN_POINT('Origin',(-22.4450329408414,1.8871936467718,-4.588));
#7798=CARTESIAN_POINT('Ctrl Pts',(13.0376859902249,-0.0494018366075233,
-4.588));
#7799=CARTESIAN_POINT('Ctrl Pts',(13.0376859902249,-0.0494018366075233,
-6.988));
#7800=CARTESIAN_POINT('Ctrl Pts',(13.0781018670069,0.210545639905844,-4.588));
#7801=CARTESIAN_POINT('Ctrl Pts',(13.0781018670069,0.210545639905844,-6.988));
#7802=CARTESIAN_POINT('Ctrl Pts',(13.1446429928036,0.638065608725165,-4.588));
#7803=CARTESIAN_POINT('Ctrl Pts',(13.1446429928036,0.638065608725165,-6.988));
#7804=CARTESIAN_POINT('Ctrl Pts',(13.1855542336125,0.900643926120832,-4.588));
#7805=CARTESIAN_POINT('Ctrl Pts',(13.1855542336125,0.900643926120832,-6.988));
#7806=CARTESIAN_POINT('',(13.0376859902249,-0.0494018366075233,-4.588));
#7807=CARTESIAN_POINT('',(13.1855542336125,0.900643926120832,-4.588));
#7808=CARTESIAN_POINT('Ctrl Pts',(13.0376859902249,-0.0494018366075233,
-4.588));
#7809=CARTESIAN_POINT('Ctrl Pts',(13.0781018670069,0.210545639905844,-4.588));
#7810=CARTESIAN_POINT('Ctrl Pts',(13.1446429928036,0.638065608725165,-4.588));
#7811=CARTESIAN_POINT('Ctrl Pts',(13.1855542336125,0.900643926120832,-4.588));
#7812=CARTESIAN_POINT('',(13.1855542336125,0.900643926120832,-6.588));
#7813=CARTESIAN_POINT('',(13.1855542336125,0.900643926120832,-4.588));
#7814=CARTESIAN_POINT('',(13.0376859902249,-0.0494018366075233,-6.588));
#7815=CARTESIAN_POINT('Ctrl Pts',(13.0376859902249,-0.0494018366075233,
-6.588));
#7816=CARTESIAN_POINT('Ctrl Pts',(13.0781018670069,0.210545639905844,-6.588));
#7817=CARTESIAN_POINT('Ctrl Pts',(13.1446429928036,0.638065608725165,-6.588));
#7818=CARTESIAN_POINT('Ctrl Pts',(13.1855542336125,0.900643926120832,-6.588));
#7819=CARTESIAN_POINT('',(13.0376859902249,-0.0494018366075233,-4.588));
#7820=CARTESIAN_POINT('Ctrl Pts',(11.7976066711148,-0.385252402753529,-4.588));
#7821=CARTESIAN_POINT('Ctrl Pts',(11.7976066711148,-0.385252402753529,-6.988));
#7822=CARTESIAN_POINT('Ctrl Pts',(12.8749235242472,-0.705551036088985,-4.588));
#7823=CARTESIAN_POINT('Ctrl Pts',(12.8749235242472,-0.705551036088985,-6.988));
#7824=CARTESIAN_POINT('Ctrl Pts',(12.9383342824119,-0.688377722703035,-4.588));
#7825=CARTESIAN_POINT('Ctrl Pts',(12.9383342824119,-0.688377722703035,-6.988));
#7826=CARTESIAN_POINT('Ctrl Pts',(13.0376859902249,-0.0494018366075233,
-4.588));
#7827=CARTESIAN_POINT('Ctrl Pts',(13.0376859902249,-0.0494018366075233,
-6.988));
#7828=CARTESIAN_POINT('',(11.7976066711148,-0.385252402753529,-4.588));
#7829=CARTESIAN_POINT('Ctrl Pts',(11.7976066711148,-0.385252402753529,-4.588));
#7830=CARTESIAN_POINT('Ctrl Pts',(12.8749235242472,-0.705551036088985,-4.588));
#7831=CARTESIAN_POINT('Ctrl Pts',(12.9383342824119,-0.688377722703035,-4.588));
#7832=CARTESIAN_POINT('Ctrl Pts',(13.0376859902249,-0.0494018366075233,
-4.588));
#7833=CARTESIAN_POINT('',(11.7976066711148,-0.385252402753529,-6.588));
#7834=CARTESIAN_POINT('Ctrl Pts',(11.7976066711148,-0.385252402753529,-6.588));
#7835=CARTESIAN_POINT('Ctrl Pts',(12.8749235242472,-0.705551036088985,-6.588));
#7836=CARTESIAN_POINT('Ctrl Pts',(12.9383342824119,-0.688377722703035,-6.588));
#7837=CARTESIAN_POINT('Ctrl Pts',(13.0376859902249,-0.0494018366075233,
-6.588));
#7838=CARTESIAN_POINT('',(11.7976066711148,-0.385252402753529,-4.588));
#7839=CARTESIAN_POINT('Ctrl Pts',(10.4073321465075,0.47933682125219,-4.588));
#7840=CARTESIAN_POINT('Ctrl Pts',(10.4073321465075,0.47933682125219,-6.988));
#7841=CARTESIAN_POINT('Ctrl Pts',(10.458945747931,0.0453708759989446,-4.588));
#7842=CARTESIAN_POINT('Ctrl Pts',(10.458945747931,0.0453708759989446,-6.988));
#7843=CARTESIAN_POINT('Ctrl Pts',(10.5594546927144,-0.0171365712931325,
-4.588));
#7844=CARTESIAN_POINT('Ctrl Pts',(10.5594546927144,-0.0171365712931325,
-6.988));
#7845=CARTESIAN_POINT('Ctrl Pts',(11.7976066711148,-0.385252402753529,-4.588));
#7846=CARTESIAN_POINT('Ctrl Pts',(11.7976066711148,-0.385252402753529,-6.988));
#7847=CARTESIAN_POINT('',(10.4073321465075,0.47933682125219,-4.588));
#7848=CARTESIAN_POINT('Ctrl Pts',(10.4073321465075,0.47933682125219,-4.588));
#7849=CARTESIAN_POINT('Ctrl Pts',(10.458945747931,0.0453708759989446,-4.588));
#7850=CARTESIAN_POINT('Ctrl Pts',(10.5594546927144,-0.0171365712931325,
-4.588));
#7851=CARTESIAN_POINT('Ctrl Pts',(11.7976066711148,-0.385252402753529,-4.588));
#7852=CARTESIAN_POINT('',(10.4073321465075,0.47933682125219,-6.588));
#7853=CARTESIAN_POINT('Ctrl Pts',(10.4073321465075,0.47933682125219,-6.588));
#7854=CARTESIAN_POINT('Ctrl Pts',(10.458945747931,0.0453708759989446,-6.588));
#7855=CARTESIAN_POINT('Ctrl Pts',(10.5594546927144,-0.0171365712931325,
-6.588));
#7856=CARTESIAN_POINT('Ctrl Pts',(11.7976066711148,-0.385252402753529,-6.588));
#7857=CARTESIAN_POINT('',(10.4073321465075,0.47933682125219,-4.588));
#7858=CARTESIAN_POINT('Ctrl Pts',(12.2648265283747,1.35948214079137,-4.588));
#7859=CARTESIAN_POINT('Ctrl Pts',(12.2648265283747,1.35948214079137,-6.988));
#7860=CARTESIAN_POINT('Ctrl Pts',(10.6266535287317,1.32890277825757,-4.588));
#7861=CARTESIAN_POINT('Ctrl Pts',(10.6266535287317,1.32890277825757,-6.988));
#7862=CARTESIAN_POINT('Ctrl Pts',(10.3233825134801,1.18520142050785,-4.588));
#7863=CARTESIAN_POINT('Ctrl Pts',(10.3233825134801,1.18520142050785,-6.988));
#7864=CARTESIAN_POINT('Ctrl Pts',(10.4073321465075,0.47933682125219,-4.588));
#7865=CARTESIAN_POINT('Ctrl Pts',(10.4073321465075,0.47933682125219,-6.988));
#7866=CARTESIAN_POINT('',(12.2648265283747,1.35948214079137,-4.588));
#7867=CARTESIAN_POINT('Ctrl Pts',(12.2648265283747,1.35948214079137,-4.588));
#7868=CARTESIAN_POINT('Ctrl Pts',(10.6266535287317,1.32890277825757,-4.588));
#7869=CARTESIAN_POINT('Ctrl Pts',(10.3233825134801,1.18520142050785,-4.588));
#7870=CARTESIAN_POINT('Ctrl Pts',(10.4073321465075,0.47933682125219,-4.588));
#7871=CARTESIAN_POINT('',(12.2648265283747,1.35948214079137,-6.588));
#7872=CARTESIAN_POINT('Ctrl Pts',(12.2648265283747,1.35948214079137,-6.588));
#7873=CARTESIAN_POINT('Ctrl Pts',(10.6266535287317,1.32890277825757,-6.588));
#7874=CARTESIAN_POINT('Ctrl Pts',(10.3233825134801,1.18520142050785,-6.588));
#7875=CARTESIAN_POINT('Ctrl Pts',(10.4073321465075,0.47933682125219,-6.588));
#7876=CARTESIAN_POINT('',(12.2648265283747,1.35948214079137,-4.588));
#7877=CARTESIAN_POINT('Origin',(13.2599379293812,1.37805829179969,-4.588));
#7878=CARTESIAN_POINT('',(13.2599379293812,1.37805829179969,-4.588));
#7879=CARTESIAN_POINT('',(12.2648265283747,1.35948214079137,-4.588));
#7880=CARTESIAN_POINT('',(13.2599379293812,1.37805829179969,-6.588));
#7881=CARTESIAN_POINT('',(12.2648265283747,1.35948214079137,-6.588));
#7882=CARTESIAN_POINT('',(13.2599379293812,1.37805829179969,-4.588));
#7883=CARTESIAN_POINT('Origin',(13.1855542336125,0.900643926120832,-4.588));
#7884=CARTESIAN_POINT('',(13.2599379293812,1.37805829179969,-4.588));
#7885=CARTESIAN_POINT('',(13.2599379293812,1.37805829179969,-6.588));
#7886=CARTESIAN_POINT('Ctrl Pts',(4.5286515914451,9.44080716685919,-4.588));
#7887=CARTESIAN_POINT('Ctrl Pts',(4.5286515914451,9.44080716685919,-6.988));
#7888=CARTESIAN_POINT('Ctrl Pts',(5.95306876940143,10.4164078855629,-4.588));
#7889=CARTESIAN_POINT('Ctrl Pts',(5.95306876940143,10.4164078855629,-6.988));
#7890=CARTESIAN_POINT('Ctrl Pts',(5.88589490972161,10.2772064312843,-4.588));
#7891=CARTESIAN_POINT('Ctrl Pts',(5.88589490972161,10.2772064312843,-6.988));
#7892=CARTESIAN_POINT('Ctrl Pts',(5.17926436944958,10.7890839799767,-4.588));
#7893=CARTESIAN_POINT('Ctrl Pts',(5.17926436944958,10.7890839799767,-6.988));
#7894=CARTESIAN_POINT('',(4.5286515914451,9.44080716685919,-4.588));
#7895=CARTESIAN_POINT('',(5.17926436944958,10.7890839799767,-4.588));
#7896=CARTESIAN_POINT('Ctrl Pts',(4.5286515914451,9.44080716685919,-4.588));
#7897=CARTESIAN_POINT('Ctrl Pts',(5.95306876940143,10.4164078855629,-4.588));
#7898=CARTESIAN_POINT('Ctrl Pts',(5.88589490972161,10.2772064312843,-4.588));
#7899=CARTESIAN_POINT('Ctrl Pts',(5.17926436944958,10.7890839799767,-4.588));
#7900=CARTESIAN_POINT('',(5.17926436944958,10.7890839799767,-6.588));
#7901=CARTESIAN_POINT('',(5.17926436944958,10.7890839799767,-4.588));
#7902=CARTESIAN_POINT('',(4.5286515914451,9.44080716685919,-6.588));
#7903=CARTESIAN_POINT('Ctrl Pts',(4.5286515914451,9.44080716685919,-6.588));
#7904=CARTESIAN_POINT('Ctrl Pts',(5.95306876940143,10.4164078855629,-6.588));
#7905=CARTESIAN_POINT('Ctrl Pts',(5.88589490972161,10.2772064312843,-6.588));
#7906=CARTESIAN_POINT('Ctrl Pts',(5.17926436944958,10.7890839799767,-6.588));
#7907=CARTESIAN_POINT('',(4.5286515914451,9.44080716685919,-4.588));
#7908=CARTESIAN_POINT('Ctrl Pts',(2.89139855356626,9.17171210674005,-4.588));
#7909=CARTESIAN_POINT('Ctrl Pts',(2.89139855356626,9.17171210674005,-6.988));
#7910=CARTESIAN_POINT('Ctrl Pts',(3.10614926602969,8.45494117344701,-4.588));
#7911=CARTESIAN_POINT('Ctrl Pts',(3.10614926602969,8.45494117344701,-6.988));
#7912=CARTESIAN_POINT('Ctrl Pts',(3.08391616294052,8.45128630272762,-4.588));
#7913=CARTESIAN_POINT('Ctrl Pts',(3.08391616294052,8.45128630272762,-6.988));
#7914=CARTESIAN_POINT('Ctrl Pts',(4.5286515914451,9.44080716685919,-4.588));
#7915=CARTESIAN_POINT('Ctrl Pts',(4.5286515914451,9.44080716685919,-6.988));
#7916=CARTESIAN_POINT('',(2.89139855356626,9.17171210674005,-4.588));
#7917=CARTESIAN_POINT('Ctrl Pts',(2.89139855356626,9.17171210674005,-4.588));
#7918=CARTESIAN_POINT('Ctrl Pts',(3.10614926602969,8.45494117344701,-4.588));
#7919=CARTESIAN_POINT('Ctrl Pts',(3.08391616294052,8.45128630272762,-4.588));
#7920=CARTESIAN_POINT('Ctrl Pts',(4.5286515914451,9.44080716685919,-4.588));
#7921=CARTESIAN_POINT('',(2.89139855356626,9.17171210674005,-6.588));
#7922=CARTESIAN_POINT('Ctrl Pts',(2.89139855356626,9.17171210674005,-6.588));
#7923=CARTESIAN_POINT('Ctrl Pts',(3.10614926602969,8.45494117344701,-6.588));
#7924=CARTESIAN_POINT('Ctrl Pts',(3.08391616294052,8.45128630272762,-6.588));
#7925=CARTESIAN_POINT('Ctrl Pts',(4.5286515914451,9.44080716685919,-6.588));
#7926=CARTESIAN_POINT('',(2.89139855356626,9.17171210674005,-4.588));
#7927=CARTESIAN_POINT('Origin',(2.72235037598692,9.73594838425767,-4.588));
#7928=CARTESIAN_POINT('',(2.72235037598692,9.73594838425767,-4.588));
#7929=CARTESIAN_POINT('',(2.89139855356626,9.17171210674005,-4.588));
#7930=CARTESIAN_POINT('',(2.72235037598692,9.73594838425767,-6.588));
#7931=CARTESIAN_POINT('',(2.89139855356626,9.17171210674005,-6.588));
#7932=CARTESIAN_POINT('',(2.72235037598692,9.73594838425767,-4.588));
#7933=CARTESIAN_POINT('Origin',(3.4448658669027,10.467551099297,-4.588));
#7934=CARTESIAN_POINT('',(3.4448658669027,10.467551099297,-4.588));
#7935=CARTESIAN_POINT('',(2.72235037598692,9.73594838425767,-4.588));
#7936=CARTESIAN_POINT('',(3.4448658669027,10.467551099297,-6.588));
#7937=CARTESIAN_POINT('',(2.72235037598692,9.73594838425767,-6.588));
#7938=CARTESIAN_POINT('',(3.4448658669027,10.467551099297,-4.588));
#7939=CARTESIAN_POINT('Ctrl Pts',(5.17926436944958,10.7890839799767,-4.588));
#7940=CARTESIAN_POINT('Ctrl Pts',(5.17926436944958,10.7890839799767,-6.988));
#7941=CARTESIAN_POINT('Ctrl Pts',(4.41756933045755,11.3408612278097,-4.588));
#7942=CARTESIAN_POINT('Ctrl Pts',(4.41756933045755,11.3408612278097,-6.988));
#7943=CARTESIAN_POINT('Ctrl Pts',(4.28261801627523,11.3158432630903,-4.588));
#7944=CARTESIAN_POINT('Ctrl Pts',(4.28261801627523,11.3158432630903,-6.988));
#7945=CARTESIAN_POINT('Ctrl Pts',(3.4448658669027,10.467551099297,-4.588));
#7946=CARTESIAN_POINT('Ctrl Pts',(3.4448658669027,10.467551099297,-6.988));
#7947=CARTESIAN_POINT('Ctrl Pts',(5.17926436944958,10.7890839799767,-4.588));
#7948=CARTESIAN_POINT('Ctrl Pts',(4.41756933045755,11.3408612278097,-4.588));
#7949=CARTESIAN_POINT('Ctrl Pts',(4.28261801627523,11.3158432630903,-4.588));
#7950=CARTESIAN_POINT('Ctrl Pts',(3.4448658669027,10.467551099297,-4.588));
#7951=CARTESIAN_POINT('Ctrl Pts',(5.17926436944958,10.7890839799767,-6.588));
#7952=CARTESIAN_POINT('Ctrl Pts',(4.41756933045755,11.3408612278097,-6.588));
#7953=CARTESIAN_POINT('Ctrl Pts',(4.28261801627523,11.3158432630903,-6.588));
#7954=CARTESIAN_POINT('Ctrl Pts',(3.4448658669027,10.467551099297,-6.588));
#7955=CARTESIAN_POINT('Ctrl Pts',(7.10420735070901,-0.12145440754376,-4.588));
#7956=CARTESIAN_POINT('Ctrl Pts',(7.10420735070901,-0.12145440754376,-6.988));
#7957=CARTESIAN_POINT('Ctrl Pts',(7.99332750085299,-0.110163021636742,-4.588));
#7958=CARTESIAN_POINT('Ctrl Pts',(7.99332750085299,-0.110163021636742,-6.988));
#7959=CARTESIAN_POINT('Ctrl Pts',(7.96856346223149,2.40693353836995,-4.588));
#7960=CARTESIAN_POINT('Ctrl Pts',(7.96856346223149,2.40693353836995,-6.988));
#7961=CARTESIAN_POINT('Ctrl Pts',(7.06965675051427,3.39001883287489,-4.588));
#7962=CARTESIAN_POINT('Ctrl Pts',(7.06965675051427,3.39001883287489,-6.988));
#7963=CARTESIAN_POINT('',(7.10420735070901,-0.12145440754376,-4.588));
#7964=CARTESIAN_POINT('',(7.06965675051427,3.39001883287489,-4.588));
#7965=CARTESIAN_POINT('Ctrl Pts',(7.10420735070901,-0.12145440754376,-4.588));
#7966=CARTESIAN_POINT('Ctrl Pts',(7.99332750085299,-0.110163021636742,-4.588));
#7967=CARTESIAN_POINT('Ctrl Pts',(7.96856346223149,2.40693353836995,-4.588));
#7968=CARTESIAN_POINT('Ctrl Pts',(7.06965675051427,3.39001883287489,-4.588));
#7969=CARTESIAN_POINT('',(7.06965675051427,3.39001883287489,-6.588));
#7970=CARTESIAN_POINT('',(7.06965675051427,3.39001883287489,-4.588));
#7971=CARTESIAN_POINT('',(7.10420735070901,-0.12145440754376,-6.588));
#7972=CARTESIAN_POINT('Ctrl Pts',(7.10420735070901,-0.12145440754376,-6.588));
#7973=CARTESIAN_POINT('Ctrl Pts',(7.99332750085299,-0.110163021636742,-6.588));
#7974=CARTESIAN_POINT('Ctrl Pts',(7.96856346223149,2.40693353836995,-6.588));
#7975=CARTESIAN_POINT('Ctrl Pts',(7.06965675051427,3.39001883287489,-6.588));
#7976=CARTESIAN_POINT('',(7.10420735070901,-0.12145440754376,-4.588));
#7977=CARTESIAN_POINT('Ctrl Pts',(4.24490374666506,2.88766767557354,-4.588));
#7978=CARTESIAN_POINT('Ctrl Pts',(4.24490374666506,2.88766767557354,-6.988));
#7979=CARTESIAN_POINT('Ctrl Pts',(4.24490374666506,2.63690524717219,-4.588));
#7980=CARTESIAN_POINT('Ctrl Pts',(4.24490374666506,2.63690524717219,-6.988));
#7981=CARTESIAN_POINT('Ctrl Pts',(6.86877206808079,-0.124441161235294,-4.588));
#7982=CARTESIAN_POINT('Ctrl Pts',(6.86877206808079,-0.124441161235294,-6.988));
#7983=CARTESIAN_POINT('Ctrl Pts',(7.10420735070901,-0.12145440754376,-4.588));
#7984=CARTESIAN_POINT('Ctrl Pts',(7.10420735070901,-0.12145440754376,-6.988));
#7985=CARTESIAN_POINT('',(4.24490374666506,2.88766767557354,-4.588));
#7986=CARTESIAN_POINT('Ctrl Pts',(4.24490374666506,2.88766767557354,-4.588));
#7987=CARTESIAN_POINT('Ctrl Pts',(4.24490374666506,2.63690524717219,-4.588));
#7988=CARTESIAN_POINT('Ctrl Pts',(6.86877206808079,-0.124441161235294,-4.588));
#7989=CARTESIAN_POINT('Ctrl Pts',(7.10420735070901,-0.12145440754376,-4.588));
#7990=CARTESIAN_POINT('',(4.24490374666506,2.88766767557354,-6.588));
#7991=CARTESIAN_POINT('Ctrl Pts',(4.24490374666506,2.88766767557354,-6.588));
#7992=CARTESIAN_POINT('Ctrl Pts',(4.24490374666506,2.63690524717219,-6.588));
#7993=CARTESIAN_POINT('Ctrl Pts',(6.86877206808079,-0.124441161235294,-6.588));
#7994=CARTESIAN_POINT('Ctrl Pts',(7.10420735070901,-0.12145440754376,-6.588));
#7995=CARTESIAN_POINT('',(4.24490374666506,2.88766767557354,-4.588));
#7996=CARTESIAN_POINT('Ctrl Pts',(7.06965675051427,3.39001883287489,-4.588));
#7997=CARTESIAN_POINT('Ctrl Pts',(7.06965675051427,3.39001883287489,-6.988));
#7998=CARTESIAN_POINT('Ctrl Pts',(6.60904729724338,3.89375825826839,-4.588));
#7999=CARTESIAN_POINT('Ctrl Pts',(6.60904729724338,3.89375825826839,-6.988));
#8000=CARTESIAN_POINT('Ctrl Pts',(4.24490374666506,3.47332324385045,-4.588));
#8001=CARTESIAN_POINT('Ctrl Pts',(4.24490374666506,3.47332324385045,-6.988));
#8002=CARTESIAN_POINT('Ctrl Pts',(4.24490374666506,2.88766767557354,-4.588));
#8003=CARTESIAN_POINT('Ctrl Pts',(4.24490374666506,2.88766767557354,-6.988));
#8004=CARTESIAN_POINT('Ctrl Pts',(7.06965675051427,3.39001883287489,-4.588));
#8005=CARTESIAN_POINT('Ctrl Pts',(6.60904729724338,3.89375825826839,-4.588));
#8006=CARTESIAN_POINT('Ctrl Pts',(4.24490374666506,3.47332324385045,-4.588));
#8007=CARTESIAN_POINT('Ctrl Pts',(4.24490374666506,2.88766767557354,-4.588));
#8008=CARTESIAN_POINT('Ctrl Pts',(7.06965675051427,3.39001883287489,-6.588));
#8009=CARTESIAN_POINT('Ctrl Pts',(6.60904729724338,3.89375825826839,-6.588));
#8010=CARTESIAN_POINT('Ctrl Pts',(4.24490374666506,3.47332324385045,-6.588));
#8011=CARTESIAN_POINT('Ctrl Pts',(4.24490374666506,2.88766767557354,-6.588));
#8012=CARTESIAN_POINT('Ctrl Pts',(11.3720140430051,5.68397887510582,-4.588));
#8013=CARTESIAN_POINT('Ctrl Pts',(11.3720140430051,5.68397887510582,-6.988));
#8014=CARTESIAN_POINT('Ctrl Pts',(13.6123124241384,6.29620302238789,-4.588));
#8015=CARTESIAN_POINT('Ctrl Pts',(13.6123124241384,6.29620302238789,-6.988));
#8016=CARTESIAN_POINT('Ctrl Pts',(13.5720089408751,6.26091145751428,-4.588));
#8017=CARTESIAN_POINT('Ctrl Pts',(13.5720089408751,6.26091145751428,-6.988));
#8018=CARTESIAN_POINT('Ctrl Pts',(12.9739089124437,7.08656673409573,-4.588));
#8019=CARTESIAN_POINT('Ctrl Pts',(12.9739089124437,7.08656673409573,-6.988));
#8020=CARTESIAN_POINT('',(11.3720140430051,5.68397887510582,-4.588));
#8021=CARTESIAN_POINT('',(12.9739089124437,7.08656673409573,-4.588));
#8022=CARTESIAN_POINT('Ctrl Pts',(11.3720140430051,5.68397887510582,-4.588));
#8023=CARTESIAN_POINT('Ctrl Pts',(13.6123124241384,6.29620302238789,-4.588));
#8024=CARTESIAN_POINT('Ctrl Pts',(13.5720089408751,6.26091145751428,-4.588));
#8025=CARTESIAN_POINT('Ctrl Pts',(12.9739089124437,7.08656673409573,-4.588));
#8026=CARTESIAN_POINT('',(12.9739089124437,7.08656673409573,-6.588));
#8027=CARTESIAN_POINT('',(12.9739089124437,7.08656673409573,-4.588));
#8028=CARTESIAN_POINT('',(11.3720140430051,5.68397887510582,-6.588));
#8029=CARTESIAN_POINT('Ctrl Pts',(11.3720140430051,5.68397887510582,-6.588));
#8030=CARTESIAN_POINT('Ctrl Pts',(13.6123124241384,6.29620302238789,-6.588));
#8031=CARTESIAN_POINT('Ctrl Pts',(13.5720089408751,6.26091145751428,-6.588));
#8032=CARTESIAN_POINT('Ctrl Pts',(12.9739089124437,7.08656673409573,-6.588));
#8033=CARTESIAN_POINT('',(11.3720140430051,5.68397887510582,-4.588));
#8034=CARTESIAN_POINT('Ctrl Pts',(10.2466801810478,5.62983433815003,-4.588));
#8035=CARTESIAN_POINT('Ctrl Pts',(10.2466801810478,5.62983433815003,-6.988));
#8036=CARTESIAN_POINT('Ctrl Pts',(10.2466801810478,5.38730161295169,-4.588));
#8037=CARTESIAN_POINT('Ctrl Pts',(10.2466801810478,5.38730161295169,-6.988));
#8038=CARTESIAN_POINT('Ctrl Pts',(10.2948636987893,5.38961608689244,-4.588));
#8039=CARTESIAN_POINT('Ctrl Pts',(10.2948636987893,5.38961608689244,-6.988));
#8040=CARTESIAN_POINT('Ctrl Pts',(11.3720140430051,5.68397887510582,-4.588));
#8041=CARTESIAN_POINT('Ctrl Pts',(11.3720140430051,5.68397887510582,-6.988));
#8042=CARTESIAN_POINT('',(10.2466801810478,5.62983433815003,-4.588));
#8043=CARTESIAN_POINT('Ctrl Pts',(10.2466801810478,5.62983433815003,-4.588));
#8044=CARTESIAN_POINT('Ctrl Pts',(10.2466801810478,5.38730161295169,-4.588));
#8045=CARTESIAN_POINT('Ctrl Pts',(10.2948636987893,5.38961608689244,-4.588));
#8046=CARTESIAN_POINT('Ctrl Pts',(11.3720140430051,5.68397887510582,-4.588));
#8047=CARTESIAN_POINT('',(10.2466801810478,5.62983433815003,-6.588));
#8048=CARTESIAN_POINT('Ctrl Pts',(10.2466801810478,5.62983433815003,-6.588));
#8049=CARTESIAN_POINT('Ctrl Pts',(10.2466801810478,5.38730161295169,-6.588));
#8050=CARTESIAN_POINT('Ctrl Pts',(10.2948636987893,5.38961608689244,-6.588));
#8051=CARTESIAN_POINT('Ctrl Pts',(11.3720140430051,5.68397887510582,-6.588));
#8052=CARTESIAN_POINT('',(10.2466801810478,5.62983433815003,-4.588));
#8053=CARTESIAN_POINT('Ctrl Pts',(12.5305955728848,7.64445902189085,-4.588));
#8054=CARTESIAN_POINT('Ctrl Pts',(12.5305955728848,7.64445902189085,-6.988));
#8055=CARTESIAN_POINT('Ctrl Pts',(11.5665547357161,7.40700481864884,-4.588));
#8056=CARTESIAN_POINT('Ctrl Pts',(11.5665547357161,7.40700481864884,-6.988));
#8057=CARTESIAN_POINT('Ctrl Pts',(10.2466801810478,6.24275366015892,-4.588));
#8058=CARTESIAN_POINT('Ctrl Pts',(10.2466801810478,6.24275366015892,-6.988));
#8059=CARTESIAN_POINT('Ctrl Pts',(10.2466801810478,5.62983433815003,-4.588));
#8060=CARTESIAN_POINT('Ctrl Pts',(10.2466801810478,5.62983433815003,-6.988));
#8061=CARTESIAN_POINT('',(12.5305955728848,7.64445902189085,-4.588));
#8062=CARTESIAN_POINT('Ctrl Pts',(12.5305955728848,7.64445902189085,-4.588));
#8063=CARTESIAN_POINT('Ctrl Pts',(11.5665547357161,7.40700481864884,-4.588));
#8064=CARTESIAN_POINT('Ctrl Pts',(10.2466801810478,6.24275366015892,-4.588));
#8065=CARTESIAN_POINT('Ctrl Pts',(10.2466801810478,5.62983433815003,-4.588));
#8066=CARTESIAN_POINT('',(12.5305955728848,7.64445902189085,-6.588));
#8067=CARTESIAN_POINT('Ctrl Pts',(12.5305955728848,7.64445902189085,-6.588));
#8068=CARTESIAN_POINT('Ctrl Pts',(11.5665547357161,7.40700481864884,-6.588));
#8069=CARTESIAN_POINT('Ctrl Pts',(10.2466801810478,6.24275366015892,-6.588));
#8070=CARTESIAN_POINT('Ctrl Pts',(10.2466801810478,5.62983433815003,-6.588));
#8071=CARTESIAN_POINT('',(12.5305955728848,7.64445902189085,-4.588));
#8072=CARTESIAN_POINT('Ctrl Pts',(12.9739089124437,7.08656673409573,-4.588));
#8073=CARTESIAN_POINT('Ctrl Pts',(12.9739089124437,7.08656673409573,-6.988));
#8074=CARTESIAN_POINT('Ctrl Pts',(12.7483725849074,7.3979092690795,-4.588));
#8075=CARTESIAN_POINT('Ctrl Pts',(12.7483725849074,7.3979092690795,-6.988));
#8076=CARTESIAN_POINT('Ctrl Pts',(12.5488824146505,7.64895892536199,-4.588));
#8077=CARTESIAN_POINT('Ctrl Pts',(12.5488824146505,7.64895892536199,-6.988));
#8078=CARTESIAN_POINT('Ctrl Pts',(12.5305955728848,7.64445902189085,-4.588));
#8079=CARTESIAN_POINT('Ctrl Pts',(12.5305955728848,7.64445902189085,-6.988));
#8080=CARTESIAN_POINT('Ctrl Pts',(12.9739089124437,7.08656673409573,-4.588));
#8081=CARTESIAN_POINT('Ctrl Pts',(12.7483725849074,7.3979092690795,-4.588));
#8082=CARTESIAN_POINT('Ctrl Pts',(12.5488824146505,7.64895892536199,-4.588));
#8083=CARTESIAN_POINT('Ctrl Pts',(12.5305955728848,7.64445902189085,-4.588));
#8084=CARTESIAN_POINT('Ctrl Pts',(12.9739089124437,7.08656673409573,-6.588));
#8085=CARTESIAN_POINT('Ctrl Pts',(12.7483725849074,7.3979092690795,-6.588));
#8086=CARTESIAN_POINT('Ctrl Pts',(12.5488824146505,7.64895892536199,-6.588));
#8087=CARTESIAN_POINT('Ctrl Pts',(12.5305955728848,7.64445902189085,-6.588));
#8088=CARTESIAN_POINT('Ctrl Pts',(-0.26606424198957,2.60905038678627,-4.588));
#8089=CARTESIAN_POINT('Ctrl Pts',(-0.26606424198957,2.60905038678627,-6.988));
#8090=CARTESIAN_POINT('Ctrl Pts',(2.64876592301795,5.52388471451671,-4.588));
#8091=CARTESIAN_POINT('Ctrl Pts',(2.64876592301795,5.52388471451671,-6.988));
#8092=CARTESIAN_POINT('Ctrl Pts',(1.44859879121716,10.2968336698287,-4.588));
#8093=CARTESIAN_POINT('Ctrl Pts',(1.44859879121716,10.2968336698287,-6.988));
#8094=CARTESIAN_POINT('Ctrl Pts',(-2.51573291240459,11.5557409846835,-4.588));
#8095=CARTESIAN_POINT('Ctrl Pts',(-2.51573291240459,11.5557409846835,-6.988));
#8096=CARTESIAN_POINT('',(-0.26606424198957,2.60905038678627,-4.588));
#8097=CARTESIAN_POINT('',(-2.51573291240459,11.5557409846835,-4.588));
#8098=CARTESIAN_POINT('Ctrl Pts',(-0.26606424198957,2.60905038678627,-4.588));
#8099=CARTESIAN_POINT('Ctrl Pts',(2.64876592301795,5.52388471451671,-4.588));
#8100=CARTESIAN_POINT('Ctrl Pts',(1.44859879121716,10.2968336698287,-4.588));
#8101=CARTESIAN_POINT('Ctrl Pts',(-2.51573291240459,11.5557409846835,-4.588));
#8102=CARTESIAN_POINT('',(-2.51573291240459,11.5557409846835,-6.588));
#8103=CARTESIAN_POINT('',(-2.51573291240459,11.5557409846835,-4.588));
#8104=CARTESIAN_POINT('',(-0.26606424198957,2.60905038678627,-6.588));
#8105=CARTESIAN_POINT('Ctrl Pts',(-0.26606424198957,2.60905038678627,-6.588));
#8106=CARTESIAN_POINT('Ctrl Pts',(2.64876592301795,5.52388471451671,-6.588));
#8107=CARTESIAN_POINT('Ctrl Pts',(1.44859879121716,10.2968336698287,-6.588));
#8108=CARTESIAN_POINT('Ctrl Pts',(-2.51573291240459,11.5557409846835,-6.588));
#8109=CARTESIAN_POINT('',(-0.26606424198957,2.60905038678627,-4.588));
#8110=CARTESIAN_POINT('Ctrl Pts',(-8.41493777279957,2.7080774022119,-4.588));
#8111=CARTESIAN_POINT('Ctrl Pts',(-8.41493777279957,2.7080774022119,-6.988));
#8112=CARTESIAN_POINT('Ctrl Pts',(-6.29444255716082,0.470505604587954,-4.588));
#8113=CARTESIAN_POINT('Ctrl Pts',(-6.29444255716082,0.470505604587954,-6.988));
#8114=CARTESIAN_POINT('Ctrl Pts',(-2.4513106125716,0.423804016204245,-4.588));
#8115=CARTESIAN_POINT('Ctrl Pts',(-2.4513106125716,0.423804016204245,-6.988));
#8116=CARTESIAN_POINT('Ctrl Pts',(-0.26606424198957,2.60905038678627,-4.588));
#8117=CARTESIAN_POINT('Ctrl Pts',(-0.26606424198957,2.60905038678627,-6.988));
#8118=CARTESIAN_POINT('',(-8.41493777279957,2.7080774022119,-4.588));
#8119=CARTESIAN_POINT('Ctrl Pts',(-8.41493777279957,2.7080774022119,-4.588));
#8120=CARTESIAN_POINT('Ctrl Pts',(-6.29444255716082,0.470505604587954,-4.588));
#8121=CARTESIAN_POINT('Ctrl Pts',(-2.4513106125716,0.423804016204246,-4.588));
#8122=CARTESIAN_POINT('Ctrl Pts',(-0.26606424198957,2.60905038678627,-4.588));
#8123=CARTESIAN_POINT('',(-8.41493777279957,2.7080774022119,-6.588));
#8124=CARTESIAN_POINT('Ctrl Pts',(-8.41493777279957,2.7080774022119,-6.588));
#8125=CARTESIAN_POINT('Ctrl Pts',(-6.29444255716082,0.470505604587954,-6.588));
#8126=CARTESIAN_POINT('Ctrl Pts',(-2.4513106125716,0.423804016204246,-6.588));
#8127=CARTESIAN_POINT('Ctrl Pts',(-0.26606424198957,2.60905038678627,-6.588));
#8128=CARTESIAN_POINT('',(-8.41493777279957,2.7080774022119,-4.588));
#8129=CARTESIAN_POINT('Ctrl Pts',(-2.51573291240459,11.5557409846835,-4.588));
#8130=CARTESIAN_POINT('Ctrl Pts',(-2.51573291240459,11.5557409846835,-6.988));
#8131=CARTESIAN_POINT('Ctrl Pts',(-8.03979318369714,13.3099582110288,-4.588));
#8132=CARTESIAN_POINT('Ctrl Pts',(-8.03979318369714,13.3099582110288,-6.988));
#8133=CARTESIAN_POINT('Ctrl Pts',(-12.3441631527174,6.85423684276212,-4.588));
#8134=CARTESIAN_POINT('Ctrl Pts',(-12.3441631527174,6.85423684276212,-6.988));
#8135=CARTESIAN_POINT('Ctrl Pts',(-8.41493777279957,2.7080774022119,-4.588));
#8136=CARTESIAN_POINT('Ctrl Pts',(-8.41493777279957,2.7080774022119,-6.988));
#8137=CARTESIAN_POINT('Ctrl Pts',(-2.51573291240459,11.5557409846835,-4.588));
#8138=CARTESIAN_POINT('Ctrl Pts',(-8.03979318369714,13.3099582110288,-4.588));
#8139=CARTESIAN_POINT('Ctrl Pts',(-12.3441631527174,6.85423684276212,-4.588));
#8140=CARTESIAN_POINT('Ctrl Pts',(-8.41493777279957,2.7080774022119,-4.588));
#8141=CARTESIAN_POINT('Ctrl Pts',(-2.51573291240459,11.5557409846835,-6.588));
#8142=CARTESIAN_POINT('Ctrl Pts',(-8.03979318369714,13.3099582110288,-6.588));
#8143=CARTESIAN_POINT('Ctrl Pts',(-12.3441631527174,6.85423684276212,-6.588));
#8144=CARTESIAN_POINT('Ctrl Pts',(-8.41493777279957,2.7080774022119,-6.588));
#8145=CARTESIAN_POINT('Ctrl Pts',(6.60535079929483,6.834647068724,-4.588));
#8146=CARTESIAN_POINT('Ctrl Pts',(6.60535079929483,6.834647068724,-6.988));
#8147=CARTESIAN_POINT('Ctrl Pts',(6.71545898312027,7.44405721531551,-4.588));
#8148=CARTESIAN_POINT('Ctrl Pts',(6.71545898312027,7.44405721531551,-6.988));
#8149=CARTESIAN_POINT('Ctrl Pts',(6.92606362356034,8.24697569933507,-4.588));
#8150=CARTESIAN_POINT('Ctrl Pts',(6.92606362356034,8.24697569933507,-6.988));
#8151=CARTESIAN_POINT('Ctrl Pts',(7.06141455914251,8.57337480310251,-4.588));
#8152=CARTESIAN_POINT('Ctrl Pts',(7.06141455914251,8.57337480310251,-6.988));
#8153=CARTESIAN_POINT('',(6.60535079929483,6.834647068724,-4.588));
#8154=CARTESIAN_POINT('',(7.06141455914251,8.57337480310251,-4.588));
#8155=CARTESIAN_POINT('Ctrl Pts',(6.60535079929483,6.834647068724,-4.588));
#8156=CARTESIAN_POINT('Ctrl Pts',(6.71545898312027,7.44405721531551,-4.588));
#8157=CARTESIAN_POINT('Ctrl Pts',(6.92606362356034,8.24697569933507,-4.588));
#8158=CARTESIAN_POINT('Ctrl Pts',(7.06141455914251,8.57337480310251,-4.588));
#8159=CARTESIAN_POINT('',(7.06141455914251,8.57337480310251,-6.588));
#8160=CARTESIAN_POINT('',(7.06141455914251,8.57337480310251,-4.588));
#8161=CARTESIAN_POINT('',(6.60535079929483,6.834647068724,-6.588));
#8162=CARTESIAN_POINT('Ctrl Pts',(6.60535079929483,6.834647068724,-6.588));
#8163=CARTESIAN_POINT('Ctrl Pts',(6.71545898312027,7.44405721531551,-6.588));
#8164=CARTESIAN_POINT('Ctrl Pts',(6.92606362356034,8.24697569933507,-6.588));
#8165=CARTESIAN_POINT('Ctrl Pts',(7.06141455914251,8.57337480310251,-6.588));
#8166=CARTESIAN_POINT('',(6.60535079929483,6.834647068724,-4.588));
#8167=CARTESIAN_POINT('Ctrl Pts',(4.45629930445898,5.90807073779058,-4.588));
#8168=CARTESIAN_POINT('Ctrl Pts',(4.45629930445898,5.90807073779058,-6.988));
#8169=CARTESIAN_POINT('Ctrl Pts',(5.94160463049344,5.84702024351876,-4.588));
#8170=CARTESIAN_POINT('Ctrl Pts',(5.94160463049344,5.84702024351876,-6.988));
#8171=CARTESIAN_POINT('Ctrl Pts',(6.46791017680932,6.07393859506283,-4.588));
#8172=CARTESIAN_POINT('Ctrl Pts',(6.46791017680932,6.07393859506283,-6.988));
#8173=CARTESIAN_POINT('Ctrl Pts',(6.60535079929483,6.834647068724,-4.588));
#8174=CARTESIAN_POINT('Ctrl Pts',(6.60535079929483,6.834647068724,-6.988));
#8175=CARTESIAN_POINT('',(4.45629930445898,5.90807073779058,-4.588));
#8176=CARTESIAN_POINT('Ctrl Pts',(4.45629930445898,5.90807073779058,-4.588));
#8177=CARTESIAN_POINT('Ctrl Pts',(5.94160463049344,5.84702024351876,-4.588));
#8178=CARTESIAN_POINT('Ctrl Pts',(6.46791017680932,6.07393859506283,-4.588));
#8179=CARTESIAN_POINT('Ctrl Pts',(6.60535079929483,6.834647068724,-4.588));
#8180=CARTESIAN_POINT('',(4.45629930445898,5.90807073779058,-6.588));
#8181=CARTESIAN_POINT('Ctrl Pts',(4.45629930445898,5.90807073779058,-6.588));
#8182=CARTESIAN_POINT('Ctrl Pts',(5.94160463049344,5.84702024351876,-6.588));
#8183=CARTESIAN_POINT('Ctrl Pts',(6.46791017680932,6.07393859506283,-6.588));
#8184=CARTESIAN_POINT('Ctrl Pts',(6.60535079929483,6.834647068724,-6.588));
#8185=CARTESIAN_POINT('',(4.45629930445898,5.90807073779058,-4.588));
#8186=CARTESIAN_POINT('Ctrl Pts',(5.88174467497532,8.29821049297325,-4.588));
#8187=CARTESIAN_POINT('Ctrl Pts',(5.88174467497532,8.29821049297325,-6.988));
#8188=CARTESIAN_POINT('Ctrl Pts',(3.13833960233161,6.72460965118812,-4.588));
#8189=CARTESIAN_POINT('Ctrl Pts',(3.13833960233161,6.72460965118812,-6.988));
#8190=CARTESIAN_POINT('Ctrl Pts',(2.69455171236036,5.98048546562042,-4.588));
#8191=CARTESIAN_POINT('Ctrl Pts',(2.69455171236036,5.98048546562042,-6.988));
#8192=CARTESIAN_POINT('Ctrl Pts',(4.45629930445898,5.90807073779058,-4.588));
#8193=CARTESIAN_POINT('Ctrl Pts',(4.45629930445898,5.90807073779058,-6.988));
#8194=CARTESIAN_POINT('',(5.88174467497532,8.29821049297325,-4.588));
#8195=CARTESIAN_POINT('Ctrl Pts',(5.88174467497532,8.29821049297325,-4.588));
#8196=CARTESIAN_POINT('Ctrl Pts',(3.13833960233161,6.72460965118812,-4.588));
#8197=CARTESIAN_POINT('Ctrl Pts',(2.69455171236036,5.98048546562042,-4.588));
#8198=CARTESIAN_POINT('Ctrl Pts',(4.45629930445898,5.90807073779058,-4.588));
#8199=CARTESIAN_POINT('',(5.88174467497532,8.29821049297325,-6.588));
#8200=CARTESIAN_POINT('Ctrl Pts',(5.88174467497532,8.29821049297325,-6.588));
#8201=CARTESIAN_POINT('Ctrl Pts',(3.13833960233161,6.72460965118812,-6.588));
#8202=CARTESIAN_POINT('Ctrl Pts',(2.69455171236036,5.98048546562042,-6.588));
#8203=CARTESIAN_POINT('Ctrl Pts',(4.45629930445898,5.90807073779058,-6.588));
#8204=CARTESIAN_POINT('',(5.88174467497532,8.29821049297325,-4.588));
#8205=CARTESIAN_POINT('Ctrl Pts',(7.06141455914251,8.57337480310251,-4.588));
#8206=CARTESIAN_POINT('Ctrl Pts',(7.06141455914251,8.57337480310251,-6.988));
#8207=CARTESIAN_POINT('Ctrl Pts',(7.1840025862672,8.86900722180497,-4.588));
#8208=CARTESIAN_POINT('Ctrl Pts',(7.1840025862672,8.86900722180497,-6.988));
#8209=CARTESIAN_POINT('Ctrl Pts',(6.66636382906042,8.74826328093163,-4.588));
#8210=CARTESIAN_POINT('Ctrl Pts',(6.66636382906042,8.74826328093163,-6.988));
#8211=CARTESIAN_POINT('Ctrl Pts',(5.88174467497532,8.29821049297325,-4.588));
#8212=CARTESIAN_POINT('Ctrl Pts',(5.88174467497532,8.29821049297325,-6.988));
#8213=CARTESIAN_POINT('Ctrl Pts',(7.06141455914251,8.57337480310251,-4.588));
#8214=CARTESIAN_POINT('Ctrl Pts',(7.1840025862672,8.86900722180497,-4.588));
#8215=CARTESIAN_POINT('Ctrl Pts',(6.66636382906042,8.74826328093163,-4.588));
#8216=CARTESIAN_POINT('Ctrl Pts',(5.88174467497532,8.29821049297325,-4.588));
#8217=CARTESIAN_POINT('Ctrl Pts',(7.06141455914251,8.57337480310251,-6.588));
#8218=CARTESIAN_POINT('Ctrl Pts',(7.1840025862672,8.86900722180497,-6.588));
#8219=CARTESIAN_POINT('Ctrl Pts',(6.66636382906042,8.74826328093163,-6.588));
#8220=CARTESIAN_POINT('Ctrl Pts',(5.88174467497532,8.29821049297325,-6.588));
#8221=CARTESIAN_POINT('Ctrl Pts',(12.3722664068116,2.56739401857558,-4.588));
#8222=CARTESIAN_POINT('Ctrl Pts',(12.3722664068116,2.56739401857558,-6.988));
#8223=CARTESIAN_POINT('Ctrl Pts',(14.3118996372382,2.6037678914071,-4.588));
#8224=CARTESIAN_POINT('Ctrl Pts',(14.3118996372382,2.6037678914071,-6.988));
#8225=CARTESIAN_POINT('Ctrl Pts',(14.3027208332106,2.59345474538512,-4.588));
#8226=CARTESIAN_POINT('Ctrl Pts',(14.3027208332106,2.59345474538512,-6.988));
#8227=CARTESIAN_POINT('Ctrl Pts',(14.0152431886987,4.41304961647244,-4.588));
#8228=CARTESIAN_POINT('Ctrl Pts',(14.0152431886987,4.41304961647244,-6.988));
#8229=CARTESIAN_POINT('',(12.3722664068116,2.56739401857558,-4.588));
#8230=CARTESIAN_POINT('',(14.0152431886987,4.41304961647244,-4.588));
#8231=CARTESIAN_POINT('Ctrl Pts',(12.3722664068116,2.56739401857558,-4.588));
#8232=CARTESIAN_POINT('Ctrl Pts',(14.3118996372382,2.6037678914071,-4.588));
#8233=CARTESIAN_POINT('Ctrl Pts',(14.3027208332106,2.59345474538512,-4.588));
#8234=CARTESIAN_POINT('Ctrl Pts',(14.0152431886987,4.41304961647244,-4.588));
#8235=CARTESIAN_POINT('',(14.0152431886987,4.41304961647244,-6.588));
#8236=CARTESIAN_POINT('',(14.0152431886987,4.41304961647244,-4.588));
#8237=CARTESIAN_POINT('',(12.3722664068116,2.56739401857558,-6.588));
#8238=CARTESIAN_POINT('Ctrl Pts',(12.3722664068116,2.56739401857558,-6.588));
#8239=CARTESIAN_POINT('Ctrl Pts',(14.3118996372382,2.6037678914071,-6.588));
#8240=CARTESIAN_POINT('Ctrl Pts',(14.3027208332106,2.59345474538512,-6.588));
#8241=CARTESIAN_POINT('Ctrl Pts',(14.0152431886987,4.41304961647244,-6.588));
#8242=CARTESIAN_POINT('',(12.3722664068116,2.56739401857558,-4.588));
#8243=CARTESIAN_POINT('Origin',(10.7778727640659,2.53749526123838,-4.588));
#8244=CARTESIAN_POINT('',(10.7778727640659,2.53749526123838,-4.588));
#8245=CARTESIAN_POINT('',(12.3722664068116,2.56739401857558,-4.588));
#8246=CARTESIAN_POINT('',(10.7778727640659,2.53749526123838,-6.588));
#8247=CARTESIAN_POINT('',(12.3722664068116,2.56739401857558,-6.588));
#8248=CARTESIAN_POINT('',(10.7778727640659,2.53749526123838,-4.588));
#8249=CARTESIAN_POINT('Origin',(10.5167326674374,3.28771575451513,-4.588));
#8250=CARTESIAN_POINT('',(10.5167326674374,3.28771575451513,-4.588));
#8251=CARTESIAN_POINT('',(10.7778727640659,2.53749526123838,-4.588));
#8252=CARTESIAN_POINT('',(10.5167326674374,3.28771575451513,-6.588));
#8253=CARTESIAN_POINT('',(10.7778727640659,2.53749526123838,-6.588));
#8254=CARTESIAN_POINT('',(10.5167326674374,3.28771575451513,-4.588));
#8255=CARTESIAN_POINT('Ctrl Pts',(10.2511384572898,4.1288854994009,-4.588));
#8256=CARTESIAN_POINT('Ctrl Pts',(10.2511384572898,4.1288854994009,-6.988));
#8257=CARTESIAN_POINT('Ctrl Pts',(10.2535861383639,4.07886622085391,-4.588));
#8258=CARTESIAN_POINT('Ctrl Pts',(10.2535861383639,4.07886622085391,-6.988));
#8259=CARTESIAN_POINT('Ctrl Pts',(10.3731062387002,3.70033733802156,-4.588));
#8260=CARTESIAN_POINT('Ctrl Pts',(10.3731062387002,3.70033733802156,-6.988));
#8261=CARTESIAN_POINT('Ctrl Pts',(10.5167326674374,3.28771575451513,-4.588));
#8262=CARTESIAN_POINT('Ctrl Pts',(10.5167326674374,3.28771575451513,-6.988));
#8263=CARTESIAN_POINT('',(10.2511384572898,4.1288854994009,-4.588));
#8264=CARTESIAN_POINT('Ctrl Pts',(10.2511384572898,4.1288854994009,-4.588));
#8265=CARTESIAN_POINT('Ctrl Pts',(10.2535861383639,4.07886622085391,-4.588));
#8266=CARTESIAN_POINT('Ctrl Pts',(10.3731062387002,3.70033733802156,-4.588));
#8267=CARTESIAN_POINT('Ctrl Pts',(10.5167326674374,3.28771575451513,-4.588));
#8268=CARTESIAN_POINT('',(10.2511384572898,4.1288854994009,-6.588));
#8269=CARTESIAN_POINT('Ctrl Pts',(10.2511384572898,4.1288854994009,-6.588));
#8270=CARTESIAN_POINT('Ctrl Pts',(10.2535861383639,4.07886622085391,-6.588));
#8271=CARTESIAN_POINT('Ctrl Pts',(10.3731062387002,3.70033733802156,-6.588));
#8272=CARTESIAN_POINT('Ctrl Pts',(10.5167326674374,3.28771575451513,-6.588));
#8273=CARTESIAN_POINT('',(10.2511384572898,4.1288854994009,-4.588));
#8274=CARTESIAN_POINT('Ctrl Pts',(13.6143313447522,5.04635795531915,-4.588));
#8275=CARTESIAN_POINT('Ctrl Pts',(13.6143313447522,5.04635795531915,-6.988));
#8276=CARTESIAN_POINT('Ctrl Pts',(12.8632637373622,5.00960943742527,-4.588));
#8277=CARTESIAN_POINT('Ctrl Pts',(12.8632637373622,5.00960943742527,-6.988));
#8278=CARTESIAN_POINT('Ctrl Pts',(10.2430086594368,4.29481163479396,-4.588));
#8279=CARTESIAN_POINT('Ctrl Pts',(10.2430086594368,4.29481163479396,-6.988));
#8280=CARTESIAN_POINT('Ctrl Pts',(10.2511384572898,4.1288854994009,-4.588));
#8281=CARTESIAN_POINT('Ctrl Pts',(10.2511384572898,4.1288854994009,-6.988));
#8282=CARTESIAN_POINT('',(13.6143313447522,5.04635795531915,-4.588));
#8283=CARTESIAN_POINT('Ctrl Pts',(13.6143313447522,5.04635795531915,-4.588));
#8284=CARTESIAN_POINT('Ctrl Pts',(12.8632637373622,5.00960943742527,-4.588));
#8285=CARTESIAN_POINT('Ctrl Pts',(10.2430086594368,4.29481163479396,-4.588));
#8286=CARTESIAN_POINT('Ctrl Pts',(10.2511384572898,4.1288854994009,-4.588));
#8287=CARTESIAN_POINT('',(13.6143313447522,5.04635795531915,-6.588));
#8288=CARTESIAN_POINT('Ctrl Pts',(13.6143313447522,5.04635795531915,-6.588));
#8289=CARTESIAN_POINT('Ctrl Pts',(12.8632637373622,5.00960943742527,-6.588));
#8290=CARTESIAN_POINT('Ctrl Pts',(10.2430086594368,4.29481163479396,-6.588));
#8291=CARTESIAN_POINT('Ctrl Pts',(10.2511384572898,4.1288854994009,-6.588));
#8292=CARTESIAN_POINT('',(13.6143313447522,5.04635795531915,-4.588));
#8293=CARTESIAN_POINT('Ctrl Pts',(14.0152431886987,4.41304961647244,-4.588));
#8294=CARTESIAN_POINT('Ctrl Pts',(14.0152431886987,4.41304961647244,-6.988));
#8295=CARTESIAN_POINT('Ctrl Pts',(13.9281465371475,4.96433982572432,-4.588));
#8296=CARTESIAN_POINT('Ctrl Pts',(13.9281465371475,4.96433982572432,-6.988));
#8297=CARTESIAN_POINT('Ctrl Pts',(13.8683573479189,5.05878368322051,-4.588));
#8298=CARTESIAN_POINT('Ctrl Pts',(13.8683573479189,5.05878368322051,-6.988));
#8299=CARTESIAN_POINT('Ctrl Pts',(13.6143313447522,5.04635795531915,-4.588));
#8300=CARTESIAN_POINT('Ctrl Pts',(13.6143313447522,5.04635795531915,-6.988));
#8301=CARTESIAN_POINT('Ctrl Pts',(14.0152431886987,4.41304961647244,-4.588));
#8302=CARTESIAN_POINT('Ctrl Pts',(13.9281465371475,4.96433982572432,-4.588));
#8303=CARTESIAN_POINT('Ctrl Pts',(13.8683573479189,5.05878368322051,-4.588));
#8304=CARTESIAN_POINT('Ctrl Pts',(13.6143313447522,5.04635795531915,-4.588));
#8305=CARTESIAN_POINT('Ctrl Pts',(14.0152431886987,4.41304961647244,-6.588));
#8306=CARTESIAN_POINT('Ctrl Pts',(13.9281465371475,4.96433982572432,-6.588));
#8307=CARTESIAN_POINT('Ctrl Pts',(13.8683573479189,5.05878368322051,-6.588));
#8308=CARTESIAN_POINT('Ctrl Pts',(13.6143313447522,5.04635795531915,-6.588));
#8309=CARTESIAN_POINT('Ctrl Pts',(-2.80066505185396,71.0464546547933,-4.588));
#8310=CARTESIAN_POINT('Ctrl Pts',(-2.80066505185396,71.0464546547933,-6.988));
#8311=CARTESIAN_POINT('Ctrl Pts',(-2.14447838786626,71.7843555696031,-4.588));
#8312=CARTESIAN_POINT('Ctrl Pts',(-2.14447838786626,71.7843555696031,-6.988));
#8313=CARTESIAN_POINT('Ctrl Pts',(-2.08356942617355,71.373036918369,-4.588));
#8314=CARTESIAN_POINT('Ctrl Pts',(-2.08356942617355,71.373036918369,-6.988));
#8315=CARTESIAN_POINT('Ctrl Pts',(-2.43726558545629,68.5923629874671,-4.588));
#8316=CARTESIAN_POINT('Ctrl Pts',(-2.43726558545629,68.5923629874671,-6.988));
#8317=CARTESIAN_POINT('',(-2.43726558545629,68.5923629874671,-4.588));
#8318=CARTESIAN_POINT('',(-2.80066505185396,71.0464546547933,-4.588));
#8319=CARTESIAN_POINT('Ctrl Pts',(-2.43726558545629,68.5923629874671,-4.588));
#8320=CARTESIAN_POINT('Ctrl Pts',(-2.08356942617355,71.373036918369,-4.588));
#8321=CARTESIAN_POINT('Ctrl Pts',(-2.14447838786626,71.7843555696031,-4.588));
#8322=CARTESIAN_POINT('Ctrl Pts',(-2.80066505185396,71.0464546547933,-4.588));
#8323=CARTESIAN_POINT('',(-2.43726558545629,68.5923629874671,-6.588));
#8324=CARTESIAN_POINT('',(-2.43726558545629,68.5923629874671,-4.588));
#8325=CARTESIAN_POINT('',(-2.80066505185396,71.0464546547933,-6.588));
#8326=CARTESIAN_POINT('Ctrl Pts',(-2.80066505185396,71.0464546547933,-6.588));
#8327=CARTESIAN_POINT('Ctrl Pts',(-2.14447838786626,71.7843555696031,-6.588));
#8328=CARTESIAN_POINT('Ctrl Pts',(-2.08356942617355,71.373036918369,-6.588));
#8329=CARTESIAN_POINT('Ctrl Pts',(-2.43726558545629,68.5923629874671,-6.588));
#8330=CARTESIAN_POINT('',(-2.80066505185396,71.0464546547933,-4.588));
#8331=CARTESIAN_POINT('Ctrl Pts',(-5.21491113543757,65.6925935539661,-4.588));
#8332=CARTESIAN_POINT('Ctrl Pts',(-5.21491113543757,65.6925935539661,-6.988));
#8333=CARTESIAN_POINT('Ctrl Pts',(-4.77293819265727,67.8748344386035,-4.588));
#8334=CARTESIAN_POINT('Ctrl Pts',(-4.77293819265727,67.8748344386035,-6.988));
#8335=CARTESIAN_POINT('Ctrl Pts',(-3.9004293883057,69.8097263276298,-4.588));
#8336=CARTESIAN_POINT('Ctrl Pts',(-3.9004293883057,69.8097263276298,-6.988));
#8337=CARTESIAN_POINT('Ctrl Pts',(-2.80066505185396,71.0464546547933,-4.588));
#8338=CARTESIAN_POINT('Ctrl Pts',(-2.80066505185396,71.0464546547933,-6.988));
#8339=CARTESIAN_POINT('',(-5.21491113543757,65.6925935539661,-4.588));
#8340=CARTESIAN_POINT('Ctrl Pts',(-2.80066505185396,71.0464546547933,-4.588));
#8341=CARTESIAN_POINT('Ctrl Pts',(-3.9004293883057,69.8097263276298,-4.588));
#8342=CARTESIAN_POINT('Ctrl Pts',(-4.77293819265727,67.8748344386035,-4.588));
#8343=CARTESIAN_POINT('Ctrl Pts',(-5.21491113543757,65.6925935539661,-4.588));
#8344=CARTESIAN_POINT('',(-5.21491113543757,65.6925935539661,-6.588));
#8345=CARTESIAN_POINT('Ctrl Pts',(-5.21491113543757,65.6925935539661,-6.588));
#8346=CARTESIAN_POINT('Ctrl Pts',(-4.77293819265727,67.8748344386035,-6.588));
#8347=CARTESIAN_POINT('Ctrl Pts',(-3.9004293883057,69.8097263276298,-6.588));
#8348=CARTESIAN_POINT('Ctrl Pts',(-2.80066505185396,71.0464546547933,-6.588));
#8349=CARTESIAN_POINT('',(-5.21491113543757,65.6925935539661,-4.588));
#8350=CARTESIAN_POINT('Ctrl Pts',(-5.91720203707068,37.3356921336046,-4.588));
#8351=CARTESIAN_POINT('Ctrl Pts',(-5.91720203707068,37.3356921336046,-6.988));
#8352=CARTESIAN_POINT('Ctrl Pts',(-5.91720203707068,62.604319375981,-4.588));
#8353=CARTESIAN_POINT('Ctrl Pts',(-5.91720203707068,62.604319375981,-6.988));
#8354=CARTESIAN_POINT('Ctrl Pts',(-5.92790439768522,62.1722037610635,-4.588));
#8355=CARTESIAN_POINT('Ctrl Pts',(-5.92790439768522,62.1722037610635,-6.988));
#8356=CARTESIAN_POINT('Ctrl Pts',(-5.21491113543757,65.6925935539661,-4.588));
#8357=CARTESIAN_POINT('Ctrl Pts',(-5.21491113543757,65.6925935539661,-6.988));
#8358=CARTESIAN_POINT('',(-5.91720203707068,37.3356921336046,-4.588));
#8359=CARTESIAN_POINT('Ctrl Pts',(-5.21491113543757,65.6925935539661,-4.588));
#8360=CARTESIAN_POINT('Ctrl Pts',(-5.92790439768522,62.1722037610635,-4.588));
#8361=CARTESIAN_POINT('Ctrl Pts',(-5.91720203707068,62.604319375981,-4.588));
#8362=CARTESIAN_POINT('Ctrl Pts',(-5.91720203707068,37.3356921336046,-4.588));
#8363=CARTESIAN_POINT('',(-5.91720203707068,37.3356921336046,-6.588));
#8364=CARTESIAN_POINT('Ctrl Pts',(-5.91720203707068,37.3356921336046,-6.588));
#8365=CARTESIAN_POINT('Ctrl Pts',(-5.91720203707068,62.604319375981,-6.588));
#8366=CARTESIAN_POINT('Ctrl Pts',(-5.92790439768522,62.1722037610635,-6.588));
#8367=CARTESIAN_POINT('Ctrl Pts',(-5.21491113543757,65.6925935539661,-6.588));
#8368=CARTESIAN_POINT('',(-5.91720203707068,37.3356921336046,-4.588));
#8369=CARTESIAN_POINT('Origin',(-5.91720203707068,13.7529343700316,-4.588));
#8370=CARTESIAN_POINT('',(-5.91720203707068,13.7529343700316,-4.588));
#8371=CARTESIAN_POINT('',(-5.91720203707068,37.3356921336046,-4.588));
#8372=CARTESIAN_POINT('',(-5.91720203707068,13.7529343700316,-6.588));
#8373=CARTESIAN_POINT('',(-5.91720203707068,37.3356921336046,-6.588));
#8374=CARTESIAN_POINT('',(-5.91720203707068,13.7529343700316,-4.588));
#8375=CARTESIAN_POINT('Origin',(-6.46281845498937,13.5911667948307,-4.588));
#8376=CARTESIAN_POINT('',(-6.46281845498937,13.5911667948307,-4.588));
#8377=CARTESIAN_POINT('',(-5.91720203707068,13.7529343700316,-4.588));
#8378=CARTESIAN_POINT('',(-6.46281845498937,13.5911667948307,-6.588));
#8379=CARTESIAN_POINT('',(-5.91720203707068,13.7529343700316,-6.588));
#8380=CARTESIAN_POINT('',(-6.46281845498937,13.5911667948307,-4.588));
#8381=CARTESIAN_POINT('Ctrl Pts',(-7.86096052590604,-0.189294302889991,
-4.588));
#8382=CARTESIAN_POINT('Ctrl Pts',(-7.86096052590604,-0.189294302889991,
-6.988));
#8383=CARTESIAN_POINT('Ctrl Pts',(-13.8947004281918,2.77978030442328,-4.588));
#8384=CARTESIAN_POINT('Ctrl Pts',(-13.8947004281918,2.77978030442328,-6.988));
#8385=CARTESIAN_POINT('Ctrl Pts',(-12.9942680785263,11.654676420205,-4.588));
#8386=CARTESIAN_POINT('Ctrl Pts',(-12.9942680785263,11.654676420205,-6.988));
#8387=CARTESIAN_POINT('Ctrl Pts',(-6.46281845498937,13.5911667948307,-4.588));
#8388=CARTESIAN_POINT('Ctrl Pts',(-6.46281845498937,13.5911667948307,-6.988));
#8389=CARTESIAN_POINT('',(-7.86096052590604,-0.189294302889991,-4.588));
#8390=CARTESIAN_POINT('Ctrl Pts',(-6.46281845498937,13.5911667948307,-4.588));
#8391=CARTESIAN_POINT('Ctrl Pts',(-12.9942680785263,11.654676420205,-4.588));
#8392=CARTESIAN_POINT('Ctrl Pts',(-13.8947004281918,2.77978030442328,-4.588));
#8393=CARTESIAN_POINT('Ctrl Pts',(-7.86096052590604,-0.189294302889991,
-4.588));
#8394=CARTESIAN_POINT('',(-7.86096052590604,-0.189294302889991,-6.588));
#8395=CARTESIAN_POINT('Ctrl Pts',(-7.86096052590604,-0.189294302889991,
-6.588));
#8396=CARTESIAN_POINT('Ctrl Pts',(-13.8947004281918,2.77978030442328,-6.588));
#8397=CARTESIAN_POINT('Ctrl Pts',(-12.9942680785263,11.654676420205,-6.588));
#8398=CARTESIAN_POINT('Ctrl Pts',(-6.46281845498937,13.5911667948307,-6.588));
#8399=CARTESIAN_POINT('',(-7.86096052590604,-0.189294302889991,-4.588));
#8400=CARTESIAN_POINT('Ctrl Pts',(-6.80382871618856,-0.90012294922182,-4.588));
#8401=CARTESIAN_POINT('Ctrl Pts',(-6.80382871618856,-0.90012294922182,-6.988));
#8402=CARTESIAN_POINT('Ctrl Pts',(-6.80382871618856,-0.795274365799523,
-4.588));
#8403=CARTESIAN_POINT('Ctrl Pts',(-6.80382871618856,-0.795274365799523,
-6.988));
#8404=CARTESIAN_POINT('Ctrl Pts',(-7.27953844683372,-0.475400330201401,
-4.588));
#8405=CARTESIAN_POINT('Ctrl Pts',(-7.27953844683372,-0.475400330201401,
-6.988));
#8406=CARTESIAN_POINT('Ctrl Pts',(-7.86096052590604,-0.189294302889991,
-4.588));
#8407=CARTESIAN_POINT('Ctrl Pts',(-7.86096052590604,-0.189294302889991,
-6.988));
#8408=CARTESIAN_POINT('',(-6.80382871618856,-0.90012294922182,-4.588));
#8409=CARTESIAN_POINT('Ctrl Pts',(-7.86096052590604,-0.189294302889991,
-4.588));
#8410=CARTESIAN_POINT('Ctrl Pts',(-7.27953844683372,-0.475400330201401,
-4.588));
#8411=CARTESIAN_POINT('Ctrl Pts',(-6.80382871618856,-0.795274365799523,
-4.588));
#8412=CARTESIAN_POINT('Ctrl Pts',(-6.80382871618856,-0.90012294922182,-4.588));
#8413=CARTESIAN_POINT('',(-6.80382871618856,-0.90012294922182,-6.588));
#8414=CARTESIAN_POINT('Ctrl Pts',(-6.80382871618856,-0.90012294922182,-6.588));
#8415=CARTESIAN_POINT('Ctrl Pts',(-6.80382871618856,-0.795274365799523,
-6.588));
#8416=CARTESIAN_POINT('Ctrl Pts',(-7.27953844683372,-0.475400330201401,
-6.588));
#8417=CARTESIAN_POINT('Ctrl Pts',(-7.86096052590604,-0.189294302889991,
-6.588));
#8418=CARTESIAN_POINT('',(-6.80382871618856,-0.90012294922182,-4.588));
#8419=CARTESIAN_POINT('Ctrl Pts',(-9.97052651253138,-3.79091963347942,-4.588));
#8420=CARTESIAN_POINT('Ctrl Pts',(-9.97052651253138,-3.79091963347942,-6.988));
#8421=CARTESIAN_POINT('Ctrl Pts',(-8.58826939225846,-3.321077260783,-4.588));
#8422=CARTESIAN_POINT('Ctrl Pts',(-8.58826939225846,-3.321077260783,-6.988));
#8423=CARTESIAN_POINT('Ctrl Pts',(-6.80382871618856,-1.6921059601436,-4.588));
#8424=CARTESIAN_POINT('Ctrl Pts',(-6.80382871618856,-1.6921059601436,-6.988));
#8425=CARTESIAN_POINT('Ctrl Pts',(-6.80382871618856,-0.90012294922182,-4.588));
#8426=CARTESIAN_POINT('Ctrl Pts',(-6.80382871618856,-0.90012294922182,-6.988));
#8427=CARTESIAN_POINT('',(-9.97052651253138,-3.79091963347942,-4.588));
#8428=CARTESIAN_POINT('Ctrl Pts',(-6.80382871618856,-0.90012294922182,-4.588));
#8429=CARTESIAN_POINT('Ctrl Pts',(-6.80382871618856,-1.6921059601436,-4.588));
#8430=CARTESIAN_POINT('Ctrl Pts',(-8.58826939225846,-3.321077260783,-4.588));
#8431=CARTESIAN_POINT('Ctrl Pts',(-9.97052651253138,-3.79091963347942,-4.588));
#8432=CARTESIAN_POINT('',(-9.97052651253138,-3.79091963347942,-6.588));
#8433=CARTESIAN_POINT('Ctrl Pts',(-9.97052651253138,-3.79091963347942,-6.588));
#8434=CARTESIAN_POINT('Ctrl Pts',(-8.58826939225846,-3.321077260783,-6.588));
#8435=CARTESIAN_POINT('Ctrl Pts',(-6.80382871618856,-1.6921059601436,-6.588));
#8436=CARTESIAN_POINT('Ctrl Pts',(-6.80382871618856,-0.90012294922182,-6.588));
#8437=CARTESIAN_POINT('',(-9.97052651253138,-3.79091963347942,-4.588));
#8438=CARTESIAN_POINT('Ctrl Pts',(-10.458216559726,-4.39988436871903,-4.588));
#8439=CARTESIAN_POINT('Ctrl Pts',(-10.458216559726,-4.39988436871903,-6.988));
#8440=CARTESIAN_POINT('Ctrl Pts',(-10.9287936530169,-4.27382671204466,-4.588));
#8441=CARTESIAN_POINT('Ctrl Pts',(-10.9287936530169,-4.27382671204466,-6.988));
#8442=CARTESIAN_POINT('Ctrl Pts',(-10.755830434536,-4.05785215904421,-4.588));
#8443=CARTESIAN_POINT('Ctrl Pts',(-10.755830434536,-4.05785215904421,-6.988));
#8444=CARTESIAN_POINT('Ctrl Pts',(-9.97052651253138,-3.79091963347942,-4.588));
#8445=CARTESIAN_POINT('Ctrl Pts',(-9.97052651253138,-3.79091963347942,-6.988));
#8446=CARTESIAN_POINT('',(-10.458216559726,-4.39988436871903,-4.588));
#8447=CARTESIAN_POINT('Ctrl Pts',(-9.97052651253138,-3.79091963347942,-4.588));
#8448=CARTESIAN_POINT('Ctrl Pts',(-10.755830434536,-4.05785215904421,-4.588));
#8449=CARTESIAN_POINT('Ctrl Pts',(-10.9287936530169,-4.27382671204466,-4.588));
#8450=CARTESIAN_POINT('Ctrl Pts',(-10.458216559726,-4.39988436871903,-4.588));
#8451=CARTESIAN_POINT('',(-10.458216559726,-4.39988436871903,-6.588));
#8452=CARTESIAN_POINT('Ctrl Pts',(-10.458216559726,-4.39988436871903,-6.588));
#8453=CARTESIAN_POINT('Ctrl Pts',(-10.9287936530169,-4.27382671204466,-6.588));
#8454=CARTESIAN_POINT('Ctrl Pts',(-10.755830434536,-4.05785215904421,-6.588));
#8455=CARTESIAN_POINT('Ctrl Pts',(-9.97052651253138,-3.79091963347942,-6.588));
#8456=CARTESIAN_POINT('',(-10.458216559726,-4.39988436871903,-4.588));
#8457=CARTESIAN_POINT('Ctrl Pts',(-7.45174821246701,-4.0117042128082,-4.588));
#8458=CARTESIAN_POINT('Ctrl Pts',(-7.45174821246701,-4.0117042128082,-6.988));
#8459=CARTESIAN_POINT('Ctrl Pts',(-8.50399922956662,-4.44895454644139,-4.588));
#8460=CARTESIAN_POINT('Ctrl Pts',(-8.50399922956662,-4.44895454644139,-6.988));
#8461=CARTESIAN_POINT('Ctrl Pts',(-9.6990274799288,-4.60325003400987,-4.588));
#8462=CARTESIAN_POINT('Ctrl Pts',(-9.6990274799288,-4.60325003400987,-6.988));
#8463=CARTESIAN_POINT('Ctrl Pts',(-10.458216559726,-4.39988436871903,-4.588));
#8464=CARTESIAN_POINT('Ctrl Pts',(-10.458216559726,-4.39988436871903,-6.988));
#8465=CARTESIAN_POINT('',(-7.45174821246701,-4.0117042128082,-4.588));
#8466=CARTESIAN_POINT('Ctrl Pts',(-10.458216559726,-4.39988436871903,-4.588));
#8467=CARTESIAN_POINT('Ctrl Pts',(-9.6990274799288,-4.60325003400987,-4.588));
#8468=CARTESIAN_POINT('Ctrl Pts',(-8.50399922956662,-4.44895454644139,-4.588));
#8469=CARTESIAN_POINT('Ctrl Pts',(-7.45174821246701,-4.0117042128082,-4.588));
#8470=CARTESIAN_POINT('',(-7.45174821246701,-4.0117042128082,-6.588));
#8471=CARTESIAN_POINT('Ctrl Pts',(-7.45174821246701,-4.0117042128082,-6.588));
#8472=CARTESIAN_POINT('Ctrl Pts',(-8.50399922956662,-4.44895454644139,-6.588));
#8473=CARTESIAN_POINT('Ctrl Pts',(-9.6990274799288,-4.60325003400987,-6.588));
#8474=CARTESIAN_POINT('Ctrl Pts',(-10.458216559726,-4.39988436871903,-6.588));
#8475=CARTESIAN_POINT('',(-7.45174821246701,-4.0117042128082,-4.588));
#8476=CARTESIAN_POINT('Ctrl Pts',(-7.43114689676053,-4.69338131056607,-4.588));
#8477=CARTESIAN_POINT('Ctrl Pts',(-7.43114689676053,-4.69338131056607,-6.988));
#8478=CARTESIAN_POINT('Ctrl Pts',(-7.13129972110661,-4.23575652962526,-4.588));
#8479=CARTESIAN_POINT('Ctrl Pts',(-7.13129972110661,-4.23575652962526,-6.988));
#8480=CARTESIAN_POINT('Ctrl Pts',(-7.141960454492,-3.88297616938383,-4.588));
#8481=CARTESIAN_POINT('Ctrl Pts',(-7.141960454492,-3.88297616938383,-6.988));
#8482=CARTESIAN_POINT('Ctrl Pts',(-7.45174821246701,-4.0117042128082,-4.588));
#8483=CARTESIAN_POINT('Ctrl Pts',(-7.45174821246701,-4.0117042128082,-6.988));
#8484=CARTESIAN_POINT('',(-7.43114689676053,-4.69338131056607,-4.588));
#8485=CARTESIAN_POINT('Ctrl Pts',(-7.45174821246701,-4.0117042128082,-4.588));
#8486=CARTESIAN_POINT('Ctrl Pts',(-7.141960454492,-3.88297616938383,-4.588));
#8487=CARTESIAN_POINT('Ctrl Pts',(-7.13129972110661,-4.23575652962526,-4.588));
#8488=CARTESIAN_POINT('Ctrl Pts',(-7.43114689676053,-4.69338131056607,-4.588));
#8489=CARTESIAN_POINT('',(-7.43114689676053,-4.69338131056607,-6.588));
#8490=CARTESIAN_POINT('Ctrl Pts',(-7.43114689676053,-4.69338131056607,-6.588));
#8491=CARTESIAN_POINT('Ctrl Pts',(-7.13129972110661,-4.23575652962526,-6.588));
#8492=CARTESIAN_POINT('Ctrl Pts',(-7.141960454492,-3.88297616938383,-6.588));
#8493=CARTESIAN_POINT('Ctrl Pts',(-7.45174821246701,-4.0117042128082,-6.588));
#8494=CARTESIAN_POINT('',(-7.43114689676053,-4.69338131056607,-4.588));
#8495=CARTESIAN_POINT('Ctrl Pts',(-7.03367554330335,-5.72994926908331,-4.588));
#8496=CARTESIAN_POINT('Ctrl Pts',(-7.03367554330335,-5.72994926908331,-6.988));
#8497=CARTESIAN_POINT('Ctrl Pts',(-7.63045598857067,-5.0477393427923,-4.588));
#8498=CARTESIAN_POINT('Ctrl Pts',(-7.63045598857067,-5.0477393427923,-6.988));
#8499=CARTESIAN_POINT('Ctrl Pts',(-7.64259240722944,-5.01608807910788,-4.588));
#8500=CARTESIAN_POINT('Ctrl Pts',(-7.64259240722944,-5.01608807910788,-6.988));
#8501=CARTESIAN_POINT('Ctrl Pts',(-7.43114689676053,-4.69338131056607,-4.588));
#8502=CARTESIAN_POINT('Ctrl Pts',(-7.43114689676053,-4.69338131056607,-6.988));
#8503=CARTESIAN_POINT('',(-7.03367554330335,-5.72994926908331,-4.588));
#8504=CARTESIAN_POINT('Ctrl Pts',(-7.43114689676053,-4.69338131056607,-4.588));
#8505=CARTESIAN_POINT('Ctrl Pts',(-7.64259240722944,-5.01608807910788,-4.588));
#8506=CARTESIAN_POINT('Ctrl Pts',(-7.63045598857067,-5.0477393427923,-4.588));
#8507=CARTESIAN_POINT('Ctrl Pts',(-7.03367554330335,-5.72994926908331,-4.588));
#8508=CARTESIAN_POINT('',(-7.03367554330335,-5.72994926908331,-6.588));
#8509=CARTESIAN_POINT('Ctrl Pts',(-7.03367554330335,-5.72994926908331,-6.588));
#8510=CARTESIAN_POINT('Ctrl Pts',(-7.63045598857067,-5.0477393427923,-6.588));
#8511=CARTESIAN_POINT('Ctrl Pts',(-7.64259240722944,-5.01608807910788,-6.588));
#8512=CARTESIAN_POINT('Ctrl Pts',(-7.43114689676053,-4.69338131056607,-6.588));
#8513=CARTESIAN_POINT('',(-7.03367554330335,-5.72994926908331,-4.588));
#8514=CARTESIAN_POINT('Ctrl Pts',(-6.40800163828281,-8.25780438646389,-4.588));
#8515=CARTESIAN_POINT('Ctrl Pts',(-6.40800163828281,-8.25780438646389,-6.988));
#8516=CARTESIAN_POINT('Ctrl Pts',(-6.19227060457288,-7.01898220967414,-4.588));
#8517=CARTESIAN_POINT('Ctrl Pts',(-6.19227060457288,-7.01898220967414,-6.988));
#8518=CARTESIAN_POINT('Ctrl Pts',(-6.30520527725762,-6.56269990687343,-4.588));
#8519=CARTESIAN_POINT('Ctrl Pts',(-6.30520527725762,-6.56269990687343,-6.988));
#8520=CARTESIAN_POINT('Ctrl Pts',(-7.03367554330335,-5.72994926908331,-4.588));
#8521=CARTESIAN_POINT('Ctrl Pts',(-7.03367554330335,-5.72994926908331,-6.988));
#8522=CARTESIAN_POINT('',(-6.40800163828281,-8.25780438646389,-4.588));
#8523=CARTESIAN_POINT('Ctrl Pts',(-7.03367554330335,-5.72994926908331,-4.588));
#8524=CARTESIAN_POINT('Ctrl Pts',(-6.30520527725762,-6.56269990687343,-4.588));
#8525=CARTESIAN_POINT('Ctrl Pts',(-6.19227060457288,-7.01898220967414,-4.588));
#8526=CARTESIAN_POINT('Ctrl Pts',(-6.40800163828281,-8.25780438646389,-4.588));
#8527=CARTESIAN_POINT('',(-6.40800163828281,-8.25780438646389,-6.588));
#8528=CARTESIAN_POINT('Ctrl Pts',(-6.40800163828281,-8.25780438646389,-6.588));
#8529=CARTESIAN_POINT('Ctrl Pts',(-6.19227060457288,-7.01898220967414,-6.588));
#8530=CARTESIAN_POINT('Ctrl Pts',(-6.30520527725762,-6.56269990687343,-6.588));
#8531=CARTESIAN_POINT('Ctrl Pts',(-7.03367554330335,-5.72994926908331,-6.588));
#8532=CARTESIAN_POINT('',(-6.40800163828281,-8.25780438646389,-4.588));
#8533=CARTESIAN_POINT('Ctrl Pts',(-6.17434175697785,-9.48970395504595,-4.588));
#8534=CARTESIAN_POINT('Ctrl Pts',(-6.17434175697785,-9.48970395504595,-6.988));
#8535=CARTESIAN_POINT('Ctrl Pts',(-6.56788141864179,-9.17590541354231,-4.588));
#8536=CARTESIAN_POINT('Ctrl Pts',(-6.56788141864179,-9.17590541354231,-6.988));
#8537=CARTESIAN_POINT('Ctrl Pts',(-6.56788141864179,-9.17590541354231,-4.588));
#8538=CARTESIAN_POINT('Ctrl Pts',(-6.56788141864179,-9.17590541354231,-6.988));
#8539=CARTESIAN_POINT('Ctrl Pts',(-6.40800163828281,-8.25780438646389,-4.588));
#8540=CARTESIAN_POINT('Ctrl Pts',(-6.40800163828281,-8.25780438646389,-6.988));
#8541=CARTESIAN_POINT('',(-6.17434175697785,-9.48970395504595,-4.588));
#8542=CARTESIAN_POINT('Ctrl Pts',(-6.40800163828281,-8.25780438646389,-4.588));
#8543=CARTESIAN_POINT('Ctrl Pts',(-6.56788141864179,-9.17590541354231,-4.588));
#8544=CARTESIAN_POINT('Ctrl Pts',(-6.56788141864179,-9.17590541354231,-4.588));
#8545=CARTESIAN_POINT('Ctrl Pts',(-6.17434175697785,-9.48970395504595,-4.588));
#8546=CARTESIAN_POINT('',(-6.17434175697785,-9.48970395504595,-6.588));
#8547=CARTESIAN_POINT('Ctrl Pts',(-6.17434175697785,-9.48970395504595,-6.588));
#8548=CARTESIAN_POINT('Ctrl Pts',(-6.56788141864179,-9.17590541354231,-6.588));
#8549=CARTESIAN_POINT('Ctrl Pts',(-6.56788141864179,-9.17590541354231,-6.588));
#8550=CARTESIAN_POINT('Ctrl Pts',(-6.40800163828281,-8.25780438646389,-6.588));
#8551=CARTESIAN_POINT('',(-6.17434175697785,-9.48970395504595,-4.588));
#8552=CARTESIAN_POINT('Origin',(-5.78080001395246,-9.80350249654959,-4.588));
#8553=CARTESIAN_POINT('',(-5.78080001395246,-9.80350249654959,-4.588));
#8554=CARTESIAN_POINT('',(-6.17434175697785,-9.48970395504595,-4.588));
#8555=CARTESIAN_POINT('',(-5.78080001395246,-9.80350249654959,-6.588));
#8556=CARTESIAN_POINT('',(-6.17434175697785,-9.48970395504595,-6.588));
#8557=CARTESIAN_POINT('',(-5.78080001395246,-9.80350249654959,-4.588));
#8558=CARTESIAN_POINT('Origin',(-5.78302290798909,-15.0909473532675,-4.588));
#8559=CARTESIAN_POINT('',(-5.78302290798908,-15.0909473532675,-4.588));
#8560=CARTESIAN_POINT('',(-5.78080001395246,-9.80350249654959,-4.588));
#8561=CARTESIAN_POINT('',(-5.78302290798908,-15.0909473532675,-6.588));
#8562=CARTESIAN_POINT('',(-5.78080001395246,-9.80350249654959,-6.588));
#8563=CARTESIAN_POINT('',(-5.78302290798908,-15.0909473532675,-4.588));
#8564=CARTESIAN_POINT('Ctrl Pts',(-6.03041977491364,-22.9969025866692,-4.588));
#8565=CARTESIAN_POINT('Ctrl Pts',(-6.03041977491364,-22.9969025866692,-6.988));
#8566=CARTESIAN_POINT('Ctrl Pts',(-5.84437519967224,-21.0099293102318,-4.588));
#8567=CARTESIAN_POINT('Ctrl Pts',(-5.84437519967224,-21.0099293102318,-6.988));
#8568=CARTESIAN_POINT('Ctrl Pts',(-5.78471505485404,-19.1031597365387,-4.588));
#8569=CARTESIAN_POINT('Ctrl Pts',(-5.78471505485404,-19.1031597365387,-6.988));
#8570=CARTESIAN_POINT('Ctrl Pts',(-5.78302290798908,-15.0909473532675,-4.588));
#8571=CARTESIAN_POINT('Ctrl Pts',(-5.78302290798908,-15.0909473532675,-6.988));
#8572=CARTESIAN_POINT('',(-6.03041977491364,-22.9969025866692,-4.588));
#8573=CARTESIAN_POINT('Ctrl Pts',(-5.78302290798908,-15.0909473532675,-4.588));
#8574=CARTESIAN_POINT('Ctrl Pts',(-5.78471505485404,-19.1031597365387,-4.588));
#8575=CARTESIAN_POINT('Ctrl Pts',(-5.84437519967224,-21.0099293102318,-4.588));
#8576=CARTESIAN_POINT('Ctrl Pts',(-6.03041977491364,-22.9969025866692,-4.588));
#8577=CARTESIAN_POINT('',(-6.03041977491364,-22.9969025866692,-6.588));
#8578=CARTESIAN_POINT('Ctrl Pts',(-6.03041977491364,-22.9969025866692,-6.588));
#8579=CARTESIAN_POINT('Ctrl Pts',(-5.84437519967224,-21.0099293102318,-6.588));
#8580=CARTESIAN_POINT('Ctrl Pts',(-5.78471505485404,-19.1031597365387,-6.588));
#8581=CARTESIAN_POINT('Ctrl Pts',(-5.78302290798908,-15.0909473532675,-6.588));
#8582=CARTESIAN_POINT('',(-6.03041977491364,-22.9969025866692,-4.588));
#8583=CARTESIAN_POINT('Ctrl Pts',(-6.11907952891939,-25.9078655820886,-4.588));
#8584=CARTESIAN_POINT('Ctrl Pts',(-6.11907952891939,-25.9078655820886,-6.988));
#8585=CARTESIAN_POINT('Ctrl Pts',(-6.23910748145133,-25.6835900392552,-4.588));
#8586=CARTESIAN_POINT('Ctrl Pts',(-6.23910748145133,-25.6835900392552,-6.988));
#8587=CARTESIAN_POINT('Ctrl Pts',(-6.21843956217822,-25.0049704614785,-4.588));
#8588=CARTESIAN_POINT('Ctrl Pts',(-6.21843956217822,-25.0049704614785,-6.988));
#8589=CARTESIAN_POINT('Ctrl Pts',(-6.03041977491364,-22.9969025866692,-4.588));
#8590=CARTESIAN_POINT('Ctrl Pts',(-6.03041977491364,-22.9969025866692,-6.988));
#8591=CARTESIAN_POINT('',(-6.11907952891939,-25.9078655820886,-4.588));
#8592=CARTESIAN_POINT('Ctrl Pts',(-6.03041977491364,-22.9969025866692,-4.588));
#8593=CARTESIAN_POINT('Ctrl Pts',(-6.21843956217822,-25.0049704614785,-4.588));
#8594=CARTESIAN_POINT('Ctrl Pts',(-6.23910748145133,-25.6835900392552,-4.588));
#8595=CARTESIAN_POINT('Ctrl Pts',(-6.11907952891939,-25.9078655820886,-4.588));
#8596=CARTESIAN_POINT('',(-6.11907952891939,-25.9078655820886,-6.588));
#8597=CARTESIAN_POINT('Ctrl Pts',(-6.11907952891939,-25.9078655820886,-6.588));
#8598=CARTESIAN_POINT('Ctrl Pts',(-6.23910748145133,-25.6835900392552,-6.588));
#8599=CARTESIAN_POINT('Ctrl Pts',(-6.21843956217822,-25.0049704614785,-6.588));
#8600=CARTESIAN_POINT('Ctrl Pts',(-6.03041977491364,-22.9969025866692,-6.588));
#8601=CARTESIAN_POINT('',(-6.11907952891939,-25.9078655820886,-4.588));
#8602=CARTESIAN_POINT('Ctrl Pts',(-6.14246986897893,-26.6312568058377,-4.588));
#8603=CARTESIAN_POINT('Ctrl Pts',(-6.14246986897893,-26.6312568058377,-6.988));
#8604=CARTESIAN_POINT('Ctrl Pts',(-6.00435072265827,-26.3004171174006,-4.588));
#8605=CARTESIAN_POINT('Ctrl Pts',(-6.00435072265827,-26.3004171174006,-6.988));
#8606=CARTESIAN_POINT('Ctrl Pts',(-5.99891836925416,-26.1323877662547,-4.588));
#8607=CARTESIAN_POINT('Ctrl Pts',(-5.99891836925416,-26.1323877662547,-6.988));
#8608=CARTESIAN_POINT('Ctrl Pts',(-6.11907952891939,-25.9078655820886,-4.588));
#8609=CARTESIAN_POINT('Ctrl Pts',(-6.11907952891939,-25.9078655820886,-6.988));
#8610=CARTESIAN_POINT('',(-6.14246986897893,-26.6312568058377,-4.588));
#8611=CARTESIAN_POINT('Ctrl Pts',(-6.11907952891939,-25.9078655820886,-4.588));
#8612=CARTESIAN_POINT('Ctrl Pts',(-5.99891836925416,-26.1323877662547,-4.588));
#8613=CARTESIAN_POINT('Ctrl Pts',(-6.00435072265827,-26.3004171174006,-4.588));
#8614=CARTESIAN_POINT('Ctrl Pts',(-6.14246986897893,-26.6312568058377,-4.588));
#8615=CARTESIAN_POINT('',(-6.14246986897893,-26.6312568058377,-6.588));
#8616=CARTESIAN_POINT('Ctrl Pts',(-6.14246986897893,-26.6312568058377,-6.588));
#8617=CARTESIAN_POINT('Ctrl Pts',(-6.00435072265827,-26.3004171174006,-6.588));
#8618=CARTESIAN_POINT('Ctrl Pts',(-5.99891836925416,-26.1323877662547,-6.588));
#8619=CARTESIAN_POINT('Ctrl Pts',(-6.11907952891939,-25.9078655820886,-6.588));
#8620=CARTESIAN_POINT('',(-6.14246986897893,-26.6312568058377,-4.588));
#8621=CARTESIAN_POINT('Ctrl Pts',(-3.23201472575511,-30.4284505013577,-4.588));
#8622=CARTESIAN_POINT('Ctrl Pts',(-3.23201472575511,-30.4284505013577,-6.988));
#8623=CARTESIAN_POINT('Ctrl Pts',(-5.29363030712223,-31.3314210713207,-4.588));
#8624=CARTESIAN_POINT('Ctrl Pts',(-5.29363030712223,-31.3314210713207,-6.988));
#8625=CARTESIAN_POINT('Ctrl Pts',(-7.11346869750008,-28.9571269810843,-4.588));
#8626=CARTESIAN_POINT('Ctrl Pts',(-7.11346869750008,-28.9571269810843,-6.988));
#8627=CARTESIAN_POINT('Ctrl Pts',(-6.14246986897893,-26.6312568058377,-4.588));
#8628=CARTESIAN_POINT('Ctrl Pts',(-6.14246986897893,-26.6312568058377,-6.988));
#8629=CARTESIAN_POINT('',(-3.23201472575511,-30.4284505013577,-4.588));
#8630=CARTESIAN_POINT('Ctrl Pts',(-6.14246986897893,-26.6312568058377,-4.588));
#8631=CARTESIAN_POINT('Ctrl Pts',(-7.11346869750008,-28.9571269810843,-4.588));
#8632=CARTESIAN_POINT('Ctrl Pts',(-5.29363030712223,-31.3314210713207,-4.588));
#8633=CARTESIAN_POINT('Ctrl Pts',(-3.23201472575511,-30.4284505013577,-4.588));
#8634=CARTESIAN_POINT('',(-3.23201472575511,-30.4284505013577,-6.588));
#8635=CARTESIAN_POINT('Ctrl Pts',(-3.23201472575511,-30.4284505013577,-6.588));
#8636=CARTESIAN_POINT('Ctrl Pts',(-5.29363030712223,-31.3314210713207,-6.588));
#8637=CARTESIAN_POINT('Ctrl Pts',(-7.11346869750008,-28.9571269810843,-6.588));
#8638=CARTESIAN_POINT('Ctrl Pts',(-6.14246986897893,-26.6312568058377,-6.588));
#8639=CARTESIAN_POINT('',(-3.23201472575511,-30.4284505013577,-4.588));
#8640=CARTESIAN_POINT('Ctrl Pts',(-2.50075543535631,-20.3783942913469,-4.588));
#8641=CARTESIAN_POINT('Ctrl Pts',(-2.50075543535631,-20.3783942913469,-6.988));
#8642=CARTESIAN_POINT('Ctrl Pts',(-1.7643676703262,-27.0604772469678,-4.588));
#8643=CARTESIAN_POINT('Ctrl Pts',(-1.7643676703262,-27.0604772469678,-6.988));
#8644=CARTESIAN_POINT('Ctrl Pts',(-1.96918196319147,-29.8753406618516,-4.588));
#8645=CARTESIAN_POINT('Ctrl Pts',(-1.96918196319147,-29.8753406618516,-6.988));
#8646=CARTESIAN_POINT('Ctrl Pts',(-3.23201472575511,-30.4284505013577,-4.588));
#8647=CARTESIAN_POINT('Ctrl Pts',(-3.23201472575511,-30.4284505013577,-6.988));
#8648=CARTESIAN_POINT('',(-2.50075543535631,-20.3783942913469,-4.588));
#8649=CARTESIAN_POINT('Ctrl Pts',(-3.23201472575511,-30.4284505013577,-4.588));
#8650=CARTESIAN_POINT('Ctrl Pts',(-1.96918196319147,-29.8753406618516,-4.588));
#8651=CARTESIAN_POINT('Ctrl Pts',(-1.7643676703262,-27.0604772469678,-4.588));
#8652=CARTESIAN_POINT('Ctrl Pts',(-2.50075543535631,-20.3783942913469,-4.588));
#8653=CARTESIAN_POINT('',(-2.50075543535631,-20.3783942913469,-6.588));
#8654=CARTESIAN_POINT('Ctrl Pts',(-2.50075543535631,-20.3783942913469,-6.588));
#8655=CARTESIAN_POINT('Ctrl Pts',(-1.7643676703262,-27.0604772469678,-6.588));
#8656=CARTESIAN_POINT('Ctrl Pts',(-1.96918196319147,-29.8753406618516,-6.588));
#8657=CARTESIAN_POINT('Ctrl Pts',(-3.23201472575511,-30.4284505013577,-6.588));
#8658=CARTESIAN_POINT('',(-2.50075543535631,-20.3783942913469,-4.588));
#8659=CARTESIAN_POINT('Ctrl Pts',(-2.22330995306962,-11.7125563644424,-4.588));
#8660=CARTESIAN_POINT('Ctrl Pts',(-2.22330995306962,-11.7125563644424,-6.988));
#8661=CARTESIAN_POINT('Ctrl Pts',(-2.74233905973003,-11.9098902442293,-4.588));
#8662=CARTESIAN_POINT('Ctrl Pts',(-2.74233905973003,-11.9098902442293,-6.988));
#8663=CARTESIAN_POINT('Ctrl Pts',(-2.89804571036669,-16.7733284702682,-4.588));
#8664=CARTESIAN_POINT('Ctrl Pts',(-2.89804571036669,-16.7733284702682,-6.988));
#8665=CARTESIAN_POINT('Ctrl Pts',(-2.50075543535631,-20.3783942913469,-4.588));
#8666=CARTESIAN_POINT('Ctrl Pts',(-2.50075543535631,-20.3783942913469,-6.988));
#8667=CARTESIAN_POINT('',(-2.22330995306962,-11.7125563644424,-4.588));
#8668=CARTESIAN_POINT('Ctrl Pts',(-2.50075543535631,-20.3783942913469,-4.588));
#8669=CARTESIAN_POINT('Ctrl Pts',(-2.89804571036669,-16.7733284702682,-4.588));
#8670=CARTESIAN_POINT('Ctrl Pts',(-2.74233905973003,-11.9098902442293,-4.588));
#8671=CARTESIAN_POINT('Ctrl Pts',(-2.22330995306962,-11.7125563644424,-4.588));
#8672=CARTESIAN_POINT('',(-2.22330995306962,-11.7125563644424,-6.588));
#8673=CARTESIAN_POINT('Ctrl Pts',(-2.22330995306962,-11.7125563644424,-6.588));
#8674=CARTESIAN_POINT('Ctrl Pts',(-2.74233905973003,-11.9098902442293,-6.588));
#8675=CARTESIAN_POINT('Ctrl Pts',(-2.89804571036669,-16.7733284702682,-6.588));
#8676=CARTESIAN_POINT('Ctrl Pts',(-2.50075543535631,-20.3783942913469,-6.588));
#8677=CARTESIAN_POINT('',(-2.22330995306962,-11.7125563644424,-4.588));
#8678=CARTESIAN_POINT('Ctrl Pts',(-1.86963252604,-11.2853465184802,-4.588));
#8679=CARTESIAN_POINT('Ctrl Pts',(-1.86963252604,-11.2853465184802,-6.988));
#8680=CARTESIAN_POINT('Ctrl Pts',(-1.89413639447932,-11.455670570633,-4.588));
#8681=CARTESIAN_POINT('Ctrl Pts',(-1.89413639447932,-11.455670570633,-6.988));
#8682=CARTESIAN_POINT('Ctrl Pts',(-2.05328977968963,-11.6479134402949,-4.588));
#8683=CARTESIAN_POINT('Ctrl Pts',(-2.05328977968963,-11.6479134402949,-6.988));
#8684=CARTESIAN_POINT('Ctrl Pts',(-2.22330995306962,-11.7125563644424,-4.588));
#8685=CARTESIAN_POINT('Ctrl Pts',(-2.22330995306962,-11.7125563644424,-6.988));
#8686=CARTESIAN_POINT('',(-1.86963252604,-11.2853465184802,-4.588));
#8687=CARTESIAN_POINT('Ctrl Pts',(-2.22330995306962,-11.7125563644424,-4.588));
#8688=CARTESIAN_POINT('Ctrl Pts',(-2.05328977968963,-11.6479134402949,-4.588));
#8689=CARTESIAN_POINT('Ctrl Pts',(-1.89413639447932,-11.455670570633,-4.588));
#8690=CARTESIAN_POINT('Ctrl Pts',(-1.86963252604,-11.2853465184802,-4.588));
#8691=CARTESIAN_POINT('',(-1.86963252604,-11.2853465184802,-6.588));
#8692=CARTESIAN_POINT('Ctrl Pts',(-1.86963252604,-11.2853465184802,-6.588));
#8693=CARTESIAN_POINT('Ctrl Pts',(-1.89413639447932,-11.455670570633,-6.588));
#8694=CARTESIAN_POINT('Ctrl Pts',(-2.05328977968963,-11.6479134402949,-6.588));
#8695=CARTESIAN_POINT('Ctrl Pts',(-2.22330995306962,-11.7125563644424,-6.588));
#8696=CARTESIAN_POINT('',(-1.86963252604,-11.2853465184802,-4.588));
#8697=CARTESIAN_POINT('Ctrl Pts',(-1.32486114087306,-10.8579056413963,-4.588));
#8698=CARTESIAN_POINT('Ctrl Pts',(-1.32486114087306,-10.8579056413963,-6.988));
#8699=CARTESIAN_POINT('Ctrl Pts',(-1.69633004564151,-10.9453561243952,-4.588));
#8700=CARTESIAN_POINT('Ctrl Pts',(-1.69633004564151,-10.9453561243952,-6.988));
#8701=CARTESIAN_POINT('Ctrl Pts',(-1.83654928567281,-11.055374809678,-4.588));
#8702=CARTESIAN_POINT('Ctrl Pts',(-1.83654928567281,-11.055374809678,-6.988));
#8703=CARTESIAN_POINT('Ctrl Pts',(-1.86963252604,-11.2853465184802,-4.588));
#8704=CARTESIAN_POINT('Ctrl Pts',(-1.86963252604,-11.2853465184802,-6.988));
#8705=CARTESIAN_POINT('',(-1.32486114087306,-10.8579056413963,-4.588));
#8706=CARTESIAN_POINT('Ctrl Pts',(-1.86963252604,-11.2853465184802,-4.588));
#8707=CARTESIAN_POINT('Ctrl Pts',(-1.83654928567281,-11.055374809678,-4.588));
#8708=CARTESIAN_POINT('Ctrl Pts',(-1.69633004564151,-10.9453561243952,-4.588));
#8709=CARTESIAN_POINT('Ctrl Pts',(-1.32486114087306,-10.8579056413963,-4.588));
#8710=CARTESIAN_POINT('',(-1.32486114087306,-10.8579056413963,-6.588));
#8711=CARTESIAN_POINT('Ctrl Pts',(-1.32486114087306,-10.8579056413963,-6.588));
#8712=CARTESIAN_POINT('Ctrl Pts',(-1.69633004564151,-10.9453561243952,-6.588));
#8713=CARTESIAN_POINT('Ctrl Pts',(-1.83654928567281,-11.055374809678,-6.588));
#8714=CARTESIAN_POINT('Ctrl Pts',(-1.86963252604,-11.2853465184802,-6.588));
#8715=CARTESIAN_POINT('',(-1.32486114087306,-10.8579056413963,-4.588));
#8716=CARTESIAN_POINT('Ctrl Pts',(-1.15483264204724,-9.86148922675595,-4.588));
#8717=CARTESIAN_POINT('Ctrl Pts',(-1.15483264204724,-9.86148922675595,-6.988));
#8718=CARTESIAN_POINT('Ctrl Pts',(-0.152059749515669,-9.99689427773601,
-4.588));
#8719=CARTESIAN_POINT('Ctrl Pts',(-0.152059749515669,-9.99689427773601,
-6.988));
#8720=CARTESIAN_POINT('Ctrl Pts',(-0.256048730656011,-10.6062898547973,
-4.588));
#8721=CARTESIAN_POINT('Ctrl Pts',(-0.256048730656011,-10.6062898547973,
-6.988));
#8722=CARTESIAN_POINT('Ctrl Pts',(-1.32486114087306,-10.8579056413963,-4.588));
#8723=CARTESIAN_POINT('Ctrl Pts',(-1.32486114087306,-10.8579056413963,-6.988));
#8724=CARTESIAN_POINT('',(-1.15483264204724,-9.86148922675595,-4.588));
#8725=CARTESIAN_POINT('Ctrl Pts',(-1.32486114087306,-10.8579056413963,-4.588));
#8726=CARTESIAN_POINT('Ctrl Pts',(-0.256048730656011,-10.6062898547973,
-4.588));
#8727=CARTESIAN_POINT('Ctrl Pts',(-0.152059749515669,-9.99689427773601,
-4.588));
#8728=CARTESIAN_POINT('Ctrl Pts',(-1.15483264204724,-9.86148922675595,-4.588));
#8729=CARTESIAN_POINT('',(-1.15483264204724,-9.86148922675595,-6.588));
#8730=CARTESIAN_POINT('Ctrl Pts',(-1.15483264204724,-9.86148922675595,-6.588));
#8731=CARTESIAN_POINT('Ctrl Pts',(-0.152059749515669,-9.99689427773601,
-6.588));
#8732=CARTESIAN_POINT('Ctrl Pts',(-0.256048730656011,-10.6062898547973,
-6.588));
#8733=CARTESIAN_POINT('Ctrl Pts',(-1.32486114087306,-10.8579056413963,-6.588));
#8734=CARTESIAN_POINT('',(-1.15483264204724,-9.86148922675595,-4.588));
#8735=CARTESIAN_POINT('Ctrl Pts',(-2.30249534972077,-9.48016923820908,-4.588));
#8736=CARTESIAN_POINT('Ctrl Pts',(-2.30249534972077,-9.48016923820908,-6.988));
#8737=CARTESIAN_POINT('Ctrl Pts',(-2.30249534972077,-9.66843046340273,-4.588));
#8738=CARTESIAN_POINT('Ctrl Pts',(-2.30249534972077,-9.66843046340273,-6.988));
#8739=CARTESIAN_POINT('Ctrl Pts',(-2.10938247096965,-9.73259467441498,-4.588));
#8740=CARTESIAN_POINT('Ctrl Pts',(-2.10938247096965,-9.73259467441498,-6.988));
#8741=CARTESIAN_POINT('Ctrl Pts',(-1.15483264204724,-9.86148922675595,-4.588));
#8742=CARTESIAN_POINT('Ctrl Pts',(-1.15483264204724,-9.86148922675595,-6.988));
#8743=CARTESIAN_POINT('',(-2.30249534972077,-9.48016923820908,-4.588));
#8744=CARTESIAN_POINT('Ctrl Pts',(-1.15483264204724,-9.86148922675595,-4.588));
#8745=CARTESIAN_POINT('Ctrl Pts',(-2.10938247096965,-9.73259467441498,-4.588));
#8746=CARTESIAN_POINT('Ctrl Pts',(-2.30249534972077,-9.66843046340273,-4.588));
#8747=CARTESIAN_POINT('Ctrl Pts',(-2.30249534972077,-9.48016923820908,-4.588));
#8748=CARTESIAN_POINT('',(-2.30249534972077,-9.48016923820908,-6.588));
#8749=CARTESIAN_POINT('Ctrl Pts',(-2.30249534972077,-9.48016923820908,-6.588));
#8750=CARTESIAN_POINT('Ctrl Pts',(-2.30249534972077,-9.66843046340273,-6.588));
#8751=CARTESIAN_POINT('Ctrl Pts',(-2.10938247096965,-9.73259467441498,-6.588));
#8752=CARTESIAN_POINT('Ctrl Pts',(-1.15483264204724,-9.86148922675595,-6.588));
#8753=CARTESIAN_POINT('',(-2.30249534972077,-9.48016923820908,-4.588));
#8754=CARTESIAN_POINT('Ctrl Pts',(-2.50710150644028,-9.12505567177377,-4.588));
#8755=CARTESIAN_POINT('Ctrl Pts',(-2.50710150644028,-9.12505567177377,-6.988));
#8756=CARTESIAN_POINT('Ctrl Pts',(-2.39456853651684,-9.21844844173391,-4.588));
#8757=CARTESIAN_POINT('Ctrl Pts',(-2.39456853651684,-9.21844844173391,-6.988));
#8758=CARTESIAN_POINT('Ctrl Pts',(-2.30249534972077,-9.37825121171896,-4.588));
#8759=CARTESIAN_POINT('Ctrl Pts',(-2.30249534972077,-9.37825121171896,-6.988));
#8760=CARTESIAN_POINT('Ctrl Pts',(-2.30249534972077,-9.48016923820908,-4.588));
#8761=CARTESIAN_POINT('Ctrl Pts',(-2.30249534972077,-9.48016923820908,-6.988));
#8762=CARTESIAN_POINT('',(-2.50710150644028,-9.12505567177377,-4.588));
#8763=CARTESIAN_POINT('Ctrl Pts',(-2.30249534972077,-9.48016923820908,-4.588));
#8764=CARTESIAN_POINT('Ctrl Pts',(-2.30249534972077,-9.37825121171896,-4.588));
#8765=CARTESIAN_POINT('Ctrl Pts',(-2.39456853651684,-9.21844844173391,-4.588));
#8766=CARTESIAN_POINT('Ctrl Pts',(-2.50710150644028,-9.12505567177377,-4.588));
#8767=CARTESIAN_POINT('',(-2.50710150644028,-9.12505567177377,-6.588));
#8768=CARTESIAN_POINT('Ctrl Pts',(-2.50710150644028,-9.12505567177377,-6.588));
#8769=CARTESIAN_POINT('Ctrl Pts',(-2.39456853651684,-9.21844844173391,-6.588));
#8770=CARTESIAN_POINT('Ctrl Pts',(-2.30249534972077,-9.37825121171896,-6.588));
#8771=CARTESIAN_POINT('Ctrl Pts',(-2.30249534972077,-9.48016923820908,-6.588));
#8772=CARTESIAN_POINT('',(-2.50710150644028,-9.12505567177377,-4.588));
#8773=CARTESIAN_POINT('Ctrl Pts',(-2.40479842808052,-4.70969502167007,-4.588));
#8774=CARTESIAN_POINT('Ctrl Pts',(-2.40479842808052,-4.70969502167007,-6.988));
#8775=CARTESIAN_POINT('Ctrl Pts',(-2.80013638604375,-4.81564048258048,-4.588));
#8776=CARTESIAN_POINT('Ctrl Pts',(-2.80013638604375,-4.81564048258048,-6.988));
#8777=CARTESIAN_POINT('Ctrl Pts',(-2.89257172973343,-8.80514417166941,-4.588));
#8778=CARTESIAN_POINT('Ctrl Pts',(-2.89257172973343,-8.80514417166941,-6.988));
#8779=CARTESIAN_POINT('Ctrl Pts',(-2.50710150644028,-9.12505567177377,-4.588));
#8780=CARTESIAN_POINT('Ctrl Pts',(-2.50710150644028,-9.12505567177377,-6.988));
#8781=CARTESIAN_POINT('',(-2.40479842808052,-4.70969502167007,-4.588));
#8782=CARTESIAN_POINT('Ctrl Pts',(-2.50710150644028,-9.12505567177377,-4.588));
#8783=CARTESIAN_POINT('Ctrl Pts',(-2.89257172973343,-8.80514417166941,-4.588));
#8784=CARTESIAN_POINT('Ctrl Pts',(-2.80013638604375,-4.81564048258048,-4.588));
#8785=CARTESIAN_POINT('Ctrl Pts',(-2.40479842808052,-4.70969502167007,-4.588));
#8786=CARTESIAN_POINT('',(-2.40479842808052,-4.70969502167007,-6.588));
#8787=CARTESIAN_POINT('Ctrl Pts',(-2.40479842808052,-4.70969502167007,-6.588));
#8788=CARTESIAN_POINT('Ctrl Pts',(-2.80013638604375,-4.81564048258048,-6.588));
#8789=CARTESIAN_POINT('Ctrl Pts',(-2.89257172973343,-8.80514417166941,-6.588));
#8790=CARTESIAN_POINT('Ctrl Pts',(-2.50710150644028,-9.12505567177377,-6.588));
#8791=CARTESIAN_POINT('',(-2.40479842808052,-4.70969502167007,-4.588));
#8792=CARTESIAN_POINT('Ctrl Pts',(-2.12985890498868,-7.03294190096969,-4.588));
#8793=CARTESIAN_POINT('Ctrl Pts',(-2.12985890498868,-7.03294190096969,-6.988));
#8794=CARTESIAN_POINT('Ctrl Pts',(-0.174854820198367,-6.21609078335353,
-4.588));
#8795=CARTESIAN_POINT('Ctrl Pts',(-0.174854820198367,-6.21609078335353,
-6.988));
#8796=CARTESIAN_POINT('Ctrl Pts',(-0.416197006643011,-4.17676866455785,
-4.588));
#8797=CARTESIAN_POINT('Ctrl Pts',(-0.416197006643011,-4.17676866455785,
-6.988));
#8798=CARTESIAN_POINT('Ctrl Pts',(-2.40479842808052,-4.70969502167007,-4.588));
#8799=CARTESIAN_POINT('Ctrl Pts',(-2.40479842808052,-4.70969502167007,-6.988));
#8800=CARTESIAN_POINT('',(-2.12985890498868,-7.03294190096969,-4.588));
#8801=CARTESIAN_POINT('Ctrl Pts',(-2.40479842808052,-4.70969502167007,-4.588));
#8802=CARTESIAN_POINT('Ctrl Pts',(-0.416197006643011,-4.17676866455785,
-4.588));
#8803=CARTESIAN_POINT('Ctrl Pts',(-0.174854820198367,-6.21609078335353,
-4.588));
#8804=CARTESIAN_POINT('Ctrl Pts',(-2.12985890498868,-7.03294190096969,-4.588));
#8805=CARTESIAN_POINT('',(-2.12985890498868,-7.03294190096969,-6.588));
#8806=CARTESIAN_POINT('Ctrl Pts',(-2.12985890498868,-7.03294190096969,-6.588));
#8807=CARTESIAN_POINT('Ctrl Pts',(-0.174854820198367,-6.21609078335353,
-6.588));
#8808=CARTESIAN_POINT('Ctrl Pts',(-0.416197006643011,-4.17676866455785,
-6.588));
#8809=CARTESIAN_POINT('Ctrl Pts',(-2.40479842808052,-4.70969502167007,-6.588));
#8810=CARTESIAN_POINT('',(-2.12985890498868,-7.03294190096969,-4.588));
#8811=CARTESIAN_POINT('Ctrl Pts',(-1.9955861146415,-7.48752165009816,-4.588));
#8812=CARTESIAN_POINT('Ctrl Pts',(-1.9955861146415,-7.48752165009816,-6.988));
#8813=CARTESIAN_POINT('Ctrl Pts',(-2.6869914958518,-7.48833962515096,-4.588));
#8814=CARTESIAN_POINT('Ctrl Pts',(-2.6869914958518,-7.48833962515096,-6.988));
#8815=CARTESIAN_POINT('Ctrl Pts',(-2.74552146139857,-7.29018152622683,-4.588));
#8816=CARTESIAN_POINT('Ctrl Pts',(-2.74552146139857,-7.29018152622683,-6.988));
#8817=CARTESIAN_POINT('Ctrl Pts',(-2.12985890498868,-7.03294190096969,-4.588));
#8818=CARTESIAN_POINT('Ctrl Pts',(-2.12985890498868,-7.03294190096969,-6.988));
#8819=CARTESIAN_POINT('',(-1.9955861146415,-7.48752165009816,-4.588));
#8820=CARTESIAN_POINT('Ctrl Pts',(-2.12985890498868,-7.03294190096969,-4.588));
#8821=CARTESIAN_POINT('Ctrl Pts',(-2.74552146139857,-7.29018152622683,-4.588));
#8822=CARTESIAN_POINT('Ctrl Pts',(-2.6869914958518,-7.48833962515096,-4.588));
#8823=CARTESIAN_POINT('Ctrl Pts',(-1.9955861146415,-7.48752165009816,-4.588));
#8824=CARTESIAN_POINT('',(-1.9955861146415,-7.48752165009816,-6.588));
#8825=CARTESIAN_POINT('Ctrl Pts',(-1.9955861146415,-7.48752165009816,-6.588));
#8826=CARTESIAN_POINT('Ctrl Pts',(-2.6869914958518,-7.48833962515096,-6.588));
#8827=CARTESIAN_POINT('Ctrl Pts',(-2.74552146139857,-7.29018152622683,-6.588));
#8828=CARTESIAN_POINT('Ctrl Pts',(-2.12985890498868,-7.03294190096969,-6.588));
#8829=CARTESIAN_POINT('',(-1.9955861146415,-7.48752165009816,-4.588));
#8830=CARTESIAN_POINT('Ctrl Pts',(0.561992925713852,-4.62053990363744,-4.588));
#8831=CARTESIAN_POINT('Ctrl Pts',(0.561992925713852,-4.62053990363744,-6.988));
#8832=CARTESIAN_POINT('Ctrl Pts',(0.561992925713852,-5.98241633251837,-4.588));
#8833=CARTESIAN_POINT('Ctrl Pts',(0.561992925713852,-5.98241633251837,-6.988));
#8834=CARTESIAN_POINT('Ctrl Pts',(-0.779398743702218,-7.48607510388519,
-4.588));
#8835=CARTESIAN_POINT('Ctrl Pts',(-0.779398743702218,-7.48607510388519,
-6.988));
#8836=CARTESIAN_POINT('Ctrl Pts',(-1.9955861146415,-7.48752165009816,-4.588));
#8837=CARTESIAN_POINT('Ctrl Pts',(-1.9955861146415,-7.48752165009816,-6.988));
#8838=CARTESIAN_POINT('',(0.561992925713852,-4.62053990363744,-4.588));
#8839=CARTESIAN_POINT('Ctrl Pts',(-1.9955861146415,-7.48752165009816,-4.588));
#8840=CARTESIAN_POINT('Ctrl Pts',(-0.779398743702218,-7.48607510388519,
-4.588));
#8841=CARTESIAN_POINT('Ctrl Pts',(0.561992925713852,-5.98241633251837,-4.588));
#8842=CARTESIAN_POINT('Ctrl Pts',(0.561992925713852,-4.62053990363744,-4.588));
#8843=CARTESIAN_POINT('',(0.561992925713852,-4.62053990363744,-6.588));
#8844=CARTESIAN_POINT('Ctrl Pts',(0.561992925713852,-4.62053990363744,-6.588));
#8845=CARTESIAN_POINT('Ctrl Pts',(0.561992925713852,-5.98241633251837,-6.588));
#8846=CARTESIAN_POINT('Ctrl Pts',(-0.779398743702218,-7.48607510388519,
-6.588));
#8847=CARTESIAN_POINT('Ctrl Pts',(-1.9955861146415,-7.48752165009816,-6.588));
#8848=CARTESIAN_POINT('',(0.561992925713852,-4.62053990363744,-4.588));
#8849=CARTESIAN_POINT('Ctrl Pts',(-1.69495634707955,-3.1232750746681,-4.588));
#8850=CARTESIAN_POINT('Ctrl Pts',(-1.69495634707955,-3.1232750746681,-6.988));
#8851=CARTESIAN_POINT('Ctrl Pts',(-0.0426800422003604,-3.1232750746681,
-4.588));
#8852=CARTESIAN_POINT('Ctrl Pts',(-0.0426800422003604,-3.1232750746681,
-6.988));
#8853=CARTESIAN_POINT('Ctrl Pts',(0.561992925713852,-3.52441586837489,-4.588));
#8854=CARTESIAN_POINT('Ctrl Pts',(0.561992925713852,-3.52441586837489,-6.988));
#8855=CARTESIAN_POINT('Ctrl Pts',(0.561992925713852,-4.62053990363744,-4.588));
#8856=CARTESIAN_POINT('Ctrl Pts',(0.561992925713852,-4.62053990363744,-6.988));
#8857=CARTESIAN_POINT('',(-1.69495634707955,-3.1232750746681,-4.588));
#8858=CARTESIAN_POINT('Ctrl Pts',(0.561992925713852,-4.62053990363744,-4.588));
#8859=CARTESIAN_POINT('Ctrl Pts',(0.561992925713852,-3.52441586837489,-4.588));
#8860=CARTESIAN_POINT('Ctrl Pts',(-0.0426800422003604,-3.1232750746681,
-4.588));
#8861=CARTESIAN_POINT('Ctrl Pts',(-1.69495634707955,-3.1232750746681,-4.588));
#8862=CARTESIAN_POINT('',(-1.69495634707955,-3.1232750746681,-6.588));
#8863=CARTESIAN_POINT('Ctrl Pts',(-1.69495634707955,-3.1232750746681,-6.588));
#8864=CARTESIAN_POINT('Ctrl Pts',(-0.0426800422003604,-3.1232750746681,
-6.588));
#8865=CARTESIAN_POINT('Ctrl Pts',(0.561992925713852,-3.52441586837489,-6.588));
#8866=CARTESIAN_POINT('Ctrl Pts',(0.561992925713852,-4.62053990363744,-6.588));
#8867=CARTESIAN_POINT('',(-1.69495634707955,-3.1232750746681,-4.588));
#8868=CARTESIAN_POINT('Ctrl Pts',(-2.79489135517081,-1.99573913228874,-4.588));
#8869=CARTESIAN_POINT('Ctrl Pts',(-2.79489135517081,-1.99573913228874,-6.988));
#8870=CARTESIAN_POINT('Ctrl Pts',(-2.97740802274173,-2.96863616245914,-4.588));
#8871=CARTESIAN_POINT('Ctrl Pts',(-2.97740802274173,-2.96863616245914,-6.988));
#8872=CARTESIAN_POINT('Ctrl Pts',(-2.82655510702398,-3.1232750746681,-4.588));
#8873=CARTESIAN_POINT('Ctrl Pts',(-2.82655510702398,-3.1232750746681,-6.988));
#8874=CARTESIAN_POINT('Ctrl Pts',(-1.69495634707955,-3.1232750746681,-4.588));
#8875=CARTESIAN_POINT('Ctrl Pts',(-1.69495634707955,-3.1232750746681,-6.988));
#8876=CARTESIAN_POINT('',(-2.79489135517081,-1.99573913228874,-4.588));
#8877=CARTESIAN_POINT('Ctrl Pts',(-1.69495634707955,-3.1232750746681,-4.588));
#8878=CARTESIAN_POINT('Ctrl Pts',(-2.82655510702398,-3.1232750746681,-4.588));
#8879=CARTESIAN_POINT('Ctrl Pts',(-2.97740802274173,-2.96863616245914,-4.588));
#8880=CARTESIAN_POINT('Ctrl Pts',(-2.79489135517081,-1.99573913228874,-4.588));
#8881=CARTESIAN_POINT('',(-2.79489135517081,-1.99573913228874,-6.588));
#8882=CARTESIAN_POINT('Ctrl Pts',(-2.79489135517081,-1.99573913228874,-6.588));
#8883=CARTESIAN_POINT('Ctrl Pts',(-2.97740802274173,-2.96863616245914,-6.588));
#8884=CARTESIAN_POINT('Ctrl Pts',(-2.82655510702398,-3.1232750746681,-6.588));
#8885=CARTESIAN_POINT('Ctrl Pts',(-1.69495634707955,-3.1232750746681,-6.588));
#8886=CARTESIAN_POINT('',(-2.79489135517081,-1.99573913228874,-4.588));
#8887=CARTESIAN_POINT('Ctrl Pts',(-1.47425918493199,-0.862083987224285,
-4.588));
#8888=CARTESIAN_POINT('Ctrl Pts',(-1.47425918493199,-0.862083987224285,
-6.988));
#8889=CARTESIAN_POINT('Ctrl Pts',(-2.62294800380408,-1.45094485214576,-4.588));
#8890=CARTESIAN_POINT('Ctrl Pts',(-2.62294800380408,-1.45094485214576,-6.988));
#8891=CARTESIAN_POINT('Ctrl Pts',(-2.70607549905575,-1.52230432971665,-4.588));
#8892=CARTESIAN_POINT('Ctrl Pts',(-2.70607549905575,-1.52230432971665,-6.988));
#8893=CARTESIAN_POINT('Ctrl Pts',(-2.79489135517081,-1.99573913228874,-4.588));
#8894=CARTESIAN_POINT('Ctrl Pts',(-2.79489135517081,-1.99573913228874,-6.988));
#8895=CARTESIAN_POINT('',(-1.47425918493199,-0.862083987224285,-4.588));
#8896=CARTESIAN_POINT('Ctrl Pts',(-2.79489135517081,-1.99573913228874,-4.588));
#8897=CARTESIAN_POINT('Ctrl Pts',(-2.70607549905575,-1.52230432971665,-4.588));
#8898=CARTESIAN_POINT('Ctrl Pts',(-2.62294800380408,-1.45094485214576,-4.588));
#8899=CARTESIAN_POINT('Ctrl Pts',(-1.47425918493199,-0.862083987224285,
-4.588));
#8900=CARTESIAN_POINT('',(-1.47425918493199,-0.862083987224285,-6.588));
#8901=CARTESIAN_POINT('Ctrl Pts',(-1.47425918493199,-0.862083987224285,
-6.588));
#8902=CARTESIAN_POINT('Ctrl Pts',(-2.62294800380408,-1.45094485214576,-6.588));
#8903=CARTESIAN_POINT('Ctrl Pts',(-2.70607549905575,-1.52230432971665,-6.588));
#8904=CARTESIAN_POINT('Ctrl Pts',(-2.79489135517081,-1.99573913228874,-6.588));
#8905=CARTESIAN_POINT('',(-1.47425918493199,-0.862083987224285,-4.588));
#8906=CARTESIAN_POINT('Ctrl Pts',(2.14303671607107,1.26336486868335,-4.588));
#8907=CARTESIAN_POINT('Ctrl Pts',(2.14303671607107,1.26336486868335,-6.988));
#8908=CARTESIAN_POINT('Ctrl Pts',(1.46752252958888,0.753722702196336,-4.588));
#8909=CARTESIAN_POINT('Ctrl Pts',(1.46752252958888,0.753722702196336,-6.988));
#8910=CARTESIAN_POINT('Ctrl Pts',(0.0299594726668939,-0.0909624621911707,
-4.588));
#8911=CARTESIAN_POINT('Ctrl Pts',(0.0299594726668939,-0.0909624621911707,
-6.988));
#8912=CARTESIAN_POINT('Ctrl Pts',(-1.47425918493199,-0.862083987224285,
-4.588));
#8913=CARTESIAN_POINT('Ctrl Pts',(-1.47425918493199,-0.862083987224285,
-6.988));
#8914=CARTESIAN_POINT('',(2.14303671607107,1.26336486868335,-4.588));
#8915=CARTESIAN_POINT('Ctrl Pts',(-1.47425918493199,-0.862083987224285,
-4.588));
#8916=CARTESIAN_POINT('Ctrl Pts',(0.0299594726668939,-0.090962462191171,
-4.588));
#8917=CARTESIAN_POINT('Ctrl Pts',(1.46752252958888,0.753722702196336,-4.588));
#8918=CARTESIAN_POINT('Ctrl Pts',(2.14303671607107,1.26336486868335,-4.588));
#8919=CARTESIAN_POINT('',(2.14303671607107,1.26336486868335,-6.588));
#8920=CARTESIAN_POINT('Ctrl Pts',(2.14303671607107,1.26336486868335,-6.588));
#8921=CARTESIAN_POINT('Ctrl Pts',(1.46752252958888,0.753722702196336,-6.588));
#8922=CARTESIAN_POINT('Ctrl Pts',(0.0299594726668939,-0.090962462191171,
-6.588));
#8923=CARTESIAN_POINT('Ctrl Pts',(-1.47425918493199,-0.862083987224285,
-6.588));
#8924=CARTESIAN_POINT('',(2.14303671607107,1.26336486868335,-4.588));
#8925=CARTESIAN_POINT('Ctrl Pts',(4.78386813336554,-0.267607609090432,-4.588));
#8926=CARTESIAN_POINT('Ctrl Pts',(4.78386813336554,-0.267607609090432,-6.988));
#8927=CARTESIAN_POINT('Ctrl Pts',(5.30226866886577,0.690613741443036,-4.588));
#8928=CARTESIAN_POINT('Ctrl Pts',(5.30226866886577,0.690613741443036,-6.988));
#8929=CARTESIAN_POINT('Ctrl Pts',(3.08649705114784,1.97516551081584,-4.588));
#8930=CARTESIAN_POINT('Ctrl Pts',(3.08649705114784,1.97516551081584,-6.988));
#8931=CARTESIAN_POINT('Ctrl Pts',(2.14303671607107,1.26336486868335,-4.588));
#8932=CARTESIAN_POINT('Ctrl Pts',(2.14303671607107,1.26336486868335,-6.988));
#8933=CARTESIAN_POINT('',(4.78386813336554,-0.267607609090432,-4.588));
#8934=CARTESIAN_POINT('Ctrl Pts',(2.14303671607107,1.26336486868335,-4.588));
#8935=CARTESIAN_POINT('Ctrl Pts',(3.08649705114784,1.97516551081584,-4.588));
#8936=CARTESIAN_POINT('Ctrl Pts',(5.30226866886577,0.690613741443036,-4.588));
#8937=CARTESIAN_POINT('Ctrl Pts',(4.78386813336554,-0.267607609090432,-4.588));
#8938=CARTESIAN_POINT('',(4.78386813336554,-0.267607609090432,-6.588));
#8939=CARTESIAN_POINT('Ctrl Pts',(4.78386813336554,-0.267607609090432,-6.588));
#8940=CARTESIAN_POINT('Ctrl Pts',(5.30226866886577,0.690613741443036,-6.588));
#8941=CARTESIAN_POINT('Ctrl Pts',(3.08649705114784,1.97516551081584,-6.588));
#8942=CARTESIAN_POINT('Ctrl Pts',(2.14303671607107,1.26336486868335,-6.588));
#8943=CARTESIAN_POINT('',(4.78386813336554,-0.267607609090432,-4.588));
#8944=CARTESIAN_POINT('Ctrl Pts',(5.08584870451341,-3.02583197531165,-4.588));
#8945=CARTESIAN_POINT('Ctrl Pts',(5.08584870451341,-3.02583197531165,-6.988));
#8946=CARTESIAN_POINT('Ctrl Pts',(4.53261450366021,-2.54063123642022,-4.588));
#8947=CARTESIAN_POINT('Ctrl Pts',(4.53261450366021,-2.54063123642022,-6.988));
#8948=CARTESIAN_POINT('Ctrl Pts',(4.36792885969583,-1.03643755515882,-4.588));
#8949=CARTESIAN_POINT('Ctrl Pts',(4.36792885969583,-1.03643755515882,-6.988));
#8950=CARTESIAN_POINT('Ctrl Pts',(4.78386813336554,-0.267607609090432,-4.588));
#8951=CARTESIAN_POINT('Ctrl Pts',(4.78386813336554,-0.267607609090432,-6.988));
#8952=CARTESIAN_POINT('',(5.08584870451341,-3.02583197531165,-4.588));
#8953=CARTESIAN_POINT('Ctrl Pts',(4.78386813336554,-0.267607609090432,-4.588));
#8954=CARTESIAN_POINT('Ctrl Pts',(4.36792885969583,-1.03643755515882,-4.588));
#8955=CARTESIAN_POINT('Ctrl Pts',(4.53261450366021,-2.54063123642022,-4.588));
#8956=CARTESIAN_POINT('Ctrl Pts',(5.08584870451341,-3.02583197531165,-4.588));
#8957=CARTESIAN_POINT('',(5.08584870451341,-3.02583197531165,-6.588));
#8958=CARTESIAN_POINT('Ctrl Pts',(5.08584870451341,-3.02583197531165,-6.588));
#8959=CARTESIAN_POINT('Ctrl Pts',(4.53261450366021,-2.54063123642022,-6.588));
#8960=CARTESIAN_POINT('Ctrl Pts',(4.36792885969583,-1.03643755515882,-6.588));
#8961=CARTESIAN_POINT('Ctrl Pts',(4.78386813336554,-0.267607609090432,-6.588));
#8962=CARTESIAN_POINT('',(5.08584870451341,-3.02583197531165,-4.588));
#8963=CARTESIAN_POINT('Ctrl Pts',(5.88175300042115,-4.59440008509251,-4.588));
#8964=CARTESIAN_POINT('Ctrl Pts',(5.88175300042115,-4.59440008509251,-6.988));
#8965=CARTESIAN_POINT('Ctrl Pts',(5.88175300042115,-3.91365751862906,-4.588));
#8966=CARTESIAN_POINT('Ctrl Pts',(5.88175300042115,-3.91365751862906,-6.988));
#8967=CARTESIAN_POINT('Ctrl Pts',(5.70822989570816,-3.57167318026775,-4.588));
#8968=CARTESIAN_POINT('Ctrl Pts',(5.70822989570816,-3.57167318026775,-6.988));
#8969=CARTESIAN_POINT('Ctrl Pts',(5.08584870451341,-3.02583197531165,-4.588));
#8970=CARTESIAN_POINT('Ctrl Pts',(5.08584870451341,-3.02583197531165,-6.988));
#8971=CARTESIAN_POINT('',(5.88175300042115,-4.59440008509251,-4.588));
#8972=CARTESIAN_POINT('Ctrl Pts',(5.08584870451341,-3.02583197531165,-4.588));
#8973=CARTESIAN_POINT('Ctrl Pts',(5.70822989570816,-3.57167318026775,-4.588));
#8974=CARTESIAN_POINT('Ctrl Pts',(5.88175300042115,-3.91365751862906,-4.588));
#8975=CARTESIAN_POINT('Ctrl Pts',(5.88175300042115,-4.59440008509251,-4.588));
#8976=CARTESIAN_POINT('',(5.88175300042115,-4.59440008509251,-6.588));
#8977=CARTESIAN_POINT('Ctrl Pts',(5.88175300042115,-4.59440008509251,-6.588));
#8978=CARTESIAN_POINT('Ctrl Pts',(5.88175300042115,-3.91365751862906,-6.588));
#8979=CARTESIAN_POINT('Ctrl Pts',(5.70822989570816,-3.57167318026775,-6.588));
#8980=CARTESIAN_POINT('Ctrl Pts',(5.08584870451341,-3.02583197531165,-6.588));
#8981=CARTESIAN_POINT('',(5.88175300042115,-4.59440008509251,-4.588));
#8982=CARTESIAN_POINT('Ctrl Pts',(6.42439723417851,-6.12257729442885,-4.588));
#8983=CARTESIAN_POINT('Ctrl Pts',(6.42439723417851,-6.12257729442885,-6.988));
#8984=CARTESIAN_POINT('Ctrl Pts',(6.12037692880228,-5.95986894384911,-4.588));
#8985=CARTESIAN_POINT('Ctrl Pts',(6.12037692880228,-5.95986894384911,-6.988));
#8986=CARTESIAN_POINT('Ctrl Pts',(5.88175300042115,-5.28786601414576,-4.588));
#8987=CARTESIAN_POINT('Ctrl Pts',(5.88175300042115,-5.28786601414576,-6.988));
#8988=CARTESIAN_POINT('Ctrl Pts',(5.88175300042115,-4.59440008509251,-4.588));
#8989=CARTESIAN_POINT('Ctrl Pts',(5.88175300042115,-4.59440008509251,-6.988));
#8990=CARTESIAN_POINT('',(6.42439723417851,-6.12257729442885,-4.588));
#8991=CARTESIAN_POINT('Ctrl Pts',(5.88175300042115,-4.59440008509251,-4.588));
#8992=CARTESIAN_POINT('Ctrl Pts',(5.88175300042115,-5.28786601414576,-4.588));
#8993=CARTESIAN_POINT('Ctrl Pts',(6.12037692880228,-5.95986894384911,-4.588));
#8994=CARTESIAN_POINT('Ctrl Pts',(6.42439723417851,-6.12257729442885,-4.588));
#8995=CARTESIAN_POINT('',(6.42439723417851,-6.12257729442885,-6.588));
#8996=CARTESIAN_POINT('Ctrl Pts',(6.42439723417851,-6.12257729442885,-6.588));
#8997=CARTESIAN_POINT('Ctrl Pts',(6.12037692880228,-5.95986894384911,-6.588));
#8998=CARTESIAN_POINT('Ctrl Pts',(5.88175300042115,-5.28786601414576,-6.588));
#8999=CARTESIAN_POINT('Ctrl Pts',(5.88175300042115,-4.59440008509251,-6.588));
#9000=CARTESIAN_POINT('',(6.42439723417851,-6.12257729442885,-4.588));
#9001=CARTESIAN_POINT('Ctrl Pts',(7.17905727144415,-9.32966390985474,-4.588));
#9002=CARTESIAN_POINT('Ctrl Pts',(7.17905727144415,-9.32966390985474,-6.988));
#9003=CARTESIAN_POINT('Ctrl Pts',(6.91311755529459,-7.01957539768953,-4.588));
#9004=CARTESIAN_POINT('Ctrl Pts',(6.91311755529459,-7.01957539768953,-6.988));
#9005=CARTESIAN_POINT('Ctrl Pts',(6.74204629437856,-6.29257873555573,-4.588));
#9006=CARTESIAN_POINT('Ctrl Pts',(6.74204629437856,-6.29257873555573,-6.988));
#9007=CARTESIAN_POINT('Ctrl Pts',(6.42439723417851,-6.12257729442885,-4.588));
#9008=CARTESIAN_POINT('Ctrl Pts',(6.42439723417851,-6.12257729442885,-6.988));
#9009=CARTESIAN_POINT('',(7.17905727144415,-9.32966390985474,-4.588));
#9010=CARTESIAN_POINT('Ctrl Pts',(6.42439723417851,-6.12257729442885,-4.588));
#9011=CARTESIAN_POINT('Ctrl Pts',(6.74204629437856,-6.29257873555573,-4.588));
#9012=CARTESIAN_POINT('Ctrl Pts',(6.91311755529459,-7.01957539768953,-4.588));
#9013=CARTESIAN_POINT('Ctrl Pts',(7.17905727144415,-9.32966390985474,-4.588));
#9014=CARTESIAN_POINT('',(7.17905727144415,-9.32966390985474,-6.588));
#9015=CARTESIAN_POINT('Ctrl Pts',(7.17905727144415,-9.32966390985474,-6.588));
#9016=CARTESIAN_POINT('Ctrl Pts',(6.91311755529459,-7.01957539768953,-6.588));
#9017=CARTESIAN_POINT('Ctrl Pts',(6.74204629437856,-6.29257873555573,-6.588));
#9018=CARTESIAN_POINT('Ctrl Pts',(6.42439723417851,-6.12257729442885,-6.588));
#9019=CARTESIAN_POINT('',(7.17905727144415,-9.32966390985474,-4.588));
#9020=CARTESIAN_POINT('Ctrl Pts',(7.5375634570552,-11.8531398427287,-4.588));
#9021=CARTESIAN_POINT('Ctrl Pts',(7.5375634570552,-11.8531398427287,-6.988));
#9022=CARTESIAN_POINT('Ctrl Pts',(7.46129821052895,-11.5155388515969,-4.588));
#9023=CARTESIAN_POINT('Ctrl Pts',(7.46129821052895,-11.5155388515969,-6.988));
#9024=CARTESIAN_POINT('Ctrl Pts',(7.29996772123409,-10.3799750980759,-4.588));
#9025=CARTESIAN_POINT('Ctrl Pts',(7.29996772123409,-10.3799750980759,-6.988));
#9026=CARTESIAN_POINT('Ctrl Pts',(7.17905727144415,-9.32966390985474,-4.588));
#9027=CARTESIAN_POINT('Ctrl Pts',(7.17905727144415,-9.32966390985474,-6.988));
#9028=CARTESIAN_POINT('',(7.5375634570552,-11.8531398427287,-4.588));
#9029=CARTESIAN_POINT('Ctrl Pts',(7.17905727144415,-9.32966390985474,-4.588));
#9030=CARTESIAN_POINT('Ctrl Pts',(7.29996772123409,-10.3799750980759,-4.588));
#9031=CARTESIAN_POINT('Ctrl Pts',(7.46129821052895,-11.5155388515969,-4.588));
#9032=CARTESIAN_POINT('Ctrl Pts',(7.5375634570552,-11.8531398427287,-4.588));
#9033=CARTESIAN_POINT('',(7.5375634570552,-11.8531398427287,-6.588));
#9034=CARTESIAN_POINT('Ctrl Pts',(7.5375634570552,-11.8531398427287,-6.588));
#9035=CARTESIAN_POINT('Ctrl Pts',(7.46129821052895,-11.5155388515969,-6.588));
#9036=CARTESIAN_POINT('Ctrl Pts',(7.29996772123409,-10.3799750980759,-6.588));
#9037=CARTESIAN_POINT('Ctrl Pts',(7.17905727144415,-9.32966390985474,-6.588));
#9038=CARTESIAN_POINT('',(7.5375634570552,-11.8531398427287,-4.588));
#9039=CARTESIAN_POINT('Ctrl Pts',(7.85607420089866,-13.421787044245,-4.588));
#9040=CARTESIAN_POINT('Ctrl Pts',(7.85607420089866,-13.421787044245,-6.988));
#9041=CARTESIAN_POINT('Ctrl Pts',(7.75715957899173,-12.8966304094536,-4.588));
#9042=CARTESIAN_POINT('Ctrl Pts',(7.75715957899173,-12.8966304094536,-6.988));
#9043=CARTESIAN_POINT('Ctrl Pts',(7.61383286630436,-12.1907408338605,-4.588));
#9044=CARTESIAN_POINT('Ctrl Pts',(7.61383286630436,-12.1907408338605,-6.988));
#9045=CARTESIAN_POINT('Ctrl Pts',(7.5375634570552,-11.8531398427287,-4.588));
#9046=CARTESIAN_POINT('Ctrl Pts',(7.5375634570552,-11.8531398427287,-6.988));
#9047=CARTESIAN_POINT('',(7.85607420089866,-13.421787044245,-4.588));
#9048=CARTESIAN_POINT('Ctrl Pts',(7.5375634570552,-11.8531398427287,-4.588));
#9049=CARTESIAN_POINT('Ctrl Pts',(7.61383286630437,-12.1907408338605,-4.588));
#9050=CARTESIAN_POINT('Ctrl Pts',(7.75715957899173,-12.8966304094536,-4.588));
#9051=CARTESIAN_POINT('Ctrl Pts',(7.85607420089866,-13.421787044245,-4.588));
#9052=CARTESIAN_POINT('',(7.85607420089866,-13.421787044245,-6.588));
#9053=CARTESIAN_POINT('Ctrl Pts',(7.85607420089866,-13.421787044245,-6.588));
#9054=CARTESIAN_POINT('Ctrl Pts',(7.75715957899173,-12.8966304094536,-6.588));
#9055=CARTESIAN_POINT('Ctrl Pts',(7.61383286630436,-12.1907408338605,-6.588));
#9056=CARTESIAN_POINT('Ctrl Pts',(7.5375634570552,-11.8531398427287,-6.588));
#9057=CARTESIAN_POINT('',(7.85607420089866,-13.421787044245,-4.588));
#9058=CARTESIAN_POINT('Ctrl Pts',(10.4565605077007,-18.6567358022815,-4.588));
#9059=CARTESIAN_POINT('Ctrl Pts',(10.4565605077007,-18.6567358022815,-6.988));
#9060=CARTESIAN_POINT('Ctrl Pts',(10.1812879667756,-19.5240401623085,-4.588));
#9061=CARTESIAN_POINT('Ctrl Pts',(10.1812879667756,-19.5240401623085,-6.988));
#9062=CARTESIAN_POINT('Ctrl Pts',(8.28730731855818,-15.7113325188245,-4.588));
#9063=CARTESIAN_POINT('Ctrl Pts',(8.28730731855818,-15.7113325188245,-6.988));
#9064=CARTESIAN_POINT('Ctrl Pts',(7.85607420089866,-13.421787044245,-4.588));
#9065=CARTESIAN_POINT('Ctrl Pts',(7.85607420089866,-13.421787044245,-6.988));
#9066=CARTESIAN_POINT('',(10.4565605077007,-18.6567358022815,-4.588));
#9067=CARTESIAN_POINT('Ctrl Pts',(7.85607420089866,-13.421787044245,-4.588));
#9068=CARTESIAN_POINT('Ctrl Pts',(8.28730731855818,-15.7113325188245,-4.588));
#9069=CARTESIAN_POINT('Ctrl Pts',(10.1812879667756,-19.5240401623085,-4.588));
#9070=CARTESIAN_POINT('Ctrl Pts',(10.4565605077007,-18.6567358022815,-4.588));
#9071=CARTESIAN_POINT('',(10.4565605077007,-18.6567358022815,-6.588));
#9072=CARTESIAN_POINT('Ctrl Pts',(10.4565605077007,-18.6567358022815,-6.588));
#9073=CARTESIAN_POINT('Ctrl Pts',(10.1812879667756,-19.5240401623085,-6.588));
#9074=CARTESIAN_POINT('Ctrl Pts',(8.28730731855818,-15.7113325188245,-6.588));
#9075=CARTESIAN_POINT('Ctrl Pts',(7.85607420089866,-13.421787044245,-6.588));
#9076=CARTESIAN_POINT('',(10.4565605077007,-18.6567358022815,-4.588));
#9077=CARTESIAN_POINT('Ctrl Pts',(10.4253109467775,-18.2812061613094,-4.588));
#9078=CARTESIAN_POINT('Ctrl Pts',(10.4253109467775,-18.2812061613094,-6.988));
#9079=CARTESIAN_POINT('Ctrl Pts',(10.4931633302925,-18.3281065197123,-4.588));
#9080=CARTESIAN_POINT('Ctrl Pts',(10.4931633302925,-18.3281065197123,-6.988));
#9081=CARTESIAN_POINT('Ctrl Pts',(10.5072291710224,-18.4970953784901,-4.588));
#9082=CARTESIAN_POINT('Ctrl Pts',(10.5072291710224,-18.4970953784901,-6.988));
#9083=CARTESIAN_POINT('Ctrl Pts',(10.4565605077007,-18.6567358022815,-4.588));
#9084=CARTESIAN_POINT('Ctrl Pts',(10.4565605077007,-18.6567358022815,-6.988));
#9085=CARTESIAN_POINT('',(10.4253109467775,-18.2812061613094,-4.588));
#9086=CARTESIAN_POINT('Ctrl Pts',(10.4565605077007,-18.6567358022815,-4.588));
#9087=CARTESIAN_POINT('Ctrl Pts',(10.5072291710224,-18.4970953784901,-4.588));
#9088=CARTESIAN_POINT('Ctrl Pts',(10.4931633302925,-18.3281065197123,-4.588));
#9089=CARTESIAN_POINT('Ctrl Pts',(10.4253109467775,-18.2812061613094,-4.588));
#9090=CARTESIAN_POINT('',(10.4253109467775,-18.2812061613094,-6.588));
#9091=CARTESIAN_POINT('Ctrl Pts',(10.4253109467775,-18.2812061613094,-6.588));
#9092=CARTESIAN_POINT('Ctrl Pts',(10.4931633302925,-18.3281065197123,-6.588));
#9093=CARTESIAN_POINT('Ctrl Pts',(10.5072291710224,-18.4970953784901,-6.588));
#9094=CARTESIAN_POINT('Ctrl Pts',(10.4565605077007,-18.6567358022815,-6.588));
#9095=CARTESIAN_POINT('',(10.4253109467775,-18.2812061613094,-4.588));
#9096=CARTESIAN_POINT('Ctrl Pts',(9.22097692933881,-13.8992014099238,-4.588));
#9097=CARTESIAN_POINT('Ctrl Pts',(9.22097692933881,-13.8992014099238,-6.988));
#9098=CARTESIAN_POINT('Ctrl Pts',(9.32000810748735,-15.4814211695045,-4.588));
#9099=CARTESIAN_POINT('Ctrl Pts',(9.32000810748735,-15.4814211695045,-6.988));
#9100=CARTESIAN_POINT('Ctrl Pts',(10.0107412089469,-17.9946651294534,-4.588));
#9101=CARTESIAN_POINT('Ctrl Pts',(10.0107412089469,-17.9946651294534,-6.988));
#9102=CARTESIAN_POINT('Ctrl Pts',(10.4253109467775,-18.2812061613094,-4.588));
#9103=CARTESIAN_POINT('Ctrl Pts',(10.4253109467775,-18.2812061613094,-6.988));
#9104=CARTESIAN_POINT('',(9.22097692933881,-13.8992014099238,-4.588));
#9105=CARTESIAN_POINT('Ctrl Pts',(10.4253109467775,-18.2812061613094,-4.588));
#9106=CARTESIAN_POINT('Ctrl Pts',(10.0107412089469,-17.9946651294534,-4.588));
#9107=CARTESIAN_POINT('Ctrl Pts',(9.32000810748735,-15.4814211695045,-4.588));
#9108=CARTESIAN_POINT('Ctrl Pts',(9.22097692933881,-13.8992014099238,-4.588));
#9109=CARTESIAN_POINT('',(9.22097692933881,-13.8992014099238,-6.588));
#9110=CARTESIAN_POINT('Ctrl Pts',(9.22097692933881,-13.8992014099238,-6.588));
#9111=CARTESIAN_POINT('Ctrl Pts',(9.32000810748735,-15.4814211695045,-6.588));
#9112=CARTESIAN_POINT('Ctrl Pts',(10.0107412089469,-17.9946651294534,-6.588));
#9113=CARTESIAN_POINT('Ctrl Pts',(10.4253109467775,-18.2812061613094,-6.588));
#9114=CARTESIAN_POINT('',(9.22097692933881,-13.8992014099238,-4.588));
#9115=CARTESIAN_POINT('Ctrl Pts',(8.76340626379589,-10.577987501698,-4.588));
#9116=CARTESIAN_POINT('Ctrl Pts',(8.76340626379589,-10.577987501698,-6.988));
#9117=CARTESIAN_POINT('Ctrl Pts',(8.91616986933163,-10.7620527021933,-4.588));
#9118=CARTESIAN_POINT('Ctrl Pts',(8.91616986933163,-10.7620527021933,-6.988));
#9119=CARTESIAN_POINT('Ctrl Pts',(9.11491074946387,-12.2046193520592,-4.588));
#9120=CARTESIAN_POINT('Ctrl Pts',(9.11491074946387,-12.2046193520592,-6.988));
#9121=CARTESIAN_POINT('Ctrl Pts',(9.22097692933881,-13.8992014099238,-4.588));
#9122=CARTESIAN_POINT('Ctrl Pts',(9.22097692933881,-13.8992014099238,-6.988));
#9123=CARTESIAN_POINT('',(8.76340626379589,-10.577987501698,-4.588));
#9124=CARTESIAN_POINT('Ctrl Pts',(9.22097692933881,-13.8992014099238,-4.588));
#9125=CARTESIAN_POINT('Ctrl Pts',(9.11491074946387,-12.2046193520592,-4.588));
#9126=CARTESIAN_POINT('Ctrl Pts',(8.91616986933163,-10.7620527021933,-4.588));
#9127=CARTESIAN_POINT('Ctrl Pts',(8.76340626379589,-10.577987501698,-4.588));
#9128=CARTESIAN_POINT('',(8.76340626379589,-10.577987501698,-6.588));
#9129=CARTESIAN_POINT('Ctrl Pts',(8.76340626379589,-10.577987501698,-6.588));
#9130=CARTESIAN_POINT('Ctrl Pts',(8.91616986933163,-10.7620527021933,-6.588));
#9131=CARTESIAN_POINT('Ctrl Pts',(9.11491074946387,-12.2046193520592,-6.588));
#9132=CARTESIAN_POINT('Ctrl Pts',(9.22097692933881,-13.8992014099238,-6.588));
#9133=CARTESIAN_POINT('',(8.76340626379589,-10.577987501698,-4.588));
#9134=CARTESIAN_POINT('Ctrl Pts',(8.67624717140101,-7.76498794599942,-4.588));
#9135=CARTESIAN_POINT('Ctrl Pts',(8.67624717140101,-7.76498794599942,-6.988));
#9136=CARTESIAN_POINT('Ctrl Pts',(8.40691899879863,-8.36224710440197,-4.588));
#9137=CARTESIAN_POINT('Ctrl Pts',(8.40691899879863,-8.36224710440197,-6.988));
#9138=CARTESIAN_POINT('Ctrl Pts',(8.46441452770101,-10.2177204842939,-4.588));
#9139=CARTESIAN_POINT('Ctrl Pts',(8.46441452770101,-10.2177204842939,-6.988));
#9140=CARTESIAN_POINT('Ctrl Pts',(8.76340626379589,-10.577987501698,-4.588));
#9141=CARTESIAN_POINT('Ctrl Pts',(8.76340626379589,-10.577987501698,-6.988));
#9142=CARTESIAN_POINT('',(8.67624717140101,-7.76498794599942,-4.588));
#9143=CARTESIAN_POINT('Ctrl Pts',(8.76340626379589,-10.577987501698,-4.588));
#9144=CARTESIAN_POINT('Ctrl Pts',(8.46441452770101,-10.2177204842939,-4.588));
#9145=CARTESIAN_POINT('Ctrl Pts',(8.40691899879863,-8.36224710440197,-4.588));
#9146=CARTESIAN_POINT('Ctrl Pts',(8.67624717140101,-7.76498794599942,-4.588));
#9147=CARTESIAN_POINT('',(8.67624717140101,-7.76498794599942,-6.588));
#9148=CARTESIAN_POINT('Ctrl Pts',(8.67624717140101,-7.76498794599942,-6.588));
#9149=CARTESIAN_POINT('Ctrl Pts',(8.40691899879863,-8.36224710440197,-6.588));
#9150=CARTESIAN_POINT('Ctrl Pts',(8.46441452770101,-10.2177204842939,-6.588));
#9151=CARTESIAN_POINT('Ctrl Pts',(8.76340626379589,-10.577987501698,-6.588));
#9152=CARTESIAN_POINT('',(8.67624717140101,-7.76498794599942,-4.588));
#9153=CARTESIAN_POINT('Ctrl Pts',(8.8216843846063,-6.57276120815905,-4.588));
#9154=CARTESIAN_POINT('Ctrl Pts',(8.8216843846063,-6.57276120815905,-6.988));
#9155=CARTESIAN_POINT('Ctrl Pts',(8.89568094714385,-7.06782968172055,-4.588));
#9156=CARTESIAN_POINT('Ctrl Pts',(8.89568094714385,-7.06782968172055,-6.988));
#9157=CARTESIAN_POINT('Ctrl Pts',(8.86046847400562,-7.35645415639555,-4.588));
#9158=CARTESIAN_POINT('Ctrl Pts',(8.86046847400562,-7.35645415639555,-6.988));
#9159=CARTESIAN_POINT('Ctrl Pts',(8.67624717140101,-7.76498794599942,-4.588));
#9160=CARTESIAN_POINT('Ctrl Pts',(8.67624717140101,-7.76498794599942,-6.988));
#9161=CARTESIAN_POINT('',(8.8216843846063,-6.57276120815905,-4.588));
#9162=CARTESIAN_POINT('Ctrl Pts',(8.67624717140101,-7.76498794599942,-4.588));
#9163=CARTESIAN_POINT('Ctrl Pts',(8.86046847400562,-7.35645415639555,-4.588));
#9164=CARTESIAN_POINT('Ctrl Pts',(8.89568094714385,-7.06782968172055,-4.588));
#9165=CARTESIAN_POINT('Ctrl Pts',(8.8216843846063,-6.57276120815905,-4.588));
#9166=CARTESIAN_POINT('',(8.8216843846063,-6.57276120815905,-6.588));
#9167=CARTESIAN_POINT('Ctrl Pts',(8.8216843846063,-6.57276120815905,-6.588));
#9168=CARTESIAN_POINT('Ctrl Pts',(8.89568094714385,-7.06782968172055,-6.588));
#9169=CARTESIAN_POINT('Ctrl Pts',(8.86046847400562,-7.35645415639555,-6.588));
#9170=CARTESIAN_POINT('Ctrl Pts',(8.67624717140101,-7.76498794599942,-6.588));
#9171=CARTESIAN_POINT('',(8.8216843846063,-6.57276120815905,-4.588));
#9172=CARTESIAN_POINT('Ctrl Pts',(8.81937823611137,-4.91433239881145,-4.588));
#9173=CARTESIAN_POINT('Ctrl Pts',(8.81937823611137,-4.91433239881145,-6.988));
#9174=CARTESIAN_POINT('Ctrl Pts',(8.71229635184516,-5.02140803899329,-4.588));
#9175=CARTESIAN_POINT('Ctrl Pts',(8.71229635184516,-5.02140803899329,-6.988));
#9176=CARTESIAN_POINT('Ctrl Pts',(8.71344942609262,-5.8486035230533,-4.588));
#9177=CARTESIAN_POINT('Ctrl Pts',(8.71344942609262,-5.8486035230533,-6.988));
#9178=CARTESIAN_POINT('Ctrl Pts',(8.8216843846063,-6.57276120815905,-4.588));
#9179=CARTESIAN_POINT('Ctrl Pts',(8.8216843846063,-6.57276120815905,-6.988));
#9180=CARTESIAN_POINT('',(8.81937823611137,-4.91433239881145,-4.588));
#9181=CARTESIAN_POINT('Ctrl Pts',(8.8216843846063,-6.57276120815905,-4.588));
#9182=CARTESIAN_POINT('Ctrl Pts',(8.71344942609262,-5.8486035230533,-4.588));
#9183=CARTESIAN_POINT('Ctrl Pts',(8.71229635184516,-5.02140803899329,-4.588));
#9184=CARTESIAN_POINT('Ctrl Pts',(8.81937823611137,-4.91433239881145,-4.588));
#9185=CARTESIAN_POINT('',(8.81937823611137,-4.91433239881145,-6.588));
#9186=CARTESIAN_POINT('Ctrl Pts',(8.81937823611137,-4.91433239881145,-6.588));
#9187=CARTESIAN_POINT('Ctrl Pts',(8.71229635184516,-5.02140803899329,-6.588));
#9188=CARTESIAN_POINT('Ctrl Pts',(8.71344942609262,-5.8486035230533,-6.588));
#9189=CARTESIAN_POINT('Ctrl Pts',(8.8216843846063,-6.57276120815905,-6.588));
#9190=CARTESIAN_POINT('',(8.81937823611137,-4.91433239881145,-4.588));
#9191=CARTESIAN_POINT('Ctrl Pts',(11.8835335975268,-9.33024460970139,-4.588));
#9192=CARTESIAN_POINT('Ctrl Pts',(11.8835335975268,-9.33024460970139,-6.988));
#9193=CARTESIAN_POINT('Ctrl Pts',(11.8835335975268,-8.37588002194869,-4.588));
#9194=CARTESIAN_POINT('Ctrl Pts',(11.8835335975268,-8.37588002194869,-6.988));
#9195=CARTESIAN_POINT('Ctrl Pts',(9.21032452139925,-4.52338403216212,-4.588));
#9196=CARTESIAN_POINT('Ctrl Pts',(9.21032452139925,-4.52338403216212,-6.988));
#9197=CARTESIAN_POINT('Ctrl Pts',(8.81937823611137,-4.91433239881145,-4.588));
#9198=CARTESIAN_POINT('Ctrl Pts',(8.81937823611137,-4.91433239881145,-6.988));
#9199=CARTESIAN_POINT('',(11.8835335975268,-9.33024460970139,-4.588));
#9200=CARTESIAN_POINT('Ctrl Pts',(8.81937823611137,-4.91433239881145,-4.588));
#9201=CARTESIAN_POINT('Ctrl Pts',(9.21032452139925,-4.52338403216212,-4.588));
#9202=CARTESIAN_POINT('Ctrl Pts',(11.8835335975268,-8.37588002194869,-4.588));
#9203=CARTESIAN_POINT('Ctrl Pts',(11.8835335975268,-9.33024460970139,-4.588));
#9204=CARTESIAN_POINT('',(11.8835335975268,-9.33024460970139,-6.588));
#9205=CARTESIAN_POINT('Ctrl Pts',(11.8835335975268,-9.33024460970139,-6.588));
#9206=CARTESIAN_POINT('Ctrl Pts',(11.8835335975268,-8.37588002194869,-6.588));
#9207=CARTESIAN_POINT('Ctrl Pts',(9.21032452139925,-4.52338403216212,-6.588));
#9208=CARTESIAN_POINT('Ctrl Pts',(8.81937823611137,-4.91433239881145,-6.588));
#9209=CARTESIAN_POINT('',(11.8835335975268,-9.33024460970139,-4.588));
#9210=CARTESIAN_POINT('Ctrl Pts',(23.7448878515149,-17.4756537143654,-4.588));
#9211=CARTESIAN_POINT('Ctrl Pts',(23.7448878515149,-17.4756537143654,-6.988));
#9212=CARTESIAN_POINT('Ctrl Pts',(20.0356269945116,-18.0200598205965,-4.588));
#9213=CARTESIAN_POINT('Ctrl Pts',(20.0356269945116,-18.0200598205965,-6.988));
#9214=CARTESIAN_POINT('Ctrl Pts',(11.8835335975268,-12.4218676982717,-4.588));
#9215=CARTESIAN_POINT('Ctrl Pts',(11.8835335975268,-12.4218676982717,-6.988));
#9216=CARTESIAN_POINT('Ctrl Pts',(11.8835335975268,-9.33024460970139,-4.588));
#9217=CARTESIAN_POINT('Ctrl Pts',(11.8835335975268,-9.33024460970139,-6.988));
#9218=CARTESIAN_POINT('',(23.7448878515149,-17.4756537143654,-4.588));
#9219=CARTESIAN_POINT('Ctrl Pts',(11.8835335975268,-9.33024460970139,-4.588));
#9220=CARTESIAN_POINT('Ctrl Pts',(11.8835335975268,-12.4218676982717,-4.588));
#9221=CARTESIAN_POINT('Ctrl Pts',(20.0356269945116,-18.0200598205965,-4.588));
#9222=CARTESIAN_POINT('Ctrl Pts',(23.7448878515149,-17.4756537143654,-4.588));
#9223=CARTESIAN_POINT('',(23.7448878515149,-17.4756537143654,-6.588));
#9224=CARTESIAN_POINT('Ctrl Pts',(23.7448878515149,-17.4756537143654,-6.588));
#9225=CARTESIAN_POINT('Ctrl Pts',(20.0356269945116,-18.0200598205965,-6.588));
#9226=CARTESIAN_POINT('Ctrl Pts',(11.8835335975268,-12.4218676982717,-6.588));
#9227=CARTESIAN_POINT('Ctrl Pts',(11.8835335975268,-9.33024460970139,-6.588));
#9228=CARTESIAN_POINT('',(23.7448878515149,-17.4756537143654,-4.588));
#9229=CARTESIAN_POINT('Ctrl Pts',(23.308971670576,-17.0364937315949,-4.588));
#9230=CARTESIAN_POINT('Ctrl Pts',(23.308971670576,-17.0364937315949,-6.988));
#9231=CARTESIAN_POINT('Ctrl Pts',(24.0975953641053,-17.0364937315949,-4.588));
#9232=CARTESIAN_POINT('Ctrl Pts',(24.0975953641053,-17.0364937315949,-6.988));
#9233=CARTESIAN_POINT('Ctrl Pts',(24.4332273872983,-17.3746275512598,-4.588));
#9234=CARTESIAN_POINT('Ctrl Pts',(24.4332273872983,-17.3746275512598,-6.988));
#9235=CARTESIAN_POINT('Ctrl Pts',(23.7448878515149,-17.4756537143654,-4.588));
#9236=CARTESIAN_POINT('Ctrl Pts',(23.7448878515149,-17.4756537143654,-6.988));
#9237=CARTESIAN_POINT('',(23.308971670576,-17.0364937315949,-4.588));
#9238=CARTESIAN_POINT('Ctrl Pts',(23.7448878515149,-17.4756537143654,-4.588));
#9239=CARTESIAN_POINT('Ctrl Pts',(24.4332273872983,-17.3746275512598,-4.588));
#9240=CARTESIAN_POINT('Ctrl Pts',(24.0975953641053,-17.0364937315949,-4.588));
#9241=CARTESIAN_POINT('Ctrl Pts',(23.308971670576,-17.0364937315949,-4.588));
#9242=CARTESIAN_POINT('',(23.308971670576,-17.0364937315949,-6.588));
#9243=CARTESIAN_POINT('Ctrl Pts',(23.308971670576,-17.0364937315949,-6.588));
#9244=CARTESIAN_POINT('Ctrl Pts',(24.0975953641053,-17.0364937315949,-6.588));
#9245=CARTESIAN_POINT('Ctrl Pts',(24.4332273872983,-17.3746275512598,-6.588));
#9246=CARTESIAN_POINT('Ctrl Pts',(23.7448878515149,-17.4756537143654,-6.588));
#9247=CARTESIAN_POINT('',(23.308971670576,-17.0364937315949,-4.588));
#9248=CARTESIAN_POINT('Ctrl Pts',(18.4309306125512,-15.134365593952,-4.588));
#9249=CARTESIAN_POINT('Ctrl Pts',(18.4309306125512,-15.134365593952,-6.988));
#9250=CARTESIAN_POINT('Ctrl Pts',(19.788939871844,-16.1257888224557,-4.588));
#9251=CARTESIAN_POINT('Ctrl Pts',(19.788939871844,-16.1257888224557,-6.988));
#9252=CARTESIAN_POINT('Ctrl Pts',(22.1244605396586,-17.0364937315949,-4.588));
#9253=CARTESIAN_POINT('Ctrl Pts',(22.1244605396586,-17.0364937315949,-6.988));
#9254=CARTESIAN_POINT('Ctrl Pts',(23.308971670576,-17.0364937315949,-4.588));
#9255=CARTESIAN_POINT('Ctrl Pts',(23.308971670576,-17.0364937315949,-6.988));
#9256=CARTESIAN_POINT('',(18.4309306125512,-15.134365593952,-4.588));
#9257=CARTESIAN_POINT('Ctrl Pts',(23.308971670576,-17.0364937315949,-4.588));
#9258=CARTESIAN_POINT('Ctrl Pts',(22.1244605396586,-17.0364937315949,-4.588));
#9259=CARTESIAN_POINT('Ctrl Pts',(19.788939871844,-16.1257888224557,-4.588));
#9260=CARTESIAN_POINT('Ctrl Pts',(18.4309306125512,-15.134365593952,-4.588));
#9261=CARTESIAN_POINT('',(18.4309306125512,-15.134365593952,-6.588));
#9262=CARTESIAN_POINT('Ctrl Pts',(18.4309306125512,-15.134365593952,-6.588));
#9263=CARTESIAN_POINT('Ctrl Pts',(19.788939871844,-16.1257888224557,-6.588));
#9264=CARTESIAN_POINT('Ctrl Pts',(22.1244605396586,-17.0364937315949,-6.588));
#9265=CARTESIAN_POINT('Ctrl Pts',(23.308971670576,-17.0364937315949,-6.588));
#9266=CARTESIAN_POINT('',(18.4309306125512,-15.134365593952,-4.588));
#9267=CARTESIAN_POINT('Ctrl Pts',(12.7115741143386,-7.51844027454954,-4.588));
#9268=CARTESIAN_POINT('Ctrl Pts',(12.7115741143386,-7.51844027454954,-6.988));
#9269=CARTESIAN_POINT('Ctrl Pts',(13.2994421698448,-10.441481410507,-4.588));
#9270=CARTESIAN_POINT('Ctrl Pts',(13.2994421698448,-10.441481410507,-6.988));
#9271=CARTESIAN_POINT('Ctrl Pts',(14.8730679879675,-12.536929522366,-4.588));
#9272=CARTESIAN_POINT('Ctrl Pts',(14.8730679879675,-12.536929522366,-6.988));
#9273=CARTESIAN_POINT('Ctrl Pts',(18.4309306125512,-15.134365593952,-4.588));
#9274=CARTESIAN_POINT('Ctrl Pts',(18.4309306125512,-15.134365593952,-6.988));
#9275=CARTESIAN_POINT('',(12.7115741143386,-7.51844027454954,-4.588));
#9276=CARTESIAN_POINT('Ctrl Pts',(18.4309306125512,-15.134365593952,-4.588));
#9277=CARTESIAN_POINT('Ctrl Pts',(14.8730679879675,-12.536929522366,-4.588));
#9278=CARTESIAN_POINT('Ctrl Pts',(13.2994421698448,-10.441481410507,-4.588));
#9279=CARTESIAN_POINT('Ctrl Pts',(12.7115741143386,-7.51844027454954,-4.588));
#9280=CARTESIAN_POINT('',(12.7115741143386,-7.51844027454954,-6.588));
#9281=CARTESIAN_POINT('Ctrl Pts',(12.7115741143386,-7.51844027454954,-6.588));
#9282=CARTESIAN_POINT('Ctrl Pts',(13.2994421698448,-10.441481410507,-6.588));
#9283=CARTESIAN_POINT('Ctrl Pts',(14.8730679879675,-12.536929522366,-6.588));
#9284=CARTESIAN_POINT('Ctrl Pts',(18.4309306125512,-15.134365593952,-6.588));
#9285=CARTESIAN_POINT('',(12.7115741143386,-7.51844027454954,-4.588));
#9286=CARTESIAN_POINT('Ctrl Pts',(12.3359841138843,-6.42720743871214,-4.588));
#9287=CARTESIAN_POINT('Ctrl Pts',(12.3359841138843,-6.42720743871214,-6.988));
#9288=CARTESIAN_POINT('Ctrl Pts',(12.4629180237322,-6.63139107905578,-4.588));
#9289=CARTESIAN_POINT('Ctrl Pts',(12.4629180237322,-6.63139107905578,-6.988));
#9290=CARTESIAN_POINT('Ctrl Pts',(12.6319328995282,-7.12244668772719,-4.588));
#9291=CARTESIAN_POINT('Ctrl Pts',(12.6319328995282,-7.12244668772719,-6.988));
#9292=CARTESIAN_POINT('Ctrl Pts',(12.7115741143386,-7.51844027454954,-4.588));
#9293=CARTESIAN_POINT('Ctrl Pts',(12.7115741143386,-7.51844027454954,-6.988));
#9294=CARTESIAN_POINT('',(12.3359841138843,-6.42720743871214,-4.588));
#9295=CARTESIAN_POINT('Ctrl Pts',(12.7115741143386,-7.51844027454954,-4.588));
#9296=CARTESIAN_POINT('Ctrl Pts',(12.6319328995282,-7.12244668772719,-4.588));
#9297=CARTESIAN_POINT('Ctrl Pts',(12.4629180237322,-6.63139107905578,-4.588));
#9298=CARTESIAN_POINT('Ctrl Pts',(12.3359841138843,-6.42720743871214,-4.588));
#9299=CARTESIAN_POINT('',(12.3359841138843,-6.42720743871214,-6.588));
#9300=CARTESIAN_POINT('Ctrl Pts',(12.3359841138843,-6.42720743871214,-6.588));
#9301=CARTESIAN_POINT('Ctrl Pts',(12.4629180237322,-6.63139107905578,-6.588));
#9302=CARTESIAN_POINT('Ctrl Pts',(12.6319328995282,-7.12244668772719,-6.588));
#9303=CARTESIAN_POINT('Ctrl Pts',(12.7115741143386,-7.51844027454954,-6.588));
#9304=CARTESIAN_POINT('',(12.3359841138843,-6.42720743871214,-4.588));
#9305=CARTESIAN_POINT('Ctrl Pts',(13.8673125044673,-7.62873994362907,-4.588));
#9306=CARTESIAN_POINT('Ctrl Pts',(13.8673125044673,-7.62873994362907,-6.988));
#9307=CARTESIAN_POINT('Ctrl Pts',(12.074731623737,-6.00631868749646,-4.588));
#9308=CARTESIAN_POINT('Ctrl Pts',(12.074731623737,-6.00631868749646,-6.988));
#9309=CARTESIAN_POINT('Ctrl Pts',(12.0739531945519,-6.00570676722795,-4.588));
#9310=CARTESIAN_POINT('Ctrl Pts',(12.0739531945519,-6.00570676722795,-6.988));
#9311=CARTESIAN_POINT('Ctrl Pts',(12.3359841138843,-6.42720743871214,-4.588));
#9312=CARTESIAN_POINT('Ctrl Pts',(12.3359841138843,-6.42720743871214,-6.988));
#9313=CARTESIAN_POINT('',(13.8673125044673,-7.62873994362907,-4.588));
#9314=CARTESIAN_POINT('Ctrl Pts',(12.3359841138843,-6.42720743871214,-4.588));
#9315=CARTESIAN_POINT('Ctrl Pts',(12.0739531945519,-6.00570676722795,-4.588));
#9316=CARTESIAN_POINT('Ctrl Pts',(12.074731623737,-6.00631868749646,-4.588));
#9317=CARTESIAN_POINT('Ctrl Pts',(13.8673125044673,-7.62873994362907,-4.588));
#9318=CARTESIAN_POINT('',(13.8673125044673,-7.62873994362907,-6.588));
#9319=CARTESIAN_POINT('Ctrl Pts',(13.8673125044673,-7.62873994362907,-6.588));
#9320=CARTESIAN_POINT('Ctrl Pts',(12.074731623737,-6.00631868749646,-6.588));
#9321=CARTESIAN_POINT('Ctrl Pts',(12.0739531945519,-6.00570676722795,-6.588));
#9322=CARTESIAN_POINT('Ctrl Pts',(12.3359841138843,-6.42720743871214,-6.588));
#9323=CARTESIAN_POINT('',(13.8673125044673,-7.62873994362907,-4.588));
#9324=CARTESIAN_POINT('Ctrl Pts',(24.4937117512537,-14.2632419356504,-4.588));
#9325=CARTESIAN_POINT('Ctrl Pts',(24.4937117512537,-14.2632419356504,-6.988));
#9326=CARTESIAN_POINT('Ctrl Pts',(20.9175622849042,-13.3314892587722,-4.588));
#9327=CARTESIAN_POINT('Ctrl Pts',(20.9175622849042,-13.3314892587722,-6.988));
#9328=CARTESIAN_POINT('Ctrl Pts',(18.5015303931901,-11.8230600069447,-4.588));
#9329=CARTESIAN_POINT('Ctrl Pts',(18.5015303931901,-11.8230600069447,-6.988));
#9330=CARTESIAN_POINT('Ctrl Pts',(13.8673125044673,-7.62873994362907,-4.588));
#9331=CARTESIAN_POINT('Ctrl Pts',(13.8673125044673,-7.62873994362907,-6.988));
#9332=CARTESIAN_POINT('',(24.4937117512537,-14.2632419356504,-4.588));
#9333=CARTESIAN_POINT('Ctrl Pts',(13.8673125044673,-7.62873994362907,-4.588));
#9334=CARTESIAN_POINT('Ctrl Pts',(18.5015303931901,-11.8230600069447,-4.588));
#9335=CARTESIAN_POINT('Ctrl Pts',(20.9175622849042,-13.3314892587722,-4.588));
#9336=CARTESIAN_POINT('Ctrl Pts',(24.4937117512537,-14.2632419356504,-4.588));
#9337=CARTESIAN_POINT('',(24.4937117512537,-14.2632419356504,-6.588));
#9338=CARTESIAN_POINT('Ctrl Pts',(24.4937117512537,-14.2632419356504,-6.588));
#9339=CARTESIAN_POINT('Ctrl Pts',(20.9175622849042,-13.3314892587722,-6.588));
#9340=CARTESIAN_POINT('Ctrl Pts',(18.5015303931901,-11.8230600069447,-6.588));
#9341=CARTESIAN_POINT('Ctrl Pts',(13.8673125044673,-7.62873994362907,-6.588));
#9342=CARTESIAN_POINT('',(24.4937117512537,-14.2632419356504,-4.588));
#9343=CARTESIAN_POINT('Ctrl Pts',(31.5324765791681,-13.6884843759651,-4.588));
#9344=CARTESIAN_POINT('Ctrl Pts',(31.5324765791681,-13.6884843759651,-6.988));
#9345=CARTESIAN_POINT('Ctrl Pts',(30.6291324048235,-14.5060004885669,-4.588));
#9346=CARTESIAN_POINT('Ctrl Pts',(30.6291324048235,-14.5060004885669,-6.988));
#9347=CARTESIAN_POINT('Ctrl Pts',(26.66714015148,-14.8295210694386,-4.588));
#9348=CARTESIAN_POINT('Ctrl Pts',(26.66714015148,-14.8295210694386,-6.988));
#9349=CARTESIAN_POINT('Ctrl Pts',(24.4937117512537,-14.2632419356504,-4.588));
#9350=CARTESIAN_POINT('Ctrl Pts',(24.4937117512537,-14.2632419356504,-6.988));
#9351=CARTESIAN_POINT('',(31.5324765791681,-13.6884843759651,-4.588));
#9352=CARTESIAN_POINT('Ctrl Pts',(24.4937117512537,-14.2632419356504,-4.588));
#9353=CARTESIAN_POINT('Ctrl Pts',(26.66714015148,-14.8295210694386,-4.588));
#9354=CARTESIAN_POINT('Ctrl Pts',(30.6291324048235,-14.5060004885669,-4.588));
#9355=CARTESIAN_POINT('Ctrl Pts',(31.5324765791681,-13.6884843759651,-4.588));
#9356=CARTESIAN_POINT('',(31.5324765791681,-13.6884843759651,-6.588));
#9357=CARTESIAN_POINT('Ctrl Pts',(31.5324765791681,-13.6884843759651,-6.588));
#9358=CARTESIAN_POINT('Ctrl Pts',(30.6291324048235,-14.5060004885669,-6.588));
#9359=CARTESIAN_POINT('Ctrl Pts',(26.66714015148,-14.8295210694386,-6.588));
#9360=CARTESIAN_POINT('Ctrl Pts',(24.4937117512537,-14.2632419356504,-6.588));
#9361=CARTESIAN_POINT('',(31.5324765791681,-13.6884843759651,-4.588));
#9362=CARTESIAN_POINT('Ctrl Pts',(31.8792980015567,-13.4899870151234,-4.588));
#9363=CARTESIAN_POINT('Ctrl Pts',(31.8792980015567,-13.4899870151234,-6.988));
#9364=CARTESIAN_POINT('Ctrl Pts',(31.8091810967759,-13.4899870151234,-4.588));
#9365=CARTESIAN_POINT('Ctrl Pts',(31.8091810967759,-13.4899870151234,-6.988));
#9366=CARTESIAN_POINT('Ctrl Pts',(31.6531122892456,-13.5793128047955,-4.588));
#9367=CARTESIAN_POINT('Ctrl Pts',(31.6531122892456,-13.5793128047955,-6.988));
#9368=CARTESIAN_POINT('Ctrl Pts',(31.5324765791681,-13.6884843759651,-4.588));
#9369=CARTESIAN_POINT('Ctrl Pts',(31.5324765791681,-13.6884843759651,-6.988));
#9370=CARTESIAN_POINT('',(31.8792980015567,-13.4899870151234,-4.588));
#9371=CARTESIAN_POINT('Ctrl Pts',(31.5324765791681,-13.6884843759651,-4.588));
#9372=CARTESIAN_POINT('Ctrl Pts',(31.6531122892456,-13.5793128047955,-4.588));
#9373=CARTESIAN_POINT('Ctrl Pts',(31.8091810967759,-13.4899870151234,-4.588));
#9374=CARTESIAN_POINT('Ctrl Pts',(31.8792980015567,-13.4899870151234,-4.588));
#9375=CARTESIAN_POINT('',(31.8792980015567,-13.4899870151234,-6.588));
#9376=CARTESIAN_POINT('Ctrl Pts',(31.8792980015567,-13.4899870151234,-6.588));
#9377=CARTESIAN_POINT('Ctrl Pts',(31.8091810967759,-13.4899870151234,-6.588));
#9378=CARTESIAN_POINT('Ctrl Pts',(31.6531122892456,-13.5793128047955,-6.588));
#9379=CARTESIAN_POINT('Ctrl Pts',(31.5324765791681,-13.6884843759651,-6.588));
#9380=CARTESIAN_POINT('',(31.8792980015567,-13.4899870151234,-4.588));
#9381=CARTESIAN_POINT('Ctrl Pts',(33.5626948229486,-12.4445004227607,-4.588));
#9382=CARTESIAN_POINT('Ctrl Pts',(33.5626948229486,-12.4445004227607,-6.988));
#9383=CARTESIAN_POINT('Ctrl Pts',(33.2916932357344,-12.6750861331929,-4.588));
#9384=CARTESIAN_POINT('Ctrl Pts',(33.2916932357344,-12.6750861331929,-6.988));
#9385=CARTESIAN_POINT('Ctrl Pts',(31.9795738338568,-13.4899870151234,-4.588));
#9386=CARTESIAN_POINT('Ctrl Pts',(31.9795738338568,-13.4899870151234,-6.988));
#9387=CARTESIAN_POINT('Ctrl Pts',(31.8792980015567,-13.4899870151234,-4.588));
#9388=CARTESIAN_POINT('Ctrl Pts',(31.8792980015567,-13.4899870151234,-6.988));
#9389=CARTESIAN_POINT('',(33.5626948229486,-12.4445004227607,-4.588));
#9390=CARTESIAN_POINT('Ctrl Pts',(31.8792980015567,-13.4899870151234,-4.588));
#9391=CARTESIAN_POINT('Ctrl Pts',(31.9795738338568,-13.4899870151234,-4.588));
#9392=CARTESIAN_POINT('Ctrl Pts',(33.2916932357344,-12.6750861331929,-4.588));
#9393=CARTESIAN_POINT('Ctrl Pts',(33.5626948229486,-12.4445004227607,-4.588));
#9394=CARTESIAN_POINT('',(33.5626948229486,-12.4445004227607,-6.588));
#9395=CARTESIAN_POINT('Ctrl Pts',(33.5626948229486,-12.4445004227607,-6.588));
#9396=CARTESIAN_POINT('Ctrl Pts',(33.2916932357344,-12.6750861331929,-6.588));
#9397=CARTESIAN_POINT('Ctrl Pts',(31.9795738338568,-13.4899870151234,-6.588));
#9398=CARTESIAN_POINT('Ctrl Pts',(31.8792980015567,-13.4899870151234,-6.588));
#9399=CARTESIAN_POINT('',(33.5626948229486,-12.4445004227607,-4.588));
#9400=CARTESIAN_POINT('Ctrl Pts',(32.454619610197,-12.5130125978577,-4.588));
#9401=CARTESIAN_POINT('Ctrl Pts',(32.454619610197,-12.5130125978577,-6.988));
#9402=CARTESIAN_POINT('Ctrl Pts',(33.1759695386966,-12.1565627973666,-4.588));
#9403=CARTESIAN_POINT('Ctrl Pts',(33.1759695386966,-12.1565627973666,-6.988));
#9404=CARTESIAN_POINT('Ctrl Pts',(33.957924550116,-12.10821485207,-4.588));
#9405=CARTESIAN_POINT('Ctrl Pts',(33.957924550116,-12.10821485207,-6.988));
#9406=CARTESIAN_POINT('Ctrl Pts',(33.5626948229486,-12.4445004227607,-4.588));
#9407=CARTESIAN_POINT('Ctrl Pts',(33.5626948229486,-12.4445004227607,-6.988));
#9408=CARTESIAN_POINT('',(32.454619610197,-12.5130125978577,-4.588));
#9409=CARTESIAN_POINT('Ctrl Pts',(33.5626948229486,-12.4445004227607,-4.588));
#9410=CARTESIAN_POINT('Ctrl Pts',(33.957924550116,-12.10821485207,-4.588));
#9411=CARTESIAN_POINT('Ctrl Pts',(33.1759695386966,-12.1565627973666,-4.588));
#9412=CARTESIAN_POINT('Ctrl Pts',(32.454619610197,-12.5130125978577,-4.588));
#9413=CARTESIAN_POINT('',(32.454619610197,-12.5130125978577,-6.588));
#9414=CARTESIAN_POINT('Ctrl Pts',(32.454619610197,-12.5130125978577,-6.588));
#9415=CARTESIAN_POINT('Ctrl Pts',(33.1759695386966,-12.1565627973666,-6.588));
#9416=CARTESIAN_POINT('Ctrl Pts',(33.957924550116,-12.10821485207,-6.588));
#9417=CARTESIAN_POINT('Ctrl Pts',(33.5626948229486,-12.4445004227607,-6.588));
#9418=CARTESIAN_POINT('',(32.454619610197,-12.5130125978577,-4.588));
#9419=CARTESIAN_POINT('Ctrl Pts',(21.0908148126278,-11.3844796833402,-4.588));
#9420=CARTESIAN_POINT('Ctrl Pts',(21.0908148126278,-11.3844796833402,-6.988));
#9421=CARTESIAN_POINT('Ctrl Pts',(25.1783631145344,-13.892896966069,-4.588));
#9422=CARTESIAN_POINT('Ctrl Pts',(25.1783631145344,-13.892896966069,-6.988));
#9423=CARTESIAN_POINT('Ctrl Pts',(28.9118052289511,-14.2636623706648,-4.588));
#9424=CARTESIAN_POINT('Ctrl Pts',(28.9118052289511,-14.2636623706648,-6.988));
#9425=CARTESIAN_POINT('Ctrl Pts',(32.454619610197,-12.5130125978577,-4.588));
#9426=CARTESIAN_POINT('Ctrl Pts',(32.454619610197,-12.5130125978577,-6.988));
#9427=CARTESIAN_POINT('',(21.0908148126278,-11.3844796833402,-4.588));
#9428=CARTESIAN_POINT('Ctrl Pts',(32.454619610197,-12.5130125978577,-4.588));
#9429=CARTESIAN_POINT('Ctrl Pts',(28.9118052289511,-14.2636623706648,-4.588));
#9430=CARTESIAN_POINT('Ctrl Pts',(25.1783631145344,-13.892896966069,-4.588));
#9431=CARTESIAN_POINT('Ctrl Pts',(21.0908148126278,-11.3844796833402,-4.588));
#9432=CARTESIAN_POINT('',(21.0908148126278,-11.3844796833402,-6.588));
#9433=CARTESIAN_POINT('Ctrl Pts',(21.0908148126278,-11.3844796833402,-6.588));
#9434=CARTESIAN_POINT('Ctrl Pts',(25.1783631145344,-13.892896966069,-6.588));
#9435=CARTESIAN_POINT('Ctrl Pts',(28.9118052289511,-14.2636623706648,-6.588));
#9436=CARTESIAN_POINT('Ctrl Pts',(32.454619610197,-12.5130125978577,-6.588));
#9437=CARTESIAN_POINT('',(21.0908148126278,-11.3844796833402,-4.588));
#9438=CARTESIAN_POINT('Ctrl Pts',(13.9461961037071,-3.94378730708804,-4.588));
#9439=CARTESIAN_POINT('Ctrl Pts',(13.9461961037071,-3.94378730708804,-6.988));
#9440=CARTESIAN_POINT('Ctrl Pts',(12.3374868568566,-3.98341018515474,-4.588));
#9441=CARTESIAN_POINT('Ctrl Pts',(12.3374868568566,-3.98341018515474,-6.988));
#9442=CARTESIAN_POINT('Ctrl Pts',(17.0816256068736,-8.92415017572572,-4.588));
#9443=CARTESIAN_POINT('Ctrl Pts',(17.0816256068736,-8.92415017572572,-6.988));
#9444=CARTESIAN_POINT('Ctrl Pts',(21.0908148126278,-11.3844796833402,-4.588));
#9445=CARTESIAN_POINT('Ctrl Pts',(21.0908148126278,-11.3844796833402,-6.988));
#9446=CARTESIAN_POINT('',(13.9461961037071,-3.94378730708804,-4.588));
#9447=CARTESIAN_POINT('Ctrl Pts',(21.0908148126278,-11.3844796833402,-4.588));
#9448=CARTESIAN_POINT('Ctrl Pts',(17.0816256068736,-8.92415017572572,-4.588));
#9449=CARTESIAN_POINT('Ctrl Pts',(12.3374868568566,-3.98341018515474,-4.588));
#9450=CARTESIAN_POINT('Ctrl Pts',(13.9461961037071,-3.94378730708804,-4.588));
#9451=CARTESIAN_POINT('',(13.9461961037071,-3.94378730708804,-6.588));
#9452=CARTESIAN_POINT('Ctrl Pts',(13.9461961037071,-3.94378730708804,-6.588));
#9453=CARTESIAN_POINT('Ctrl Pts',(12.3374868568566,-3.98341018515474,-6.588));
#9454=CARTESIAN_POINT('Ctrl Pts',(17.0816256068736,-8.92415017572572,-6.588));
#9455=CARTESIAN_POINT('Ctrl Pts',(21.0908148126278,-11.3844796833402,-6.588));
#9456=CARTESIAN_POINT('',(13.9461961037071,-3.94378730708804,-4.588));
#9457=CARTESIAN_POINT('Ctrl Pts',(17.8853141946325,-6.93824411737569,-4.588));
#9458=CARTESIAN_POINT('Ctrl Pts',(17.8853141946325,-6.93824411737569,-6.988));
#9459=CARTESIAN_POINT('Ctrl Pts',(16.3105144886478,-5.51897830902672,-4.588));
#9460=CARTESIAN_POINT('Ctrl Pts',(16.3105144886478,-5.51897830902672,-6.988));
#9461=CARTESIAN_POINT('Ctrl Pts',(14.2292279601457,-3.93681682756682,-4.588));
#9462=CARTESIAN_POINT('Ctrl Pts',(14.2292279601457,-3.93681682756682,-6.988));
#9463=CARTESIAN_POINT('Ctrl Pts',(13.9461961037071,-3.94378730708804,-4.588));
#9464=CARTESIAN_POINT('Ctrl Pts',(13.9461961037071,-3.94378730708804,-6.988));
#9465=CARTESIAN_POINT('',(17.8853141946325,-6.93824411737569,-4.588));
#9466=CARTESIAN_POINT('Ctrl Pts',(13.9461961037071,-3.94378730708804,-4.588));
#9467=CARTESIAN_POINT('Ctrl Pts',(14.2292279601457,-3.93681682756682,-4.588));
#9468=CARTESIAN_POINT('Ctrl Pts',(16.3105144886478,-5.51897830902672,-4.588));
#9469=CARTESIAN_POINT('Ctrl Pts',(17.8853141946325,-6.93824411737569,-4.588));
#9470=CARTESIAN_POINT('',(17.8853141946325,-6.93824411737569,-6.588));
#9471=CARTESIAN_POINT('Ctrl Pts',(17.8853141946325,-6.93824411737569,-6.588));
#9472=CARTESIAN_POINT('Ctrl Pts',(16.3105144886478,-5.51897830902672,-6.588));
#9473=CARTESIAN_POINT('Ctrl Pts',(14.2292279601457,-3.93681682756682,-6.588));
#9474=CARTESIAN_POINT('Ctrl Pts',(13.9461961037071,-3.94378730708804,-6.588));
#9475=CARTESIAN_POINT('',(17.8853141946325,-6.93824411737569,-4.588));
#9476=CARTESIAN_POINT('Ctrl Pts',(30.5046503387724,-9.7290813362747,-4.588));
#9477=CARTESIAN_POINT('Ctrl Pts',(30.5046503387724,-9.7290813362747,-6.988));
#9478=CARTESIAN_POINT('Ctrl Pts',(25.8074879168515,-12.0036847169507,-4.588));
#9479=CARTESIAN_POINT('Ctrl Pts',(25.8074879168515,-12.0036847169507,-6.988));
#9480=CARTESIAN_POINT('Ctrl Pts',(22.7574067216117,-11.3291446076307,-4.588));
#9481=CARTESIAN_POINT('Ctrl Pts',(22.7574067216117,-11.3291446076307,-6.988));
#9482=CARTESIAN_POINT('Ctrl Pts',(17.8853141946325,-6.93824411737569,-4.588));
#9483=CARTESIAN_POINT('Ctrl Pts',(17.8853141946325,-6.93824411737569,-6.988));
#9484=CARTESIAN_POINT('',(30.5046503387724,-9.7290813362747,-4.588));
#9485=CARTESIAN_POINT('Ctrl Pts',(17.8853141946325,-6.93824411737569,-4.588));
#9486=CARTESIAN_POINT('Ctrl Pts',(22.7574067216117,-11.3291446076307,-4.588));
#9487=CARTESIAN_POINT('Ctrl Pts',(25.8074879168515,-12.0036847169507,-4.588));
#9488=CARTESIAN_POINT('Ctrl Pts',(30.5046503387724,-9.7290813362747,-4.588));
#9489=CARTESIAN_POINT('',(30.5046503387724,-9.7290813362747,-6.588));
#9490=CARTESIAN_POINT('Ctrl Pts',(30.5046503387724,-9.7290813362747,-6.588));
#9491=CARTESIAN_POINT('Ctrl Pts',(25.8074879168515,-12.0036847169507,-6.588));
#9492=CARTESIAN_POINT('Ctrl Pts',(22.7574067216117,-11.3291446076307,-6.588));
#9493=CARTESIAN_POINT('Ctrl Pts',(17.8853141946325,-6.93824411737569,-6.588));
#9494=CARTESIAN_POINT('',(30.5046503387724,-9.7290813362747,-4.588));
#9495=CARTESIAN_POINT('Ctrl Pts',(31.3404751474353,-9.39786388073312,-4.588));
#9496=CARTESIAN_POINT('Ctrl Pts',(31.3404751474353,-9.39786388073312,-6.988));
#9497=CARTESIAN_POINT('Ctrl Pts',(31.2569584375911,-9.39786388073312,-4.588));
#9498=CARTESIAN_POINT('Ctrl Pts',(31.2569584375911,-9.39786388073312,-6.988));
#9499=CARTESIAN_POINT('Ctrl Pts',(30.8808397713265,-9.54691225606719,-4.588));
#9500=CARTESIAN_POINT('Ctrl Pts',(30.8808397713265,-9.54691225606719,-6.988));
#9501=CARTESIAN_POINT('Ctrl Pts',(30.5046503387724,-9.7290813362747,-4.588));
#9502=CARTESIAN_POINT('Ctrl Pts',(30.5046503387724,-9.7290813362747,-6.988));
#9503=CARTESIAN_POINT('',(31.3404751474353,-9.39786388073312,-4.588));
#9504=CARTESIAN_POINT('Ctrl Pts',(30.5046503387724,-9.7290813362747,-4.588));
#9505=CARTESIAN_POINT('Ctrl Pts',(30.8808397713265,-9.54691225606719,-4.588));
#9506=CARTESIAN_POINT('Ctrl Pts',(31.2569584375911,-9.39786388073312,-4.588));
#9507=CARTESIAN_POINT('Ctrl Pts',(31.3404751474353,-9.39786388073312,-4.588));
#9508=CARTESIAN_POINT('',(31.3404751474353,-9.39786388073312,-6.588));
#9509=CARTESIAN_POINT('Ctrl Pts',(31.3404751474353,-9.39786388073312,-6.588));
#9510=CARTESIAN_POINT('Ctrl Pts',(31.2569584375911,-9.39786388073312,-6.588));
#9511=CARTESIAN_POINT('Ctrl Pts',(30.8808397713265,-9.54691225606719,-6.588));
#9512=CARTESIAN_POINT('Ctrl Pts',(30.5046503387724,-9.7290813362747,-6.588));
#9513=CARTESIAN_POINT('',(31.3404751474353,-9.39786388073312,-4.588));
#9514=CARTESIAN_POINT('Ctrl Pts',(31.7481555788416,-8.89280487217555,-4.588));
#9515=CARTESIAN_POINT('Ctrl Pts',(31.7481555788416,-8.89280487217555,-6.988));
#9516=CARTESIAN_POINT('Ctrl Pts',(31.8606739792348,-9.0053274352917,-4.588));
#9517=CARTESIAN_POINT('Ctrl Pts',(31.8606739792348,-9.0053274352917,-6.988));
#9518=CARTESIAN_POINT('Ctrl Pts',(31.5438199991115,-9.39786388073312,-4.588));
#9519=CARTESIAN_POINT('Ctrl Pts',(31.5438199991115,-9.39786388073312,-6.988));
#9520=CARTESIAN_POINT('Ctrl Pts',(31.3404751474353,-9.39786388073312,-4.588));
#9521=CARTESIAN_POINT('Ctrl Pts',(31.3404751474353,-9.39786388073312,-6.988));
#9522=CARTESIAN_POINT('',(31.7481555788416,-8.89280487217555,-4.588));
#9523=CARTESIAN_POINT('Ctrl Pts',(31.3404751474353,-9.39786388073312,-4.588));
#9524=CARTESIAN_POINT('Ctrl Pts',(31.5438199991115,-9.39786388073312,-4.588));
#9525=CARTESIAN_POINT('Ctrl Pts',(31.8606739792348,-9.0053274352917,-4.588));
#9526=CARTESIAN_POINT('Ctrl Pts',(31.7481555788416,-8.89280487217555,-4.588));
#9527=CARTESIAN_POINT('',(31.7481555788416,-8.89280487217555,-6.588));
#9528=CARTESIAN_POINT('Ctrl Pts',(31.7481555788416,-8.89280487217555,-6.588));
#9529=CARTESIAN_POINT('Ctrl Pts',(31.8606739792348,-9.0053274352917,-6.588));
#9530=CARTESIAN_POINT('Ctrl Pts',(31.5438199991115,-9.39786388073312,-6.588));
#9531=CARTESIAN_POINT('Ctrl Pts',(31.3404751474353,-9.39786388073312,-6.588));
#9532=CARTESIAN_POINT('',(31.7481555788416,-8.89280487217555,-4.588));
#9533=CARTESIAN_POINT('Ctrl Pts',(29.411461023165,-9.53786457781138,-4.588));
#9534=CARTESIAN_POINT('Ctrl Pts',(29.411461023165,-9.53786457781138,-6.988));
#9535=CARTESIAN_POINT('Ctrl Pts',(30.0991053842215,-9.24563518509196,-4.588));
#9536=CARTESIAN_POINT('Ctrl Pts',(30.0991053842215,-9.24563518509196,-6.988));
#9537=CARTESIAN_POINT('Ctrl Pts',(31.6679066064857,-8.81255798118108,-4.588));
#9538=CARTESIAN_POINT('Ctrl Pts',(31.6679066064857,-8.81255798118108,-6.988));
#9539=CARTESIAN_POINT('Ctrl Pts',(31.7481555788416,-8.89280487217555,-4.588));
#9540=CARTESIAN_POINT('Ctrl Pts',(31.7481555788416,-8.89280487217555,-6.988));
#9541=CARTESIAN_POINT('',(29.411461023165,-9.53786457781138,-4.588));
#9542=CARTESIAN_POINT('Ctrl Pts',(31.7481555788416,-8.89280487217555,-4.588));
#9543=CARTESIAN_POINT('Ctrl Pts',(31.6679066064857,-8.81255798118108,-4.588));
#9544=CARTESIAN_POINT('Ctrl Pts',(30.0991053842215,-9.24563518509196,-4.588));
#9545=CARTESIAN_POINT('Ctrl Pts',(29.411461023165,-9.53786457781138,-4.588));
#9546=CARTESIAN_POINT('',(29.411461023165,-9.53786457781138,-6.588));
#9547=CARTESIAN_POINT('Ctrl Pts',(29.411461023165,-9.53786457781138,-6.588));
#9548=CARTESIAN_POINT('Ctrl Pts',(30.0991053842215,-9.24563518509196,-6.588));
#9549=CARTESIAN_POINT('Ctrl Pts',(31.6679066064857,-8.81255798118108,-6.588));
#9550=CARTESIAN_POINT('Ctrl Pts',(31.7481555788416,-8.89280487217555,-6.588));
#9551=CARTESIAN_POINT('',(29.411461023165,-9.53786457781138,-4.588));
#9552=CARTESIAN_POINT('Ctrl Pts',(25.5239440454942,-9.99654460901115,-4.588));
#9553=CARTESIAN_POINT('Ctrl Pts',(25.5239440454942,-9.99654460901115,-6.988));
#9554=CARTESIAN_POINT('Ctrl Pts',(26.7574046351694,-9.99024640924072,-4.588));
#9555=CARTESIAN_POINT('Ctrl Pts',(26.7574046351694,-9.99024640924072,-6.988));
#9556=CARTESIAN_POINT('Ctrl Pts',(28.9579073852351,-9.73061321830743,-4.588));
#9557=CARTESIAN_POINT('Ctrl Pts',(28.9579073852351,-9.73061321830743,-6.988));
#9558=CARTESIAN_POINT('Ctrl Pts',(29.411461023165,-9.53786457781138,-4.588));
#9559=CARTESIAN_POINT('Ctrl Pts',(29.411461023165,-9.53786457781138,-6.988));
#9560=CARTESIAN_POINT('',(25.5239440454942,-9.99654460901115,-4.588));
#9561=CARTESIAN_POINT('Ctrl Pts',(29.411461023165,-9.53786457781138,-4.588));
#9562=CARTESIAN_POINT('Ctrl Pts',(28.9579073852351,-9.73061321830743,-4.588));
#9563=CARTESIAN_POINT('Ctrl Pts',(26.7574046351694,-9.99024640924072,-4.588));
#9564=CARTESIAN_POINT('Ctrl Pts',(25.5239440454942,-9.99654460901115,-4.588));
#9565=CARTESIAN_POINT('',(25.5239440454942,-9.99654460901115,-6.588));
#9566=CARTESIAN_POINT('Ctrl Pts',(25.5239440454942,-9.99654460901115,-6.588));
#9567=CARTESIAN_POINT('Ctrl Pts',(26.7574046351694,-9.99024640924072,-6.588));
#9568=CARTESIAN_POINT('Ctrl Pts',(28.9579073852351,-9.73061321830743,-6.588));
#9569=CARTESIAN_POINT('Ctrl Pts',(29.411461023165,-9.53786457781138,-6.588));
#9570=CARTESIAN_POINT('',(25.5239440454942,-9.99654460901115,-4.588));
#9571=CARTESIAN_POINT('Ctrl Pts',(18.0273254868787,-5.2699434106351,-4.588));
#9572=CARTESIAN_POINT('Ctrl Pts',(18.0273254868787,-5.2699434106351,-6.988));
#9573=CARTESIAN_POINT('Ctrl Pts',(20.848057300392,-8.85815228526939,-4.588));
#9574=CARTESIAN_POINT('Ctrl Pts',(20.848057300392,-8.85815228526939,-6.988));
#9575=CARTESIAN_POINT('Ctrl Pts',(22.6766623852289,-10.0110850001533,-4.588));
#9576=CARTESIAN_POINT('Ctrl Pts',(22.6766623852289,-10.0110850001533,-6.988));
#9577=CARTESIAN_POINT('Ctrl Pts',(25.5239440454942,-9.99654460901115,-4.588));
#9578=CARTESIAN_POINT('Ctrl Pts',(25.5239440454942,-9.99654460901115,-6.988));
#9579=CARTESIAN_POINT('',(18.0273254868787,-5.2699434106351,-4.588));
#9580=CARTESIAN_POINT('Ctrl Pts',(25.5239440454942,-9.99654460901115,-4.588));
#9581=CARTESIAN_POINT('Ctrl Pts',(22.6766623852289,-10.0110850001533,-4.588));
#9582=CARTESIAN_POINT('Ctrl Pts',(20.848057300392,-8.85815228526939,-4.588));
#9583=CARTESIAN_POINT('Ctrl Pts',(18.0273254868787,-5.2699434106351,-4.588));
#9584=CARTESIAN_POINT('',(18.0273254868787,-5.2699434106351,-6.588));
#9585=CARTESIAN_POINT('Ctrl Pts',(18.0273254868787,-5.2699434106351,-6.588));
#9586=CARTESIAN_POINT('Ctrl Pts',(20.848057300392,-8.85815228526939,-6.588));
#9587=CARTESIAN_POINT('Ctrl Pts',(22.6766623852289,-10.0110850001533,-6.588));
#9588=CARTESIAN_POINT('Ctrl Pts',(25.5239440454942,-9.99654460901115,-6.588));
#9589=CARTESIAN_POINT('',(18.0273254868787,-5.2699434106351,-4.588));
#9590=CARTESIAN_POINT('Ctrl Pts',(15.2673444515874,-2.9654391912604,-4.588));
#9591=CARTESIAN_POINT('Ctrl Pts',(15.2673444515874,-2.9654391912604,-6.988));
#9592=CARTESIAN_POINT('Ctrl Pts',(16.3691256272914,-3.50590840229466,-4.588));
#9593=CARTESIAN_POINT('Ctrl Pts',(16.3691256272914,-3.50590840229466,-6.988));
#9594=CARTESIAN_POINT('Ctrl Pts',(17.1591646466119,-4.16556885855496,-4.588));
#9595=CARTESIAN_POINT('Ctrl Pts',(17.1591646466119,-4.16556885855496,-6.988));
#9596=CARTESIAN_POINT('Ctrl Pts',(18.0273254868787,-5.2699434106351,-4.588));
#9597=CARTESIAN_POINT('Ctrl Pts',(18.0273254868787,-5.2699434106351,-6.988));
#9598=CARTESIAN_POINT('',(15.2673444515874,-2.9654391912604,-4.588));
#9599=CARTESIAN_POINT('Ctrl Pts',(18.0273254868787,-5.2699434106351,-4.588));
#9600=CARTESIAN_POINT('Ctrl Pts',(17.1591646466119,-4.16556885855496,-4.588));
#9601=CARTESIAN_POINT('Ctrl Pts',(16.3691256272914,-3.50590840229466,-4.588));
#9602=CARTESIAN_POINT('Ctrl Pts',(15.2673444515874,-2.9654391912604,-4.588));
#9603=CARTESIAN_POINT('',(15.2673444515874,-2.9654391912604,-6.588));
#9604=CARTESIAN_POINT('Ctrl Pts',(15.2673444515874,-2.9654391912604,-6.588));
#9605=CARTESIAN_POINT('Ctrl Pts',(16.3691256272914,-3.50590840229466,-6.588));
#9606=CARTESIAN_POINT('Ctrl Pts',(17.1591646466119,-4.16556885855496,-6.588));
#9607=CARTESIAN_POINT('Ctrl Pts',(18.0273254868787,-5.2699434106351,-6.588));
#9608=CARTESIAN_POINT('',(15.2673444515874,-2.9654391912604,-4.588));
#9609=CARTESIAN_POINT('Ctrl Pts',(14.613738675807,-2.53271790015875,-4.588));
#9610=CARTESIAN_POINT('Ctrl Pts',(14.613738675807,-2.53271790015875,-6.988));
#9611=CARTESIAN_POINT('Ctrl Pts',(14.6149042382232,-2.59494436365407,-4.588));
#9612=CARTESIAN_POINT('Ctrl Pts',(14.6149042382232,-2.59494436365407,-6.988));
#9613=CARTESIAN_POINT('Ctrl Pts',(14.9090255885075,-2.78967029753475,-4.588));
#9614=CARTESIAN_POINT('Ctrl Pts',(14.9090255885075,-2.78967029753475,-6.988));
#9615=CARTESIAN_POINT('Ctrl Pts',(15.2673444515874,-2.9654391912604,-4.588));
#9616=CARTESIAN_POINT('Ctrl Pts',(15.2673444515874,-2.9654391912604,-6.988));
#9617=CARTESIAN_POINT('',(14.613738675807,-2.53271790015875,-4.588));
#9618=CARTESIAN_POINT('Ctrl Pts',(15.2673444515874,-2.9654391912604,-4.588));
#9619=CARTESIAN_POINT('Ctrl Pts',(14.9090255885075,-2.78967029753475,-4.588));
#9620=CARTESIAN_POINT('Ctrl Pts',(14.6149042382232,-2.59494436365407,-4.588));
#9621=CARTESIAN_POINT('Ctrl Pts',(14.613738675807,-2.53271790015875,-4.588));
#9622=CARTESIAN_POINT('',(14.613738675807,-2.53271790015875,-6.588));
#9623=CARTESIAN_POINT('Ctrl Pts',(14.613738675807,-2.53271790015875,-6.588));
#9624=CARTESIAN_POINT('Ctrl Pts',(14.6149042382232,-2.59494436365407,-6.588));
#9625=CARTESIAN_POINT('Ctrl Pts',(14.9090255885075,-2.78967029753475,-6.588));
#9626=CARTESIAN_POINT('Ctrl Pts',(15.2673444515874,-2.9654391912604,-6.588));
#9627=CARTESIAN_POINT('',(14.613738675807,-2.53271790015875,-4.588));
#9628=CARTESIAN_POINT('Ctrl Pts',(18.0883884693193,-4.21222673834806,-4.588));
#9629=CARTESIAN_POINT('Ctrl Pts',(18.0883884693193,-4.21222673834806,-6.988));
#9630=CARTESIAN_POINT('Ctrl Pts',(17.3292326913054,-3.47788911435361,-4.588));
#9631=CARTESIAN_POINT('Ctrl Pts',(17.3292326913054,-3.47788911435361,-6.988));
#9632=CARTESIAN_POINT('Ctrl Pts',(14.606782765816,-2.16196706509314,-4.588));
#9633=CARTESIAN_POINT('Ctrl Pts',(14.606782765816,-2.16196706509314,-6.988));
#9634=CARTESIAN_POINT('Ctrl Pts',(14.613738675807,-2.53271790015875,-4.588));
#9635=CARTESIAN_POINT('Ctrl Pts',(14.613738675807,-2.53271790015875,-6.988));
#9636=CARTESIAN_POINT('',(18.0883884693193,-4.21222673834806,-4.588));
#9637=CARTESIAN_POINT('Ctrl Pts',(14.613738675807,-2.53271790015875,-4.588));
#9638=CARTESIAN_POINT('Ctrl Pts',(14.606782765816,-2.16196706509314,-4.588));
#9639=CARTESIAN_POINT('Ctrl Pts',(17.3292326913054,-3.47788911435361,-4.588));
#9640=CARTESIAN_POINT('Ctrl Pts',(18.0883884693193,-4.21222673834806,-4.588));
#9641=CARTESIAN_POINT('',(18.0883884693193,-4.21222673834806,-6.588));
#9642=CARTESIAN_POINT('Ctrl Pts',(18.0883884693193,-4.21222673834806,-6.588));
#9643=CARTESIAN_POINT('Ctrl Pts',(17.3292326913054,-3.47788911435361,-6.588));
#9644=CARTESIAN_POINT('Ctrl Pts',(14.606782765816,-2.16196706509314,-6.588));
#9645=CARTESIAN_POINT('Ctrl Pts',(14.613738675807,-2.53271790015875,-6.588));
#9646=CARTESIAN_POINT('',(18.0883884693193,-4.21222673834806,-4.588));
#9647=CARTESIAN_POINT('Ctrl Pts',(27.300090496156,-5.37215490909072,-4.588));
#9648=CARTESIAN_POINT('Ctrl Pts',(27.300090496156,-5.37215490909072,-6.988));
#9649=CARTESIAN_POINT('Ctrl Pts',(25.5956344595369,-6.42556524452216,-4.588));
#9650=CARTESIAN_POINT('Ctrl Pts',(25.5956344595369,-6.42556524452216,-6.988));
#9651=CARTESIAN_POINT('Ctrl Pts',(19.5954606734764,-5.67002895408292,-4.588));
#9652=CARTESIAN_POINT('Ctrl Pts',(19.5954606734764,-5.67002895408292,-6.988));
#9653=CARTESIAN_POINT('Ctrl Pts',(18.0883884693193,-4.21222673834806,-4.588));
#9654=CARTESIAN_POINT('Ctrl Pts',(18.0883884693193,-4.21222673834806,-6.988));
#9655=CARTESIAN_POINT('',(27.300090496156,-5.37215490909072,-4.588));
#9656=CARTESIAN_POINT('Ctrl Pts',(18.0883884693193,-4.21222673834806,-4.588));
#9657=CARTESIAN_POINT('Ctrl Pts',(19.5954606734764,-5.67002895408292,-4.588));
#9658=CARTESIAN_POINT('Ctrl Pts',(25.5956344595369,-6.42556524452216,-4.588));
#9659=CARTESIAN_POINT('Ctrl Pts',(27.300090496156,-5.37215490909072,-4.588));
#9660=CARTESIAN_POINT('',(27.300090496156,-5.37215490909072,-6.588));
#9661=CARTESIAN_POINT('Ctrl Pts',(27.300090496156,-5.37215490909072,-6.588));
#9662=CARTESIAN_POINT('Ctrl Pts',(25.5956344595369,-6.42556524452216,-6.588));
#9663=CARTESIAN_POINT('Ctrl Pts',(19.5954606734764,-5.67002895408292,-6.588));
#9664=CARTESIAN_POINT('Ctrl Pts',(18.0883884693193,-4.21222673834806,-6.588));
#9665=CARTESIAN_POINT('',(27.300090496156,-5.37215490909072,-4.588));
#9666=CARTESIAN_POINT('Ctrl Pts',(25.2170389731379,-5.07950508135689,-4.588));
#9667=CARTESIAN_POINT('Ctrl Pts',(25.2170389731379,-5.07950508135689,-6.988));
#9668=CARTESIAN_POINT('Ctrl Pts',(27.249238673026,-5.08543904287226,-4.588));
#9669=CARTESIAN_POINT('Ctrl Pts',(27.249238673026,-5.08543904287226,-6.988));
#9670=CARTESIAN_POINT('Ctrl Pts',(27.6686621457755,-5.14436446709596,-4.588));
#9671=CARTESIAN_POINT('Ctrl Pts',(27.6686621457755,-5.14436446709596,-6.988));
#9672=CARTESIAN_POINT('Ctrl Pts',(27.300090496156,-5.37215490909072,-4.588));
#9673=CARTESIAN_POINT('Ctrl Pts',(27.300090496156,-5.37215490909072,-6.988));
#9674=CARTESIAN_POINT('',(25.2170389731379,-5.07950508135689,-4.588));
#9675=CARTESIAN_POINT('Ctrl Pts',(27.300090496156,-5.37215490909072,-4.588));
#9676=CARTESIAN_POINT('Ctrl Pts',(27.6686621457755,-5.14436446709596,-4.588));
#9677=CARTESIAN_POINT('Ctrl Pts',(27.249238673026,-5.08543904287226,-4.588));
#9678=CARTESIAN_POINT('Ctrl Pts',(25.2170389731379,-5.07950508135689,-4.588));
#9679=CARTESIAN_POINT('',(25.2170389731379,-5.07950508135689,-6.588));
#9680=CARTESIAN_POINT('Ctrl Pts',(25.2170389731379,-5.07950508135689,-6.588));
#9681=CARTESIAN_POINT('Ctrl Pts',(27.249238673026,-5.08543904287226,-6.588));
#9682=CARTESIAN_POINT('Ctrl Pts',(27.6686621457755,-5.14436446709596,-6.588));
#9683=CARTESIAN_POINT('Ctrl Pts',(27.300090496156,-5.37215490909072,-6.588));
#9684=CARTESIAN_POINT('',(25.2170389731379,-5.07950508135689,-4.588));
#9685=CARTESIAN_POINT('Ctrl Pts',(19.3857635066318,-3.7659016687601,-4.588));
#9686=CARTESIAN_POINT('Ctrl Pts',(19.3857635066318,-3.7659016687601,-6.988));
#9687=CARTESIAN_POINT('Ctrl Pts',(19.3857635066318,-4.39774472914071,-4.588));
#9688=CARTESIAN_POINT('Ctrl Pts',(19.3857635066318,-4.39774472914071,-6.988));
#9689=CARTESIAN_POINT('Ctrl Pts',(22.3753645006391,-5.0712108559487,-4.588));
#9690=CARTESIAN_POINT('Ctrl Pts',(22.3753645006391,-5.0712108559487,-6.988));
#9691=CARTESIAN_POINT('Ctrl Pts',(25.2170389731379,-5.07950508135689,-4.588));
#9692=CARTESIAN_POINT('Ctrl Pts',(25.2170389731379,-5.07950508135689,-6.988));
#9693=CARTESIAN_POINT('',(19.3857635066318,-3.7659016687601,-4.588));
#9694=CARTESIAN_POINT('Ctrl Pts',(25.2170389731379,-5.07950508135689,-4.588));
#9695=CARTESIAN_POINT('Ctrl Pts',(22.3753645006391,-5.0712108559487,-4.588));
#9696=CARTESIAN_POINT('Ctrl Pts',(19.3857635066318,-4.39774472914071,-4.588));
#9697=CARTESIAN_POINT('Ctrl Pts',(19.3857635066318,-3.7659016687601,-4.588));
#9698=CARTESIAN_POINT('',(19.3857635066318,-3.7659016687601,-6.588));
#9699=CARTESIAN_POINT('Ctrl Pts',(19.3857635066318,-3.7659016687601,-6.588));
#9700=CARTESIAN_POINT('Ctrl Pts',(19.3857635066318,-4.39774472914071,-6.588));
#9701=CARTESIAN_POINT('Ctrl Pts',(22.3753645006391,-5.0712108559487,-6.588));
#9702=CARTESIAN_POINT('Ctrl Pts',(25.2170389731379,-5.07950508135689,-6.588));
#9703=CARTESIAN_POINT('',(19.3857635066318,-3.7659016687601,-4.588));
#9704=CARTESIAN_POINT('Ctrl Pts',(18.2945306707944,-2.92013003369177,-4.588));
#9705=CARTESIAN_POINT('Ctrl Pts',(18.2945306707944,-2.92013003369177,-6.988));
#9706=CARTESIAN_POINT('Ctrl Pts',(19.0222828671373,-3.22166727484919,-4.588));
#9707=CARTESIAN_POINT('Ctrl Pts',(19.0222828671373,-3.22166727484919,-6.988));
#9708=CARTESIAN_POINT('Ctrl Pts',(19.3857635066318,-3.50338579220816,-4.588));
#9709=CARTESIAN_POINT('Ctrl Pts',(19.3857635066318,-3.50338579220816,-6.988));
#9710=CARTESIAN_POINT('Ctrl Pts',(19.3857635066318,-3.7659016687601,-4.588));
#9711=CARTESIAN_POINT('Ctrl Pts',(19.3857635066318,-3.7659016687601,-6.988));
#9712=CARTESIAN_POINT('',(18.2945306707944,-2.92013003369177,-4.588));
#9713=CARTESIAN_POINT('Ctrl Pts',(19.3857635066318,-3.7659016687601,-4.588));
#9714=CARTESIAN_POINT('Ctrl Pts',(19.3857635066318,-3.50338579220816,-4.588));
#9715=CARTESIAN_POINT('Ctrl Pts',(19.0222828671373,-3.22166727484919,-4.588));
#9716=CARTESIAN_POINT('Ctrl Pts',(18.2945306707944,-2.92013003369177,-4.588));
#9717=CARTESIAN_POINT('',(18.2945306707944,-2.92013003369177,-6.588));
#9718=CARTESIAN_POINT('Ctrl Pts',(18.2945306707944,-2.92013003369177,-6.588));
#9719=CARTESIAN_POINT('Ctrl Pts',(19.0222828671373,-3.22166727484919,-6.588));
#9720=CARTESIAN_POINT('Ctrl Pts',(19.3857635066318,-3.50338579220816,-6.588));
#9721=CARTESIAN_POINT('Ctrl Pts',(19.3857635066318,-3.7659016687601,-6.588));
#9722=CARTESIAN_POINT('',(18.2945306707944,-2.92013003369177,-4.588));
#9723=CARTESIAN_POINT('Ctrl Pts',(17.1084793323985,-2.41712116616985,-4.588));
#9724=CARTESIAN_POINT('Ctrl Pts',(17.1084793323985,-2.41712116616985,-6.988));
#9725=CARTESIAN_POINT('Ctrl Pts',(17.4232061611122,-2.55389367162751,-4.588));
#9726=CARTESIAN_POINT('Ctrl Pts',(17.4232061611122,-2.55389367162751,-6.988));
#9727=CARTESIAN_POINT('Ctrl Pts',(17.9569296796627,-2.78024797421659,-4.588));
#9728=CARTESIAN_POINT('Ctrl Pts',(17.9569296796627,-2.78024797421659,-6.988));
#9729=CARTESIAN_POINT('Ctrl Pts',(18.2945306707944,-2.92013003369177,-4.588));
#9730=CARTESIAN_POINT('Ctrl Pts',(18.2945306707944,-2.92013003369177,-6.988));
#9731=CARTESIAN_POINT('',(17.1084793323985,-2.41712116616985,-4.588));
#9732=CARTESIAN_POINT('Ctrl Pts',(18.2945306707944,-2.92013003369177,-4.588));
#9733=CARTESIAN_POINT('Ctrl Pts',(17.9569296796627,-2.78024797421659,-4.588));
#9734=CARTESIAN_POINT('Ctrl Pts',(17.4232061611122,-2.55389367162751,-4.588));
#9735=CARTESIAN_POINT('Ctrl Pts',(17.1084793323985,-2.41712116616985,-4.588));
#9736=CARTESIAN_POINT('',(17.1084793323985,-2.41712116616985,-6.588));
#9737=CARTESIAN_POINT('Ctrl Pts',(17.1084793323985,-2.41712116616985,-6.588));
#9738=CARTESIAN_POINT('Ctrl Pts',(17.4232061611122,-2.55389367162751,-6.588));
#9739=CARTESIAN_POINT('Ctrl Pts',(17.9569296796627,-2.78024797421659,-6.588));
#9740=CARTESIAN_POINT('Ctrl Pts',(18.2945306707944,-2.92013003369177,-6.588));
#9741=CARTESIAN_POINT('',(17.1084793323985,-2.41712116616985,-4.588));
#9742=CARTESIAN_POINT('Ctrl Pts',(16.4240236170948,-2.16844218058747,-4.588));
#9743=CARTESIAN_POINT('Ctrl Pts',(16.4240236170948,-2.16844218058747,-6.988));
#9744=CARTESIAN_POINT('Ctrl Pts',(16.485744309756,-2.16844218058747,-4.588));
#9745=CARTESIAN_POINT('Ctrl Pts',(16.485744309756,-2.16844218058747,-6.988));
#9746=CARTESIAN_POINT('Ctrl Pts',(16.7937525036848,-2.2803486607122,-4.588));
#9747=CARTESIAN_POINT('Ctrl Pts',(16.7937525036848,-2.2803486607122,-6.988));
#9748=CARTESIAN_POINT('Ctrl Pts',(17.1084793323985,-2.41712116616985,-4.588));
#9749=CARTESIAN_POINT('Ctrl Pts',(17.1084793323985,-2.41712116616985,-6.988));
#9750=CARTESIAN_POINT('',(16.4240236170948,-2.16844218058747,-4.588));
#9751=CARTESIAN_POINT('Ctrl Pts',(17.1084793323985,-2.41712116616985,-4.588));
#9752=CARTESIAN_POINT('Ctrl Pts',(16.7937525036848,-2.2803486607122,-4.588));
#9753=CARTESIAN_POINT('Ctrl Pts',(16.485744309756,-2.16844218058747,-4.588));
#9754=CARTESIAN_POINT('Ctrl Pts',(16.4240236170948,-2.16844218058747,-4.588));
#9755=CARTESIAN_POINT('',(16.4240236170948,-2.16844218058747,-6.588));
#9756=CARTESIAN_POINT('Ctrl Pts',(16.4240236170948,-2.16844218058747,-6.588));
#9757=CARTESIAN_POINT('Ctrl Pts',(16.485744309756,-2.16844218058747,-6.588));
#9758=CARTESIAN_POINT('Ctrl Pts',(16.7937525036848,-2.2803486607122,-6.588));
#9759=CARTESIAN_POINT('Ctrl Pts',(17.1084793323985,-2.41712116616985,-6.588));
#9760=CARTESIAN_POINT('',(16.4240236170948,-2.16844218058747,-4.588));
#9761=CARTESIAN_POINT('Ctrl Pts',(15.2936445349645,-1.20869519210564,-4.588));
#9762=CARTESIAN_POINT('Ctrl Pts',(15.2936445349645,-1.20869519210564,-6.988));
#9763=CARTESIAN_POINT('Ctrl Pts',(15.2936445349645,-1.45194598700682,-4.588));
#9764=CARTESIAN_POINT('Ctrl Pts',(15.2936445349645,-1.45194598700682,-6.988));
#9765=CARTESIAN_POINT('Ctrl Pts',(16.1375283751909,-2.16844218058747,-4.588));
#9766=CARTESIAN_POINT('Ctrl Pts',(16.1375283751909,-2.16844218058747,-6.988));
#9767=CARTESIAN_POINT('Ctrl Pts',(16.4240236170948,-2.16844218058747,-4.588));
#9768=CARTESIAN_POINT('Ctrl Pts',(16.4240236170948,-2.16844218058747,-6.988));
#9769=CARTESIAN_POINT('',(15.2936445349645,-1.20869519210564,-4.588));
#9770=CARTESIAN_POINT('Ctrl Pts',(16.4240236170948,-2.16844218058747,-4.588));
#9771=CARTESIAN_POINT('Ctrl Pts',(16.1375283751909,-2.16844218058747,-4.588));
#9772=CARTESIAN_POINT('Ctrl Pts',(15.2936445349645,-1.45194598700682,-4.588));
#9773=CARTESIAN_POINT('Ctrl Pts',(15.2936445349645,-1.20869519210564,-4.588));
#9774=CARTESIAN_POINT('',(15.2936445349645,-1.20869519210564,-6.588));
#9775=CARTESIAN_POINT('Ctrl Pts',(15.2936445349645,-1.20869519210564,-6.588));
#9776=CARTESIAN_POINT('Ctrl Pts',(15.2936445349645,-1.45194598700682,-6.588));
#9777=CARTESIAN_POINT('Ctrl Pts',(16.1375283751909,-2.16844218058747,-6.588));
#9778=CARTESIAN_POINT('Ctrl Pts',(16.4240236170948,-2.16844218058747,-6.588));
#9779=CARTESIAN_POINT('',(15.2936445349645,-1.20869519210564,-4.588));
#9780=CARTESIAN_POINT('Ctrl Pts',(15.8781615985241,-1.13605359587693,-4.588));
#9781=CARTESIAN_POINT('Ctrl Pts',(15.8781615985241,-1.13605359587693,-6.988));
#9782=CARTESIAN_POINT('Ctrl Pts',(15.4658314056218,-0.869570644386966,-4.588));
#9783=CARTESIAN_POINT('Ctrl Pts',(15.4658314056218,-0.869570644386966,-6.988));
#9784=CARTESIAN_POINT('Ctrl Pts',(15.2936445349645,-0.890971202893129,-4.588));
#9785=CARTESIAN_POINT('Ctrl Pts',(15.2936445349645,-0.890971202893129,-6.988));
#9786=CARTESIAN_POINT('Ctrl Pts',(15.2936445349645,-1.20869519210564,-4.588));
#9787=CARTESIAN_POINT('Ctrl Pts',(15.2936445349645,-1.20869519210564,-6.988));
#9788=CARTESIAN_POINT('',(15.8781615985241,-1.13605359587693,-4.588));
#9789=CARTESIAN_POINT('Ctrl Pts',(15.2936445349645,-1.20869519210564,-4.588));
#9790=CARTESIAN_POINT('Ctrl Pts',(15.2936445349645,-0.890971202893129,-4.588));
#9791=CARTESIAN_POINT('Ctrl Pts',(15.4658314056218,-0.869570644386966,-4.588));
#9792=CARTESIAN_POINT('Ctrl Pts',(15.8781615985241,-1.13605359587693,-4.588));
#9793=CARTESIAN_POINT('',(15.8781615985241,-1.13605359587693,-6.588));
#9794=CARTESIAN_POINT('Ctrl Pts',(15.8781615985241,-1.13605359587693,-6.588));
#9795=CARTESIAN_POINT('Ctrl Pts',(15.4658314056218,-0.869570644386966,-6.588));
#9796=CARTESIAN_POINT('Ctrl Pts',(15.2936445349645,-0.890971202893129,-6.588));
#9797=CARTESIAN_POINT('Ctrl Pts',(15.2936445349645,-1.20869519210564,-6.588));
#9798=CARTESIAN_POINT('',(15.8781615985241,-1.13605359587693,-4.588));
#9799=CARTESIAN_POINT('Ctrl Pts',(23.9175659234762,-1.78332370738064,-4.588));
#9800=CARTESIAN_POINT('Ctrl Pts',(23.9175659234762,-1.78332370738064,-6.988));
#9801=CARTESIAN_POINT('Ctrl Pts',(22.1063693458699,-2.70807468431581,-4.588));
#9802=CARTESIAN_POINT('Ctrl Pts',(22.1063693458699,-2.70807468431581,-6.988));
#9803=CARTESIAN_POINT('Ctrl Pts',(17.7703980658402,-2.35897417113127,-4.588));
#9804=CARTESIAN_POINT('Ctrl Pts',(17.7703980658402,-2.35897417113127,-6.988));
#9805=CARTESIAN_POINT('Ctrl Pts',(15.8781615985241,-1.13605359587693,-4.588));
#9806=CARTESIAN_POINT('Ctrl Pts',(15.8781615985241,-1.13605359587693,-6.988));
#9807=CARTESIAN_POINT('',(23.9175659234762,-1.78332370738064,-4.588));
#9808=CARTESIAN_POINT('Ctrl Pts',(15.8781615985241,-1.13605359587693,-4.588));
#9809=CARTESIAN_POINT('Ctrl Pts',(17.7703980658402,-2.35897417113127,-4.588));
#9810=CARTESIAN_POINT('Ctrl Pts',(22.1063693458699,-2.70807468431581,-4.588));
#9811=CARTESIAN_POINT('Ctrl Pts',(23.9175659234762,-1.78332370738064,-4.588));
#9812=CARTESIAN_POINT('',(23.9175659234762,-1.78332370738064,-6.588));
#9813=CARTESIAN_POINT('Ctrl Pts',(23.9175659234762,-1.78332370738064,-6.588));
#9814=CARTESIAN_POINT('Ctrl Pts',(22.1063693458699,-2.70807468431581,-6.588));
#9815=CARTESIAN_POINT('Ctrl Pts',(17.7703980658402,-2.35897417113127,-6.588));
#9816=CARTESIAN_POINT('Ctrl Pts',(15.8781615985241,-1.13605359587693,-6.588));
#9817=CARTESIAN_POINT('',(23.9175659234762,-1.78332370738064,-4.588));
#9818=CARTESIAN_POINT('Ctrl Pts',(23.6766774738293,-1.21561363759042,-4.588));
#9819=CARTESIAN_POINT('Ctrl Pts',(23.6766774738293,-1.21561363759042,-6.988));
#9820=CARTESIAN_POINT('Ctrl Pts',(25.2872765968832,-0.661486532671947,-4.588));
#9821=CARTESIAN_POINT('Ctrl Pts',(25.2872765968832,-0.661486532671947,-6.988));
#9822=CARTESIAN_POINT('Ctrl Pts',(25.4346286626294,-1.00875128505096,-4.588));
#9823=CARTESIAN_POINT('Ctrl Pts',(25.4346286626294,-1.00875128505096,-6.988));
#9824=CARTESIAN_POINT('Ctrl Pts',(23.9175659234762,-1.78332370738064,-4.588));
#9825=CARTESIAN_POINT('Ctrl Pts',(23.9175659234762,-1.78332370738064,-6.988));
#9826=CARTESIAN_POINT('',(23.6766774738293,-1.21561363759042,-4.588));
#9827=CARTESIAN_POINT('Ctrl Pts',(23.9175659234762,-1.78332370738064,-4.588));
#9828=CARTESIAN_POINT('Ctrl Pts',(25.4346286626294,-1.00875128505096,-4.588));
#9829=CARTESIAN_POINT('Ctrl Pts',(25.2872765968832,-0.661486532671947,-4.588));
#9830=CARTESIAN_POINT('Ctrl Pts',(23.6766774738293,-1.21561363759042,-4.588));
#9831=CARTESIAN_POINT('',(23.6766774738293,-1.21561363759042,-6.588));
#9832=CARTESIAN_POINT('Ctrl Pts',(23.6766774738293,-1.21561363759042,-6.588));
#9833=CARTESIAN_POINT('Ctrl Pts',(25.2872765968832,-0.661486532671947,-6.588));
#9834=CARTESIAN_POINT('Ctrl Pts',(25.4346286626294,-1.00875128505096,-6.588));
#9835=CARTESIAN_POINT('Ctrl Pts',(23.9175659234762,-1.78332370738064,-6.588));
#9836=CARTESIAN_POINT('',(23.6766774738293,-1.21561363759042,-4.588));
#9837=CARTESIAN_POINT('Ctrl Pts',(16.8622917364808,-0.368045787584257,-4.588));
#9838=CARTESIAN_POINT('Ctrl Pts',(16.8622917364808,-0.368045787584257,-6.988));
#9839=CARTESIAN_POINT('Ctrl Pts',(19.3706569851732,-1.60797108594649,-4.588));
#9840=CARTESIAN_POINT('Ctrl Pts',(19.3706569851732,-1.60797108594649,-6.988));
#9841=CARTESIAN_POINT('Ctrl Pts',(21.6957250557481,-1.89716169093793,-4.588));
#9842=CARTESIAN_POINT('Ctrl Pts',(21.6957250557481,-1.89716169093793,-6.988));
#9843=CARTESIAN_POINT('Ctrl Pts',(23.6766774738293,-1.21561363759042,-4.588));
#9844=CARTESIAN_POINT('Ctrl Pts',(23.6766774738293,-1.21561363759042,-6.988));
#9845=CARTESIAN_POINT('',(16.8622917364808,-0.368045787584257,-4.588));
#9846=CARTESIAN_POINT('Origin',(12.0062801355238,29.3126554710304,-4.588));
#9847=CARTESIAN_POINT('',(16.8622917364808,-0.368045787584257,-6.588));
#9848=CARTESIAN_POINT('Origin',(12.0062801355244,29.3126554710285,-6.588));
#9849=CARTESIAN_POINT('',(16.8622917364808,-0.368045787584257,-4.588));
#9850=CARTESIAN_POINT('Ctrl Pts',(17.7027205166876,0.900652251566663,-4.588));
#9851=CARTESIAN_POINT('Ctrl Pts',(17.7027205166876,0.900652251566663,-6.988));
#9852=CARTESIAN_POINT('Ctrl Pts',(15.5435827442287,1.46303403602564,-4.588));
#9853=CARTESIAN_POINT('Ctrl Pts',(15.5435827442287,1.46303403602564,-6.988));
#9854=CARTESIAN_POINT('Ctrl Pts',(14.9551194193456,0.574700640512593,-4.588));
#9855=CARTESIAN_POINT('Ctrl Pts',(14.9551194193456,0.574700640512593,-6.988));
#9856=CARTESIAN_POINT('Ctrl Pts',(16.8622917364808,-0.368045787584257,-4.588));
#9857=CARTESIAN_POINT('Ctrl Pts',(16.8622917364808,-0.368045787584257,-6.988));
#9858=CARTESIAN_POINT('',(17.7027205166876,0.900652251566663,-4.588));
#9859=CARTESIAN_POINT('Ctrl Pts',(16.8622917364808,-0.368045787584257,-4.588));
#9860=CARTESIAN_POINT('Ctrl Pts',(14.9551194193456,0.574700640512593,-4.588));
#9861=CARTESIAN_POINT('Ctrl Pts',(15.5435827442287,1.46303403602564,-4.588));
#9862=CARTESIAN_POINT('Ctrl Pts',(17.7027205166876,0.900652251566663,-4.588));
#9863=CARTESIAN_POINT('',(17.7027205166876,0.900652251566663,-6.588));
#9864=CARTESIAN_POINT('Ctrl Pts',(17.7027205166876,0.900652251566663,-6.588));
#9865=CARTESIAN_POINT('Ctrl Pts',(15.5435827442287,1.46303403602564,-6.588));
#9866=CARTESIAN_POINT('Ctrl Pts',(14.9551194193456,0.574700640512593,-6.588));
#9867=CARTESIAN_POINT('Ctrl Pts',(16.8622917364808,-0.368045787584257,-6.588));
#9868=CARTESIAN_POINT('',(17.7027205166876,0.900652251566663,-4.588));
#9869=CARTESIAN_POINT('Ctrl Pts',(22.0466134584247,1.5955147741579,-4.588));
#9870=CARTESIAN_POINT('Ctrl Pts',(22.0466134584247,1.5955147741579,-6.988));
#9871=CARTESIAN_POINT('Ctrl Pts',(21.0836257901535,0.703045713428772,-4.588));
#9872=CARTESIAN_POINT('Ctrl Pts',(21.0836257901535,0.703045713428772,-6.988));
#9873=CARTESIAN_POINT('Ctrl Pts',(19.4590773826113,0.443179410012249,-4.588));
#9874=CARTESIAN_POINT('Ctrl Pts',(19.4590773826113,0.443179410012249,-6.988));
#9875=CARTESIAN_POINT('Ctrl Pts',(17.7027205166876,0.900652251566663,-4.588));
#9876=CARTESIAN_POINT('Ctrl Pts',(17.7027205166876,0.900652251566663,-6.988));
#9877=CARTESIAN_POINT('',(22.0466134584247,1.5955147741579,-4.588));
#9878=CARTESIAN_POINT('Ctrl Pts',(17.7027205166876,0.900652251566663,-4.588));
#9879=CARTESIAN_POINT('Ctrl Pts',(19.4590773826113,0.443179410012249,-4.588));
#9880=CARTESIAN_POINT('Ctrl Pts',(21.0836257901535,0.703045713428772,-4.588));
#9881=CARTESIAN_POINT('Ctrl Pts',(22.0466134584247,1.5955147741579,-4.588));
#9882=CARTESIAN_POINT('',(22.0466134584247,1.5955147741579,-6.588));
#9883=CARTESIAN_POINT('Ctrl Pts',(22.0466134584247,1.5955147741579,-6.588));
#9884=CARTESIAN_POINT('Ctrl Pts',(21.0836257901535,0.703045713428772,-6.588));
#9885=CARTESIAN_POINT('Ctrl Pts',(19.4590773826113,0.443179410012249,-6.588));
#9886=CARTESIAN_POINT('Ctrl Pts',(17.7027205166876,0.900652251566663,-6.588));
#9887=CARTESIAN_POINT('',(22.0466134584247,1.5955147741579,-4.588));
#9888=CARTESIAN_POINT('Ctrl Pts',(21.3382387372512,1.76825112423995,-4.588));
#9889=CARTESIAN_POINT('Ctrl Pts',(21.3382387372512,1.76825112423995,-6.988));
#9890=CARTESIAN_POINT('Ctrl Pts',(22.3963279732392,2.13240404348523,-4.588));
#9891=CARTESIAN_POINT('Ctrl Pts',(22.3963279732392,2.13240404348523,-6.988));
#9892=CARTESIAN_POINT('Ctrl Pts',(22.5781015947698,2.08807936988601,-4.588));
#9893=CARTESIAN_POINT('Ctrl Pts',(22.5781015947698,2.08807936988601,-6.988));
#9894=CARTESIAN_POINT('Ctrl Pts',(22.0466134584247,1.5955147741579,-4.588));
#9895=CARTESIAN_POINT('Ctrl Pts',(22.0466134584247,1.5955147741579,-6.988));
#9896=CARTESIAN_POINT('',(21.3382387372512,1.76825112423995,-4.588));
#9897=CARTESIAN_POINT('Ctrl Pts',(22.0466134584247,1.5955147741579,-4.588));
#9898=CARTESIAN_POINT('Ctrl Pts',(22.5781015947698,2.08807936988601,-4.588));
#9899=CARTESIAN_POINT('Ctrl Pts',(22.3963279732392,2.13240404348523,-4.588));
#9900=CARTESIAN_POINT('Ctrl Pts',(21.3382387372512,1.76825112423995,-4.588));
#9901=CARTESIAN_POINT('',(21.3382387372512,1.76825112423995,-6.588));
#9902=CARTESIAN_POINT('Ctrl Pts',(21.3382387372512,1.76825112423995,-6.588));
#9903=CARTESIAN_POINT('Ctrl Pts',(22.3963279732392,2.13240404348523,-6.588));
#9904=CARTESIAN_POINT('Ctrl Pts',(22.5781015947698,2.08807936988601,-6.588));
#9905=CARTESIAN_POINT('Ctrl Pts',(22.0466134584247,1.5955147741579,-6.588));
#9906=CARTESIAN_POINT('',(21.3382387372512,1.76825112423995,-4.588));
#9907=CARTESIAN_POINT('Ctrl Pts',(17.8171204678385,1.67394047387705,-4.588));
#9908=CARTESIAN_POINT('Ctrl Pts',(17.8171204678385,1.67394047387705,-6.988));
#9909=CARTESIAN_POINT('Ctrl Pts',(18.4684492341843,1.33281990052061,-4.588));
#9910=CARTESIAN_POINT('Ctrl Pts',(18.4684492341843,1.33281990052061,-6.988));
#9911=CARTESIAN_POINT('Ctrl Pts',(20.2084590872207,1.37942366491582,-4.588));
#9912=CARTESIAN_POINT('Ctrl Pts',(20.2084590872207,1.37942366491582,-6.988));
#9913=CARTESIAN_POINT('Ctrl Pts',(21.3382387372512,1.76825112423995,-4.588));
#9914=CARTESIAN_POINT('Ctrl Pts',(21.3382387372512,1.76825112423995,-6.988));
#9915=CARTESIAN_POINT('',(17.8171204678385,1.67394047387705,-4.588));
#9916=CARTESIAN_POINT('Ctrl Pts',(21.3382387372512,1.76825112423995,-4.588));
#9917=CARTESIAN_POINT('Ctrl Pts',(20.2084590872207,1.37942366491582,-4.588));
#9918=CARTESIAN_POINT('Ctrl Pts',(18.4684492341843,1.33281990052061,-4.588));
#9919=CARTESIAN_POINT('Ctrl Pts',(17.8171204678385,1.67394047387705,-4.588));
#9920=CARTESIAN_POINT('',(17.8171204678385,1.67394047387705,-6.588));
#9921=CARTESIAN_POINT('Ctrl Pts',(17.8171204678385,1.67394047387705,-6.588));
#9922=CARTESIAN_POINT('Ctrl Pts',(18.4684492341843,1.33281990052061,-6.588));
#9923=CARTESIAN_POINT('Ctrl Pts',(20.2084590872207,1.37942366491582,-6.588));
#9924=CARTESIAN_POINT('Ctrl Pts',(21.3382387372512,1.76825112423995,-6.588));
#9925=CARTESIAN_POINT('',(17.8171204678385,1.67394047387705,-4.588));
#9926=CARTESIAN_POINT('Ctrl Pts',(16.759988658121,1.98252936765253,-4.588));
#9927=CARTESIAN_POINT('Ctrl Pts',(16.759988658121,1.98252936765253,-6.988));
#9928=CARTESIAN_POINT('Ctrl Pts',(17.116342715985,1.93068057238438,-4.588));
#9929=CARTESIAN_POINT('Ctrl Pts',(17.116342715985,1.93068057238438,-6.988));
#9930=CARTESIAN_POINT('Ctrl Pts',(17.5920545279916,1.79181421730047,-4.588));
#9931=CARTESIAN_POINT('Ctrl Pts',(17.5920545279916,1.79181421730047,-6.988));
#9932=CARTESIAN_POINT('Ctrl Pts',(17.8171204678385,1.67394047387705,-4.588));
#9933=CARTESIAN_POINT('Ctrl Pts',(17.8171204678385,1.67394047387705,-6.988));
#9934=CARTESIAN_POINT('',(16.759988658121,1.98252936765253,-4.588));
#9935=CARTESIAN_POINT('Ctrl Pts',(17.8171204678385,1.67394047387705,-4.588));
#9936=CARTESIAN_POINT('Ctrl Pts',(17.5920545279916,1.79181421730047,-4.588));
#9937=CARTESIAN_POINT('Ctrl Pts',(17.116342715985,1.93068057238438,-4.588));
#9938=CARTESIAN_POINT('Ctrl Pts',(16.759988658121,1.98252936765253,-4.588));
#9939=CARTESIAN_POINT('',(16.759988658121,1.98252936765253,-6.588));
#9940=CARTESIAN_POINT('Ctrl Pts',(16.759988658121,1.98252936765253,-6.588));
#9941=CARTESIAN_POINT('Ctrl Pts',(17.116342715985,1.93068057238438,-6.588));
#9942=CARTESIAN_POINT('Ctrl Pts',(17.5920545279916,1.79181421730047,-6.588));
#9943=CARTESIAN_POINT('Ctrl Pts',(17.8171204678385,1.67394047387705,-6.588));
#9944=CARTESIAN_POINT('',(16.759988658121,1.98252936765253,-4.588));
#9945=CARTESIAN_POINT('Ctrl Pts',(16.1461701879625,2.61511131135055,-4.588));
#9946=CARTESIAN_POINT('Ctrl Pts',(16.1461701879625,2.61511131135055,-6.988));
#9947=CARTESIAN_POINT('Ctrl Pts',(15.7812991990143,2.51443793901204,-4.588));
#9948=CARTESIAN_POINT('Ctrl Pts',(15.7812991990143,2.51443793901204,-6.988));
#9949=CARTESIAN_POINT('Ctrl Pts',(16.2213864283141,2.06089678925086,-4.588));
#9950=CARTESIAN_POINT('Ctrl Pts',(16.2213864283141,2.06089678925086,-6.988));
#9951=CARTESIAN_POINT('Ctrl Pts',(16.759988658121,1.98252936765253,-4.588));
#9952=CARTESIAN_POINT('Ctrl Pts',(16.759988658121,1.98252936765253,-6.988));
#9953=CARTESIAN_POINT('',(16.1461701879625,2.61511131135055,-4.588));
#9954=CARTESIAN_POINT('Ctrl Pts',(16.759988658121,1.98252936765253,-4.588));
#9955=CARTESIAN_POINT('Ctrl Pts',(16.2213864283141,2.06089678925086,-4.588));
#9956=CARTESIAN_POINT('Ctrl Pts',(15.7812991990143,2.51443793901204,-4.588));
#9957=CARTESIAN_POINT('Ctrl Pts',(16.1461701879625,2.61511131135055,-4.588));
#9958=CARTESIAN_POINT('',(16.1461701879625,2.61511131135055,-6.588));
#9959=CARTESIAN_POINT('Ctrl Pts',(16.1461701879625,2.61511131135055,-6.588));
#9960=CARTESIAN_POINT('Ctrl Pts',(15.7812991990143,2.51443793901204,-6.588));
#9961=CARTESIAN_POINT('Ctrl Pts',(16.2213864283141,2.06089678925086,-6.588));
#9962=CARTESIAN_POINT('Ctrl Pts',(16.759988658121,1.98252936765253,-6.588));
#9963=CARTESIAN_POINT('',(16.1461701879625,2.61511131135055,-4.588));
#9964=CARTESIAN_POINT('Ctrl Pts',(17.4079081543995,2.69372849632379,-4.588));
#9965=CARTESIAN_POINT('Ctrl Pts',(17.4079081543995,2.69372849632379,-6.988));
#9966=CARTESIAN_POINT('Ctrl Pts',(16.7327061721359,2.65566455798877,-4.588));
#9967=CARTESIAN_POINT('Ctrl Pts',(16.7327061721359,2.65566455798877,-6.988));
#9968=CARTESIAN_POINT('Ctrl Pts',(16.1649274174176,2.62028141321102,-4.588));
#9969=CARTESIAN_POINT('Ctrl Pts',(16.1649274174176,2.62028141321102,-6.988));
#9970=CARTESIAN_POINT('Ctrl Pts',(16.1461701879625,2.61511131135055,-4.588));
#9971=CARTESIAN_POINT('Ctrl Pts',(16.1461701879625,2.61511131135055,-6.988));
#9972=CARTESIAN_POINT('',(17.4079081543995,2.69372849632379,-4.588));
#9973=CARTESIAN_POINT('Ctrl Pts',(16.1461701879625,2.61511131135055,-4.588));
#9974=CARTESIAN_POINT('Ctrl Pts',(16.1649274174176,2.62028141321102,-4.588));
#9975=CARTESIAN_POINT('Ctrl Pts',(16.7327061721359,2.65566455798877,-4.588));
#9976=CARTESIAN_POINT('Ctrl Pts',(17.4079081543995,2.69372849632379,-4.588));
#9977=CARTESIAN_POINT('',(17.4079081543995,2.69372849632379,-6.588));
#9978=CARTESIAN_POINT('Ctrl Pts',(17.4079081543995,2.69372849632379,-6.588));
#9979=CARTESIAN_POINT('Ctrl Pts',(16.7327061721359,2.65566455798877,-6.588));
#9980=CARTESIAN_POINT('Ctrl Pts',(16.1649274174176,2.62028141321102,-6.588));
#9981=CARTESIAN_POINT('Ctrl Pts',(16.1461701879625,2.61511131135055,-6.588));
#9982=CARTESIAN_POINT('',(17.4079081543995,2.69372849632379,-4.588));
#9983=CARTESIAN_POINT('Ctrl Pts',(21.4809243906097,4.40651414149585,-4.588));
#9984=CARTESIAN_POINT('Ctrl Pts',(21.4809243906097,4.40651414149585,-6.988));
#9985=CARTESIAN_POINT('Ctrl Pts',(20.916155284559,3.50759077888697,-4.588));
#9986=CARTESIAN_POINT('Ctrl Pts',(20.916155284559,3.50759077888697,-6.988));
#9987=CARTESIAN_POINT('Ctrl Pts',(19.2242789965891,2.79612315458768,-4.588));
#9988=CARTESIAN_POINT('Ctrl Pts',(19.2242789965891,2.79612315458768,-6.988));
#9989=CARTESIAN_POINT('Ctrl Pts',(17.4079081543995,2.69372849632379,-4.588));
#9990=CARTESIAN_POINT('Ctrl Pts',(17.4079081543995,2.69372849632379,-6.988));
#9991=CARTESIAN_POINT('',(21.4809243906097,4.40651414149585,-4.588));
#9992=CARTESIAN_POINT('Ctrl Pts',(17.4079081543995,2.69372849632379,-4.588));
#9993=CARTESIAN_POINT('Ctrl Pts',(19.2242789965891,2.79612315458768,-4.588));
#9994=CARTESIAN_POINT('Ctrl Pts',(20.916155284559,3.50759077888697,-4.588));
#9995=CARTESIAN_POINT('Ctrl Pts',(21.4809243906097,4.40651414149585,-4.588));
#9996=CARTESIAN_POINT('',(21.4809243906097,4.40651414149585,-6.588));
#9997=CARTESIAN_POINT('Ctrl Pts',(21.4809243906097,4.40651414149585,-6.588));
#9998=CARTESIAN_POINT('Ctrl Pts',(20.916155284559,3.50759077888697,-6.588));
#9999=CARTESIAN_POINT('Ctrl Pts',(19.2242789965891,2.79612315458768,-6.588));
#10000=CARTESIAN_POINT('Ctrl Pts',(17.4079081543995,2.69372849632379,-6.588));
#10001=CARTESIAN_POINT('',(21.4809243906097,4.40651414149585,-4.588));
#10002=CARTESIAN_POINT('Ctrl Pts',(21.0512065040913,4.60355246795584,-4.588));
#10003=CARTESIAN_POINT('Ctrl Pts',(21.0512065040913,4.60355246795584,-6.988));
#10004=CARTESIAN_POINT('Ctrl Pts',(21.4639779456226,4.87282652516032,-4.588));
#10005=CARTESIAN_POINT('Ctrl Pts',(21.4639779456226,4.87282652516032,-6.988));
#10006=CARTESIAN_POINT('Ctrl Pts',(21.7045833301113,4.76250187974331,-4.588));
#10007=CARTESIAN_POINT('Ctrl Pts',(21.7045833301113,4.76250187974331,-6.988));
#10008=CARTESIAN_POINT('Ctrl Pts',(21.4809243906097,4.40651414149585,-4.588));
#10009=CARTESIAN_POINT('Ctrl Pts',(21.4809243906097,4.40651414149585,-6.988));
#10010=CARTESIAN_POINT('',(21.0512065040913,4.60355246795584,-4.588));
#10011=CARTESIAN_POINT('Ctrl Pts',(21.4809243906097,4.40651414149585,-4.588));
#10012=CARTESIAN_POINT('Ctrl Pts',(21.7045833301113,4.76250187974331,-4.588));
#10013=CARTESIAN_POINT('Ctrl Pts',(21.4639779456226,4.87282652516032,-4.588));
#10014=CARTESIAN_POINT('Ctrl Pts',(21.0512065040913,4.60355246795584,-4.588));
#10015=CARTESIAN_POINT('',(21.0512065040913,4.60355246795584,-6.588));
#10016=CARTESIAN_POINT('Ctrl Pts',(21.0512065040913,4.60355246795584,-6.588));
#10017=CARTESIAN_POINT('Ctrl Pts',(21.4639779456226,4.87282652516032,-6.588));
#10018=CARTESIAN_POINT('Ctrl Pts',(21.7045833301113,4.76250187974331,-6.588));
#10019=CARTESIAN_POINT('Ctrl Pts',(21.4809243906097,4.40651414149585,-6.588));
#10020=CARTESIAN_POINT('',(21.0512065040913,4.60355246795584,-4.588));
#10021=CARTESIAN_POINT('Ctrl Pts',(17.8623734286478,3.72614205737183,-4.588));
#10022=CARTESIAN_POINT('Ctrl Pts',(17.8623734286478,3.72614205737183,-6.988));
#10023=CARTESIAN_POINT('Ctrl Pts',(19.3314566234824,3.68549306810657,-4.588));
#10024=CARTESIAN_POINT('Ctrl Pts',(19.3314566234824,3.68549306810657,-6.988));
#10025=CARTESIAN_POINT('Ctrl Pts',(19.8718488241427,3.8341813679085,-4.588));
#10026=CARTESIAN_POINT('Ctrl Pts',(19.8718488241427,3.8341813679085,-6.988));
#10027=CARTESIAN_POINT('Ctrl Pts',(21.0512065040913,4.60355246795584,-4.588));
#10028=CARTESIAN_POINT('Ctrl Pts',(21.0512065040913,4.60355246795584,-6.988));
#10029=CARTESIAN_POINT('',(17.8623734286478,3.72614205737183,-4.588));
#10030=CARTESIAN_POINT('Ctrl Pts',(21.0512065040913,4.60355246795584,-4.588));
#10031=CARTESIAN_POINT('Ctrl Pts',(19.8718488241427,3.8341813679085,-4.588));
#10032=CARTESIAN_POINT('Ctrl Pts',(19.3314566234824,3.68549306810657,-4.588));
#10033=CARTESIAN_POINT('Ctrl Pts',(17.8623734286478,3.72614205737183,-4.588));
#10034=CARTESIAN_POINT('',(17.8623734286478,3.72614205737183,-6.588));
#10035=CARTESIAN_POINT('Ctrl Pts',(17.8623734286478,3.72614205737183,-6.588));
#10036=CARTESIAN_POINT('Ctrl Pts',(19.3314566234824,3.68549306810657,-6.588));
#10037=CARTESIAN_POINT('Ctrl Pts',(19.8718488241427,3.8341813679085,-6.588));
#10038=CARTESIAN_POINT('Ctrl Pts',(21.0512065040913,4.60355246795584,-6.588));
#10039=CARTESIAN_POINT('',(17.8623734286478,3.72614205737183,-4.588));
#10040=CARTESIAN_POINT('Ctrl Pts',(18.1848345965376,5.2504770734576,-4.588));
#10041=CARTESIAN_POINT('Ctrl Pts',(18.1848345965376,5.2504770734576,-6.988));
#10042=CARTESIAN_POINT('Ctrl Pts',(15.7784851983238,4.05262441559756,-4.588));
#10043=CARTESIAN_POINT('Ctrl Pts',(15.7784851983238,4.05262441559756,-6.988));
#10044=CARTESIAN_POINT('Ctrl Pts',(15.7219512584148,3.78536927900686,-4.588));
#10045=CARTESIAN_POINT('Ctrl Pts',(15.7219512584148,3.78536927900686,-6.988));
#10046=CARTESIAN_POINT('Ctrl Pts',(17.8623734286478,3.72614205737183,-4.588));
#10047=CARTESIAN_POINT('Ctrl Pts',(17.8623734286478,3.72614205737183,-6.988));
#10048=CARTESIAN_POINT('',(18.1848345965376,5.2504770734576,-4.588));
#10049=CARTESIAN_POINT('Ctrl Pts',(17.8623734286478,3.72614205737183,-4.588));
#10050=CARTESIAN_POINT('Ctrl Pts',(15.7219512584148,3.78536927900686,-4.588));
#10051=CARTESIAN_POINT('Ctrl Pts',(15.7784851983238,4.05262441559756,-4.588));
#10052=CARTESIAN_POINT('Ctrl Pts',(18.1848345965376,5.2504770734576,-4.588));
#10053=CARTESIAN_POINT('',(18.1848345965376,5.2504770734576,-6.588));
#10054=CARTESIAN_POINT('Ctrl Pts',(18.1848345965376,5.2504770734576,-6.588));
#10055=CARTESIAN_POINT('Ctrl Pts',(15.7784851983238,4.05262441559756,-6.588));
#10056=CARTESIAN_POINT('Ctrl Pts',(15.7219512584148,3.78536927900686,-6.588));
#10057=CARTESIAN_POINT('Ctrl Pts',(17.8623734286478,3.72614205737183,-6.588));
#10058=CARTESIAN_POINT('',(18.1848345965376,5.2504770734576,-4.588));
#10059=CARTESIAN_POINT('Ctrl Pts',(21.2153093668475,7.44170111414561,-4.588));
#10060=CARTESIAN_POINT('Ctrl Pts',(21.2153093668475,7.44170111414561,-6.988));
#10061=CARTESIAN_POINT('Ctrl Pts',(20.4647787507136,6.45845347344698,-4.588));
#10062=CARTESIAN_POINT('Ctrl Pts',(20.4647787507136,6.45845347344698,-6.988));
#10063=CARTESIAN_POINT('Ctrl Pts',(20.1405234492474,6.2239964307038,-4.588));
#10064=CARTESIAN_POINT('Ctrl Pts',(20.1405234492474,6.2239964307038,-6.988));
#10065=CARTESIAN_POINT('Ctrl Pts',(18.1848345965376,5.2504770734576,-4.588));
#10066=CARTESIAN_POINT('Ctrl Pts',(18.1848345965376,5.2504770734576,-6.988));
#10067=CARTESIAN_POINT('',(21.2153093668475,7.44170111414561,-4.588));
#10068=CARTESIAN_POINT('Ctrl Pts',(18.1848345965376,5.2504770734576,-4.588));
#10069=CARTESIAN_POINT('Ctrl Pts',(20.1405234492474,6.2239964307038,-4.588));
#10070=CARTESIAN_POINT('Ctrl Pts',(20.4647787507136,6.45845347344698,-4.588));
#10071=CARTESIAN_POINT('Ctrl Pts',(21.2153093668475,7.44170111414561,-4.588));
#10072=CARTESIAN_POINT('',(21.2153093668475,7.44170111414561,-6.588));
#10073=CARTESIAN_POINT('Ctrl Pts',(21.2153093668475,7.44170111414561,-6.588));
#10074=CARTESIAN_POINT('Ctrl Pts',(20.4647787507136,6.45845347344698,-6.588));
#10075=CARTESIAN_POINT('Ctrl Pts',(20.1405234492474,6.2239964307038,-6.588));
#10076=CARTESIAN_POINT('Ctrl Pts',(18.1848345965376,5.2504770734576,-6.588));
#10077=CARTESIAN_POINT('',(21.2153093668475,7.44170111414561,-4.588));
#10078=CARTESIAN_POINT('Ctrl Pts',(20.7731449388131,7.94812133309639,-4.588));
#10079=CARTESIAN_POINT('Ctrl Pts',(20.7731449388131,7.94812133309639,-6.988));
#10080=CARTESIAN_POINT('Ctrl Pts',(21.8814157995417,8.89278885781852,-4.588));
#10081=CARTESIAN_POINT('Ctrl Pts',(21.8814157995417,8.89278885781852,-6.988));
#10082=CARTESIAN_POINT('Ctrl Pts',(22.116996777472,8.62297780935799,-4.588));
#10083=CARTESIAN_POINT('Ctrl Pts',(22.116996777472,8.62297780935799,-6.988));
#10084=CARTESIAN_POINT('Ctrl Pts',(21.2153093668475,7.44170111414561,-4.588));
#10085=CARTESIAN_POINT('Ctrl Pts',(21.2153093668475,7.44170111414561,-6.988));
#10086=CARTESIAN_POINT('',(20.7731449388131,7.94812133309639,-4.588));
#10087=CARTESIAN_POINT('Ctrl Pts',(21.2153093668475,7.44170111414561,-4.588));
#10088=CARTESIAN_POINT('Ctrl Pts',(22.116996777472,8.62297780935799,-4.588));
#10089=CARTESIAN_POINT('Ctrl Pts',(21.8814157995417,8.89278885781852,-4.588));
#10090=CARTESIAN_POINT('Ctrl Pts',(20.7731449388131,7.94812133309639,-4.588));
#10091=CARTESIAN_POINT('',(20.7731449388131,7.94812133309639,-6.588));
#10092=CARTESIAN_POINT('Ctrl Pts',(20.7731449388131,7.94812133309639,-6.588));
#10093=CARTESIAN_POINT('Ctrl Pts',(21.8814157995417,8.89278885781852,-6.588));
#10094=CARTESIAN_POINT('Ctrl Pts',(22.116996777472,8.62297780935799,-6.588));
#10095=CARTESIAN_POINT('Ctrl Pts',(21.2153093668475,7.44170111414561,-6.588));
#10096=CARTESIAN_POINT('',(20.7731449388131,7.94812133309639,-4.588));
#10097=CARTESIAN_POINT('Ctrl Pts',(15.68544417845,5.76650901961918,-4.588));
#10098=CARTESIAN_POINT('Ctrl Pts',(15.68544417845,5.76650901961918,-6.988));
#10099=CARTESIAN_POINT('Ctrl Pts',(15.9689672361926,5.31929520868886,-4.588));
#10100=CARTESIAN_POINT('Ctrl Pts',(15.9689672361926,5.31929520868886,-6.988));
#10101=CARTESIAN_POINT('Ctrl Pts',(19.4303379436059,6.80353487765707,-4.588));
#10102=CARTESIAN_POINT('Ctrl Pts',(19.4303379436059,6.80353487765707,-6.988));
#10103=CARTESIAN_POINT('Ctrl Pts',(20.7731449388131,7.94812133309639,-4.588));
#10104=CARTESIAN_POINT('Ctrl Pts',(20.7731449388131,7.94812133309639,-6.988));
#10105=CARTESIAN_POINT('',(15.68544417845,5.76650901961918,-4.588));
#10106=CARTESIAN_POINT('Ctrl Pts',(20.7731449388131,7.94812133309639,-4.588));
#10107=CARTESIAN_POINT('Ctrl Pts',(19.4303379436059,6.80353487765707,-4.588));
#10108=CARTESIAN_POINT('Ctrl Pts',(15.9689672361926,5.31929520868886,-4.588));
#10109=CARTESIAN_POINT('Ctrl Pts',(15.68544417845,5.76650901961918,-4.588));
#10110=CARTESIAN_POINT('',(15.68544417845,5.76650901961918,-6.588));
#10111=CARTESIAN_POINT('Ctrl Pts',(15.68544417845,5.76650901961918,-6.588));
#10112=CARTESIAN_POINT('Ctrl Pts',(15.9689672361926,5.31929520868886,-6.588));
#10113=CARTESIAN_POINT('Ctrl Pts',(19.4303379436059,6.80353487765707,-6.588));
#10114=CARTESIAN_POINT('Ctrl Pts',(20.7731449388131,7.94812133309639,-6.588));
#10115=CARTESIAN_POINT('',(15.68544417845,5.76650901961918,-4.588));
#10116=CARTESIAN_POINT('Ctrl Pts',(17.0425251505328,7.16670331293295,-4.588));
#10117=CARTESIAN_POINT('Ctrl Pts',(17.0425251505328,7.16670331293295,-6.988));
#10118=CARTESIAN_POINT('Ctrl Pts',(15.6270703150125,6.45919443812586,-4.588));
#10119=CARTESIAN_POINT('Ctrl Pts',(15.6270703150125,6.45919443812586,-6.988));
#10120=CARTESIAN_POINT('Ctrl Pts',(15.3968759005343,6.22168611948596,-4.588));
#10121=CARTESIAN_POINT('Ctrl Pts',(15.3968759005343,6.22168611948596,-6.988));
#10122=CARTESIAN_POINT('Ctrl Pts',(15.68544417845,5.76650901961918,-4.588));
#10123=CARTESIAN_POINT('Ctrl Pts',(15.68544417845,5.76650901961918,-6.988));
#10124=CARTESIAN_POINT('',(17.0425251505328,7.16670331293295,-4.588));
#10125=CARTESIAN_POINT('Ctrl Pts',(15.68544417845,5.76650901961918,-4.588));
#10126=CARTESIAN_POINT('Ctrl Pts',(15.3968759005343,6.22168611948596,-4.588));
#10127=CARTESIAN_POINT('Ctrl Pts',(15.6270703150125,6.45919443812586,-4.588));
#10128=CARTESIAN_POINT('Ctrl Pts',(17.0425251505328,7.16670331293295,-4.588));
#10129=CARTESIAN_POINT('',(17.0425251505328,7.16670331293295,-6.588));
#10130=CARTESIAN_POINT('Ctrl Pts',(17.0425251505328,7.16670331293295,-6.588));
#10131=CARTESIAN_POINT('Ctrl Pts',(15.6270703150125,6.45919443812586,-6.588));
#10132=CARTESIAN_POINT('Ctrl Pts',(15.3968759005343,6.22168611948596,-6.588));
#10133=CARTESIAN_POINT('Ctrl Pts',(15.68544417845,5.76650901961918,-6.588));
#10134=CARTESIAN_POINT('',(17.0425251505328,7.16670331293295,-4.588));
#10135=CARTESIAN_POINT('Ctrl Pts',(19.5221759365573,9.40757614982852,-4.588));
#10136=CARTESIAN_POINT('Ctrl Pts',(19.5221759365573,9.40757614982852,-6.988));
#10137=CARTESIAN_POINT('Ctrl Pts',(19.5221759365573,8.94163008578056,-4.588));
#10138=CARTESIAN_POINT('Ctrl Pts',(19.5221759365573,8.94163008578056,-6.988));
#10139=CARTESIAN_POINT('Ctrl Pts',(18.1962571082164,7.74339029468943,-4.588));
#10140=CARTESIAN_POINT('Ctrl Pts',(18.1962571082164,7.74339029468943,-6.988));
#10141=CARTESIAN_POINT('Ctrl Pts',(17.0425251505328,7.16670331293295,-4.588));
#10142=CARTESIAN_POINT('Ctrl Pts',(17.0425251505328,7.16670331293295,-6.988));
#10143=CARTESIAN_POINT('',(19.5221759365573,9.40757614982852,-4.588));
#10144=CARTESIAN_POINT('Ctrl Pts',(17.0425251505328,7.16670331293295,-4.588));
#10145=CARTESIAN_POINT('Ctrl Pts',(18.1962571082164,7.74339029468943,-4.588));
#10146=CARTESIAN_POINT('Ctrl Pts',(19.5221759365573,8.94163008578056,-4.588));
#10147=CARTESIAN_POINT('Ctrl Pts',(19.5221759365573,9.40757614982852,-4.588));
#10148=CARTESIAN_POINT('',(19.5221759365573,9.40757614982852,-6.588));
#10149=CARTESIAN_POINT('Ctrl Pts',(19.5221759365573,9.40757614982852,-6.588));
#10150=CARTESIAN_POINT('Ctrl Pts',(19.5221759365573,8.94163008578056,-6.588));
#10151=CARTESIAN_POINT('Ctrl Pts',(18.1962571082164,7.74339029468943,-6.588));
#10152=CARTESIAN_POINT('Ctrl Pts',(17.0425251505328,7.16670331293295,-6.588));
#10153=CARTESIAN_POINT('',(19.5221759365573,9.40757614982852,-4.588));
#10154=CARTESIAN_POINT('Ctrl Pts',(18.5595296115652,9.06395586136161,-4.588));
#10155=CARTESIAN_POINT('Ctrl Pts',(18.5595296115652,9.06395586136161,-6.988));
#10156=CARTESIAN_POINT('Ctrl Pts',(19.5160650593181,9.74762065931142,-4.588));
#10157=CARTESIAN_POINT('Ctrl Pts',(19.5160650593181,9.74762065931142,-6.988));
#10158=CARTESIAN_POINT('Ctrl Pts',(19.5221759365573,9.74979776339597,-4.588));
#10159=CARTESIAN_POINT('Ctrl Pts',(19.5221759365573,9.74979776339597,-6.988));
#10160=CARTESIAN_POINT('Ctrl Pts',(19.5221759365573,9.40757614982852,-4.588));
#10161=CARTESIAN_POINT('Ctrl Pts',(19.5221759365573,9.40757614982852,-6.988));
#10162=CARTESIAN_POINT('',(18.5595296115652,9.06395586136161,-4.588));
#10163=CARTESIAN_POINT('Ctrl Pts',(19.5221759365573,9.40757614982852,-4.588));
#10164=CARTESIAN_POINT('Ctrl Pts',(19.5221759365573,9.74979776339597,-4.588));
#10165=CARTESIAN_POINT('Ctrl Pts',(19.5160650593181,9.74762065931142,-4.588));
#10166=CARTESIAN_POINT('Ctrl Pts',(18.5595296115652,9.06395586136161,-4.588));
#10167=CARTESIAN_POINT('',(18.5595296115652,9.06395586136161,-6.588));
#10168=CARTESIAN_POINT('Ctrl Pts',(18.5595296115652,9.06395586136161,-6.588));
#10169=CARTESIAN_POINT('Ctrl Pts',(19.5160650593181,9.74762065931142,-6.588));
#10170=CARTESIAN_POINT('Ctrl Pts',(19.5221759365573,9.74979776339597,-6.588));
#10171=CARTESIAN_POINT('Ctrl Pts',(19.5221759365573,9.40757614982852,-6.588));
#10172=CARTESIAN_POINT('',(18.5595296115652,9.06395586136161,-4.588));
#10173=CARTESIAN_POINT('Ctrl Pts',(15.4517738903377,7.6933335516362,-4.588));
#10174=CARTESIAN_POINT('Ctrl Pts',(15.4517738903377,7.6933335516362,-6.988));
#10175=CARTESIAN_POINT('Ctrl Pts',(16.2002730976891,7.79592802060001,-4.588));
#10176=CARTESIAN_POINT('Ctrl Pts',(16.2002730976891,7.79592802060001,-6.988));
#10177=CARTESIAN_POINT('Ctrl Pts',(17.7282338454339,8.46980625697658,-4.588));
#10178=CARTESIAN_POINT('Ctrl Pts',(17.7282338454339,8.46980625697658,-6.988));
#10179=CARTESIAN_POINT('Ctrl Pts',(18.5595296115652,9.06395586136161,-4.588));
#10180=CARTESIAN_POINT('Ctrl Pts',(18.5595296115652,9.06395586136161,-6.988));
#10181=CARTESIAN_POINT('',(15.4517738903377,7.6933335516362,-4.588));
#10182=CARTESIAN_POINT('Ctrl Pts',(18.5595296115652,9.06395586136161,-4.588));
#10183=CARTESIAN_POINT('Ctrl Pts',(17.7282338454339,8.46980625697658,-4.588));
#10184=CARTESIAN_POINT('Ctrl Pts',(16.2002730976891,7.79592802060001,-4.588));
#10185=CARTESIAN_POINT('Ctrl Pts',(15.4517738903377,7.6933335516362,-4.588));
#10186=CARTESIAN_POINT('',(15.4517738903377,7.6933335516362,-6.588));
#10187=CARTESIAN_POINT('Ctrl Pts',(15.4517738903377,7.6933335516362,-6.588));
#10188=CARTESIAN_POINT('Ctrl Pts',(16.2002730976891,7.79592802060001,-6.588));
#10189=CARTESIAN_POINT('Ctrl Pts',(17.7282338454339,8.46980625697658,-6.588));
#10190=CARTESIAN_POINT('Ctrl Pts',(18.5595296115652,9.06395586136161,-6.588));
#10191=CARTESIAN_POINT('',(15.4517738903377,7.6933335516362,-4.588));
#10192=CARTESIAN_POINT('Origin',(14.8448405638806,7.61014153417935,-4.588));
#10193=CARTESIAN_POINT('',(14.8448405638806,7.61014153417935,-4.588));
#10194=CARTESIAN_POINT('',(15.4517738903377,7.6933335516362,-4.588));
#10195=CARTESIAN_POINT('',(14.8448405638806,7.61014153417935,-6.588));
#10196=CARTESIAN_POINT('',(15.4517738903377,7.6933335516362,-6.588));
#10197=CARTESIAN_POINT('',(14.8448405638806,7.61014153417935,-4.588));
#10198=CARTESIAN_POINT('Origin',(15.1679344656535,8.04715251124493,-4.588));
#10199=CARTESIAN_POINT('',(15.1679344656535,8.04715251124493,-4.588));
#10200=CARTESIAN_POINT('',(14.8448405638806,7.61014153417935,-4.588));
#10201=CARTESIAN_POINT('',(15.1679344656535,8.04715251124493,-6.588));
#10202=CARTESIAN_POINT('',(14.8448405638806,7.61014153417935,-6.588));
#10203=CARTESIAN_POINT('',(15.1679344656535,8.04715251124493,-4.588));
#10204=CARTESIAN_POINT('Ctrl Pts',(16.5534343470773,9.30603068703929,-4.588));
#10205=CARTESIAN_POINT('Ctrl Pts',(16.5534343470773,9.30603068703929,-6.988));
#10206=CARTESIAN_POINT('Ctrl Pts',(15.9691129314946,8.85400060569628,-4.588));
#10207=CARTESIAN_POINT('Ctrl Pts',(15.9691129314946,8.85400060569628,-6.988));
#10208=CARTESIAN_POINT('Ctrl Pts',(15.3456369441732,8.28750813235871,-4.588));
#10209=CARTESIAN_POINT('Ctrl Pts',(15.3456369441732,8.28750813235871,-6.988));
#10210=CARTESIAN_POINT('Ctrl Pts',(15.1679344656535,8.04715251124493,-4.588));
#10211=CARTESIAN_POINT('Ctrl Pts',(15.1679344656535,8.04715251124493,-6.988));
#10212=CARTESIAN_POINT('',(16.5534343470773,9.30603068703929,-4.588));
#10213=CARTESIAN_POINT('Ctrl Pts',(15.1679344656535,8.04715251124493,-4.588));
#10214=CARTESIAN_POINT('Ctrl Pts',(15.3456369441732,8.28750813235871,-4.588));
#10215=CARTESIAN_POINT('Ctrl Pts',(15.9691129314946,8.85400060569628,-4.588));
#10216=CARTESIAN_POINT('Ctrl Pts',(16.5534343470773,9.30603068703929,-4.588));
#10217=CARTESIAN_POINT('',(16.5534343470773,9.30603068703929,-6.588));
#10218=CARTESIAN_POINT('Ctrl Pts',(16.5534343470773,9.30603068703929,-6.588));
#10219=CARTESIAN_POINT('Ctrl Pts',(15.9691129314946,8.85400060569628,-6.588));
#10220=CARTESIAN_POINT('Ctrl Pts',(15.3456369441732,8.28750813235871,-6.588));
#10221=CARTESIAN_POINT('Ctrl Pts',(15.1679344656535,8.04715251124493,-6.588));
#10222=CARTESIAN_POINT('',(16.5534343470773,9.30603068703929,-4.588));
#10223=CARTESIAN_POINT('Ctrl Pts',(18.0217307872809,11.2605872791162,-4.588));
#10224=CARTESIAN_POINT('Ctrl Pts',(18.0217307872809,11.2605872791162,-6.988));
#10225=CARTESIAN_POINT('Ctrl Pts',(18.0217307872809,10.6522094878077,-4.588));
#10226=CARTESIAN_POINT('Ctrl Pts',(18.0217307872809,10.6522094878077,-6.988));
#10227=CARTESIAN_POINT('Ctrl Pts',(17.6445339757814,10.1500976870739,-4.588));
#10228=CARTESIAN_POINT('Ctrl Pts',(17.6445339757814,10.1500976870739,-6.988));
#10229=CARTESIAN_POINT('Ctrl Pts',(16.5534343470773,9.30603068703929,-4.588));
#10230=CARTESIAN_POINT('Ctrl Pts',(16.5534343470773,9.30603068703929,-6.988));
#10231=CARTESIAN_POINT('',(18.0217307872809,11.2605872791162,-4.588));
#10232=CARTESIAN_POINT('Ctrl Pts',(16.5534343470773,9.30603068703929,-4.588));
#10233=CARTESIAN_POINT('Ctrl Pts',(17.6445339757814,10.1500976870739,-4.588));
#10234=CARTESIAN_POINT('Ctrl Pts',(18.0217307872809,10.6522094878077,-4.588));
#10235=CARTESIAN_POINT('Ctrl Pts',(18.0217307872809,11.2605872791162,-4.588));
#10236=CARTESIAN_POINT('',(18.0217307872809,11.2605872791162,-6.588));
#10237=CARTESIAN_POINT('Ctrl Pts',(18.0217307872809,11.2605872791162,-6.588));
#10238=CARTESIAN_POINT('Ctrl Pts',(18.0217307872809,10.6522094878077,-6.588));
#10239=CARTESIAN_POINT('Ctrl Pts',(17.6445339757814,10.1500976870739,-6.588));
#10240=CARTESIAN_POINT('Ctrl Pts',(16.5534343470773,9.30603068703929,-6.588));
#10241=CARTESIAN_POINT('',(18.0217307872809,11.2605872791162,-4.588));
#10242=CARTESIAN_POINT('Ctrl Pts',(17.3889094870153,11.1153207375505,-4.588));
#10243=CARTESIAN_POINT('Ctrl Pts',(17.3889094870153,11.1153207375505,-6.988));
#10244=CARTESIAN_POINT('Ctrl Pts',(17.8493399432008,11.6970945667091,-4.588));
#10245=CARTESIAN_POINT('Ctrl Pts',(17.8493399432008,11.6970945667091,-6.988));
#10246=CARTESIAN_POINT('Ctrl Pts',(18.0217307872809,11.7366695734623,-4.588));
#10247=CARTESIAN_POINT('Ctrl Pts',(18.0217307872809,11.7366695734623,-6.988));
#10248=CARTESIAN_POINT('Ctrl Pts',(18.0217307872809,11.2605872791162,-4.588));
#10249=CARTESIAN_POINT('Ctrl Pts',(18.0217307872809,11.2605872791162,-6.988));
#10250=CARTESIAN_POINT('',(17.3889094870153,11.1153207375505,-4.588));
#10251=CARTESIAN_POINT('Ctrl Pts',(18.0217307872809,11.2605872791162,-4.588));
#10252=CARTESIAN_POINT('Ctrl Pts',(18.0217307872809,11.7366695734623,-4.588));
#10253=CARTESIAN_POINT('Ctrl Pts',(17.8493399432008,11.6970945667091,-4.588));
#10254=CARTESIAN_POINT('Ctrl Pts',(17.3889094870153,11.1153207375505,-4.588));
#10255=CARTESIAN_POINT('',(17.3889094870153,11.1153207375505,-6.588));
#10256=CARTESIAN_POINT('Ctrl Pts',(17.3889094870153,11.1153207375505,-6.588));
#10257=CARTESIAN_POINT('Ctrl Pts',(17.8493399432008,11.6970945667091,-6.588));
#10258=CARTESIAN_POINT('Ctrl Pts',(18.0217307872809,11.7366695734623,-6.588));
#10259=CARTESIAN_POINT('Ctrl Pts',(18.0217307872809,11.2605872791162,-6.588));
#10260=CARTESIAN_POINT('',(17.3889094870153,11.1153207375505,-4.588));
#10261=CARTESIAN_POINT('Ctrl Pts',(15.3863941642343,9.69871282778274,-4.588));
#10262=CARTESIAN_POINT('Ctrl Pts',(15.3863941642343,9.69871282778274,-6.988));
#10263=CARTESIAN_POINT('Ctrl Pts',(15.7003425637629,9.69871282778274,-4.588));
#10264=CARTESIAN_POINT('Ctrl Pts',(15.7003425637629,9.69871282778274,-6.988));
#10265=CARTESIAN_POINT('Ctrl Pts',(16.989554501439,10.6107154657906,-4.588));
#10266=CARTESIAN_POINT('Ctrl Pts',(16.989554501439,10.6107154657906,-6.988));
#10267=CARTESIAN_POINT('Ctrl Pts',(17.3889094870153,11.1153207375505,-4.588));
#10268=CARTESIAN_POINT('Ctrl Pts',(17.3889094870153,11.1153207375505,-6.988));
#10269=CARTESIAN_POINT('',(15.3863941642343,9.69871282778274,-4.588));
#10270=CARTESIAN_POINT('Ctrl Pts',(17.3889094870153,11.1153207375505,-4.588));
#10271=CARTESIAN_POINT('Ctrl Pts',(16.989554501439,10.6107154657906,-4.588));
#10272=CARTESIAN_POINT('Ctrl Pts',(15.7003425637629,9.69871282778274,-4.588));
#10273=CARTESIAN_POINT('Ctrl Pts',(15.3863941642343,9.69871282778274,-4.588));
#10274=CARTESIAN_POINT('',(15.3863941642343,9.69871282778274,-6.588));
#10275=CARTESIAN_POINT('Ctrl Pts',(15.3863941642343,9.69871282778274,-6.588));
#10276=CARTESIAN_POINT('Ctrl Pts',(15.7003425637629,9.69871282778274,-6.588));
#10277=CARTESIAN_POINT('Ctrl Pts',(16.989554501439,10.6107154657906,-6.588));
#10278=CARTESIAN_POINT('Ctrl Pts',(17.3889094870153,11.1153207375505,-6.588));
#10279=CARTESIAN_POINT('',(15.3863941642343,9.69871282778274,-4.588));
#10280=CARTESIAN_POINT('Ctrl Pts',(14.7485401319644,11.1683538274879,-4.588));
#10281=CARTESIAN_POINT('Ctrl Pts',(14.7485401319644,11.1683538274879,-6.988));
#10282=CARTESIAN_POINT('Ctrl Pts',(14.2606856572146,10.368199391484,-4.588));
#10283=CARTESIAN_POINT('Ctrl Pts',(14.2606856572146,10.368199391484,-6.988));
#10284=CARTESIAN_POINT('Ctrl Pts',(14.5512603675753,9.69871282778274,-4.588));
#10285=CARTESIAN_POINT('Ctrl Pts',(14.5512603675753,9.69871282778274,-6.988));
#10286=CARTESIAN_POINT('Ctrl Pts',(15.3863941642343,9.69871282778274,-4.588));
#10287=CARTESIAN_POINT('Ctrl Pts',(15.3863941642343,9.69871282778274,-6.988));
#10288=CARTESIAN_POINT('',(14.7485401319644,11.1683538274879,-4.588));
#10289=CARTESIAN_POINT('Ctrl Pts',(15.3863941642343,9.69871282778274,-4.588));
#10290=CARTESIAN_POINT('Ctrl Pts',(14.5512603675753,9.69871282778274,-4.588));
#10291=CARTESIAN_POINT('Ctrl Pts',(14.2606856572146,10.368199391484,-4.588));
#10292=CARTESIAN_POINT('Ctrl Pts',(14.7485401319644,11.1683538274879,-4.588));
#10293=CARTESIAN_POINT('',(14.7485401319644,11.1683538274879,-6.588));
#10294=CARTESIAN_POINT('Ctrl Pts',(14.7485401319644,11.1683538274879,-6.588));
#10295=CARTESIAN_POINT('Ctrl Pts',(14.2606856572146,10.368199391484,-6.588));
#10296=CARTESIAN_POINT('Ctrl Pts',(14.5512603675753,9.69871282778274,-6.588));
#10297=CARTESIAN_POINT('Ctrl Pts',(15.3863941642343,9.69871282778274,-6.588));
#10298=CARTESIAN_POINT('',(14.7485401319644,11.1683538274879,-4.588));
#10299=CARTESIAN_POINT('Ctrl Pts',(15.0208363260052,11.8120731363451,-4.588));
#10300=CARTESIAN_POINT('Ctrl Pts',(15.0208363260052,11.8120731363451,-6.988));
#10301=CARTESIAN_POINT('Ctrl Pts',(15.0208363260052,11.703663343469,-4.588));
#10302=CARTESIAN_POINT('Ctrl Pts',(15.0208363260052,11.703663343469,-6.988));
#10303=CARTESIAN_POINT('Ctrl Pts',(14.8983024142784,11.4139919439809,-4.588));
#10304=CARTESIAN_POINT('Ctrl Pts',(14.8983024142784,11.4139919439809,-6.988));
#10305=CARTESIAN_POINT('Ctrl Pts',(14.7485401319644,11.1683538274879,-4.588));
#10306=CARTESIAN_POINT('Ctrl Pts',(14.7485401319644,11.1683538274879,-6.988));
#10307=CARTESIAN_POINT('',(15.0208363260052,11.8120731363451,-4.588));
#10308=CARTESIAN_POINT('Ctrl Pts',(14.7485401319644,11.1683538274879,-4.588));
#10309=CARTESIAN_POINT('Ctrl Pts',(14.8983024142784,11.4139919439809,-4.588));
#10310=CARTESIAN_POINT('Ctrl Pts',(15.0208363260052,11.703663343469,-4.588));
#10311=CARTESIAN_POINT('Ctrl Pts',(15.0208363260052,11.8120731363451,-4.588));
#10312=CARTESIAN_POINT('',(15.0208363260052,11.8120731363451,-6.588));
#10313=CARTESIAN_POINT('Ctrl Pts',(15.0208363260052,11.8120731363451,-6.588));
#10314=CARTESIAN_POINT('Ctrl Pts',(15.0208363260052,11.703663343469,-6.588));
#10315=CARTESIAN_POINT('Ctrl Pts',(14.8983024142784,11.4139919439809,-6.588));
#10316=CARTESIAN_POINT('Ctrl Pts',(14.7485401319644,11.1683538274879,-6.588));
#10317=CARTESIAN_POINT('',(15.0208363260052,11.8120731363451,-4.588));
#10318=CARTESIAN_POINT('Ctrl Pts',(15.2998719684454,12.5445208841362,-4.588));
#10319=CARTESIAN_POINT('Ctrl Pts',(15.2998719684454,12.5445208841362,-6.988));
#10320=CARTESIAN_POINT('Ctrl Pts',(15.1464007000141,12.2500873296332,-4.588));
#10321=CARTESIAN_POINT('Ctrl Pts',(15.1464007000141,12.2500873296332,-6.988));
#10322=CARTESIAN_POINT('Ctrl Pts',(15.0208363260052,11.9204829292212,-4.588));
#10323=CARTESIAN_POINT('Ctrl Pts',(15.0208363260052,11.9204829292212,-6.988));
#10324=CARTESIAN_POINT('Ctrl Pts',(15.0208363260052,11.8120731363451,-4.588));
#10325=CARTESIAN_POINT('Ctrl Pts',(15.0208363260052,11.8120731363451,-6.988));
#10326=CARTESIAN_POINT('',(15.2998719684454,12.5445208841362,-4.588));
#10327=CARTESIAN_POINT('Ctrl Pts',(15.0208363260052,11.8120731363451,-4.588));
#10328=CARTESIAN_POINT('Ctrl Pts',(15.0208363260052,11.9204829292212,-4.588));
#10329=CARTESIAN_POINT('Ctrl Pts',(15.1464007000141,12.2500873296332,-4.588));
#10330=CARTESIAN_POINT('Ctrl Pts',(15.2998719684454,12.5445208841362,-4.588));
#10331=CARTESIAN_POINT('',(15.2998719684454,12.5445208841362,-6.588));
#10332=CARTESIAN_POINT('Ctrl Pts',(15.2998719684454,12.5445208841362,-6.588));
#10333=CARTESIAN_POINT('Ctrl Pts',(15.1464007000141,12.2500873296332,-6.588));
#10334=CARTESIAN_POINT('Ctrl Pts',(15.0208363260052,11.9204829292212,-6.588));
#10335=CARTESIAN_POINT('Ctrl Pts',(15.0208363260052,11.8120731363451,-6.588));
#10336=CARTESIAN_POINT('',(15.2998719684454,12.5445208841362,-4.588));
#10337=CARTESIAN_POINT('Ctrl Pts',(15.0753596707462,13.4663641991152,-4.588));
#10338=CARTESIAN_POINT('Ctrl Pts',(15.0753596707462,13.4663641991152,-6.988));
#10339=CARTESIAN_POINT('Ctrl Pts',(15.7275584461813,14.6225438378729,-4.588));
#10340=CARTESIAN_POINT('Ctrl Pts',(15.7275584461813,14.6225438378729,-6.988));
#10341=CARTESIAN_POINT('Ctrl Pts',(15.9362856985867,13.7655099559579,-4.588));
#10342=CARTESIAN_POINT('Ctrl Pts',(15.9362856985867,13.7655099559579,-6.988));
#10343=CARTESIAN_POINT('Ctrl Pts',(15.2998719684454,12.5445208841362,-4.588));
#10344=CARTESIAN_POINT('Ctrl Pts',(15.2998719684454,12.5445208841362,-6.988));
#10345=CARTESIAN_POINT('',(15.0753596707462,13.4663641991152,-4.588));
#10346=CARTESIAN_POINT('Ctrl Pts',(15.2998719684454,12.5445208841362,-4.588));
#10347=CARTESIAN_POINT('Ctrl Pts',(15.9362856985867,13.7655099559579,-4.588));
#10348=CARTESIAN_POINT('Ctrl Pts',(15.7275584461813,14.6225438378729,-4.588));
#10349=CARTESIAN_POINT('Ctrl Pts',(15.0753596707462,13.4663641991152,-4.588));
#10350=CARTESIAN_POINT('',(15.0753596707462,13.4663641991152,-6.588));
#10351=CARTESIAN_POINT('Ctrl Pts',(15.0753596707462,13.4663641991152,-6.588));
#10352=CARTESIAN_POINT('Ctrl Pts',(15.7275584461813,14.6225438378729,-6.588));
#10353=CARTESIAN_POINT('Ctrl Pts',(15.9362856985867,13.7655099559579,-6.588));
#10354=CARTESIAN_POINT('Ctrl Pts',(15.2998719684454,12.5445208841362,-6.588));
#10355=CARTESIAN_POINT('',(15.0753596707462,13.4663641991152,-4.588));
#10356=CARTESIAN_POINT('Ctrl Pts',(13.9626929746193,12.5038552439792,-4.588));
#10357=CARTESIAN_POINT('Ctrl Pts',(13.9626929746193,12.5038552439792,-6.988));
#10358=CARTESIAN_POINT('Ctrl Pts',(14.4624653250748,12.6598116579908,-4.588));
#10359=CARTESIAN_POINT('Ctrl Pts',(14.4624653250748,12.6598116579908,-6.988));
#10360=CARTESIAN_POINT('Ctrl Pts',(14.7708814658493,12.9266047323379,-4.588));
#10361=CARTESIAN_POINT('Ctrl Pts',(14.7708814658493,12.9266047323379,-6.988));
#10362=CARTESIAN_POINT('Ctrl Pts',(15.0753596707462,13.4663641991152,-4.588));
#10363=CARTESIAN_POINT('Ctrl Pts',(15.0753596707462,13.4663641991152,-6.988));
#10364=CARTESIAN_POINT('',(13.9626929746193,12.5038552439792,-4.588));
#10365=CARTESIAN_POINT('Ctrl Pts',(15.0753596707462,13.4663641991152,-4.588));
#10366=CARTESIAN_POINT('Ctrl Pts',(14.7708814658493,12.9266047323379,-4.588));
#10367=CARTESIAN_POINT('Ctrl Pts',(14.4624653250748,12.6598116579908,-4.588));
#10368=CARTESIAN_POINT('Ctrl Pts',(13.9626929746193,12.5038552439792,-4.588));
#10369=CARTESIAN_POINT('',(13.9626929746193,12.5038552439792,-6.588));
#10370=CARTESIAN_POINT('Ctrl Pts',(13.9626929746193,12.5038552439792,-6.588));
#10371=CARTESIAN_POINT('Ctrl Pts',(14.4624653250748,12.6598116579908,-6.588));
#10372=CARTESIAN_POINT('Ctrl Pts',(14.7708814658493,12.9266047323379,-6.588));
#10373=CARTESIAN_POINT('Ctrl Pts',(15.0753596707462,13.4663641991152,-6.588));
#10374=CARTESIAN_POINT('',(13.9626929746193,12.5038552439792,-4.588));
#10375=CARTESIAN_POINT('Origin',(13.6547721978717,12.4077671109316,-4.588));
#10376=CARTESIAN_POINT('',(13.6547721978717,12.4077671109316,-4.588));
#10377=CARTESIAN_POINT('',(13.9626929746193,12.5038552439792,-4.588));
#10378=CARTESIAN_POINT('',(13.6547721978717,12.4077671109316,-6.588));
#10379=CARTESIAN_POINT('',(13.9626929746193,12.5038552439792,-6.588));
#10380=CARTESIAN_POINT('',(13.6547721978717,12.4077671109316,-4.588));
#10381=CARTESIAN_POINT('Origin',(13.9232428495536,12.8627860273276,-4.588));
#10382=CARTESIAN_POINT('',(13.9232428495536,12.8627860273276,-4.588));
#10383=CARTESIAN_POINT('',(13.6547721978717,12.4077671109316,-4.588));
#10384=CARTESIAN_POINT('',(13.9232428495536,12.8627860273276,-6.588));
#10385=CARTESIAN_POINT('',(13.6547721978717,12.4077671109316,-6.588));
#10386=CARTESIAN_POINT('',(13.9232428495536,12.8627860273276,-4.588));
#10387=CARTESIAN_POINT('Ctrl Pts',(14.3049728663076,16.0772822895423,-4.588));
#10388=CARTESIAN_POINT('Ctrl Pts',(14.3049728663076,16.0772822895423,-6.988));
#10389=CARTESIAN_POINT('Ctrl Pts',(14.7297995534009,15.5500817577997,-4.588));
#10390=CARTESIAN_POINT('Ctrl Pts',(14.7297995534009,15.5500817577997,-6.988));
#10391=CARTESIAN_POINT('Ctrl Pts',(14.5335021916198,13.8971019527478,-4.588));
#10392=CARTESIAN_POINT('Ctrl Pts',(14.5335021916198,13.8971019527478,-6.988));
#10393=CARTESIAN_POINT('Ctrl Pts',(13.9232428495536,12.8627860273276,-4.588));
#10394=CARTESIAN_POINT('Ctrl Pts',(13.9232428495536,12.8627860273276,-6.988));
#10395=CARTESIAN_POINT('',(14.3049728663076,16.0772822895423,-4.588));
#10396=CARTESIAN_POINT('Ctrl Pts',(13.9232428495536,12.8627860273276,-4.588));
#10397=CARTESIAN_POINT('Ctrl Pts',(14.5335021916198,13.8971019527478,-4.588));
#10398=CARTESIAN_POINT('Ctrl Pts',(14.7297995534009,15.5500817577997,-4.588));
#10399=CARTESIAN_POINT('Ctrl Pts',(14.3049728663076,16.0772822895423,-4.588));
#10400=CARTESIAN_POINT('',(14.3049728663076,16.0772822895423,-6.588));
#10401=CARTESIAN_POINT('Ctrl Pts',(14.3049728663076,16.0772822895423,-6.588));
#10402=CARTESIAN_POINT('Ctrl Pts',(14.7297995534009,15.5500817577997,-6.588));
#10403=CARTESIAN_POINT('Ctrl Pts',(14.5335021916198,13.8971019527478,-6.588));
#10404=CARTESIAN_POINT('Ctrl Pts',(13.9232428495536,12.8627860273276,-6.588));
#10405=CARTESIAN_POINT('',(14.3049728663076,16.0772822895423,-4.588));
#10406=CARTESIAN_POINT('Ctrl Pts',(13.793203548411,15.4724053482052,-4.588));
#10407=CARTESIAN_POINT('Ctrl Pts',(13.793203548411,15.4724053482052,-6.988));
#10408=CARTESIAN_POINT('Ctrl Pts',(13.793203548411,16.010374844129,-4.588));
#10409=CARTESIAN_POINT('Ctrl Pts',(13.793203548411,16.010374844129,-6.988));
#10410=CARTESIAN_POINT('Ctrl Pts',(14.0829373887429,16.3528212447339,-4.588));
#10411=CARTESIAN_POINT('Ctrl Pts',(14.0829373887429,16.3528212447339,-6.988));
#10412=CARTESIAN_POINT('Ctrl Pts',(14.3049728663076,16.0772822895423,-4.588));
#10413=CARTESIAN_POINT('Ctrl Pts',(14.3049728663076,16.0772822895423,-6.988));
#10414=CARTESIAN_POINT('',(13.793203548411,15.4724053482052,-4.588));
#10415=CARTESIAN_POINT('Ctrl Pts',(14.3049728663076,16.0772822895423,-4.588));
#10416=CARTESIAN_POINT('Ctrl Pts',(14.0829373887429,16.3528212447339,-4.588));
#10417=CARTESIAN_POINT('Ctrl Pts',(13.793203548411,16.010374844129,-4.588));
#10418=CARTESIAN_POINT('Ctrl Pts',(13.793203548411,15.4724053482052,-4.588));
#10419=CARTESIAN_POINT('',(13.793203548411,15.4724053482052,-6.588));
#10420=CARTESIAN_POINT('Ctrl Pts',(13.793203548411,15.4724053482052,-6.588));
#10421=CARTESIAN_POINT('Ctrl Pts',(13.793203548411,16.010374844129,-6.588));
#10422=CARTESIAN_POINT('Ctrl Pts',(14.0829373887429,16.3528212447339,-6.588));
#10423=CARTESIAN_POINT('Ctrl Pts',(14.3049728663076,16.0772822895423,-6.588));
#10424=CARTESIAN_POINT('',(13.793203548411,15.4724053482052,-4.588));
#10425=CARTESIAN_POINT('Ctrl Pts',(12.8786533239791,13.6414816267046,-4.588));
#10426=CARTESIAN_POINT('Ctrl Pts',(12.8786533239791,13.6414816267046,-6.988));
#10427=CARTESIAN_POINT('Ctrl Pts',(13.5202912713788,14.3516962714065,-4.588));
#10428=CARTESIAN_POINT('Ctrl Pts',(13.5202912713788,14.3516962714065,-6.988));
#10429=CARTESIAN_POINT('Ctrl Pts',(13.793203548411,14.8980661421728,-4.588));
#10430=CARTESIAN_POINT('Ctrl Pts',(13.793203548411,14.8980661421728,-6.988));
#10431=CARTESIAN_POINT('Ctrl Pts',(13.793203548411,15.4724053482052,-4.588));
#10432=CARTESIAN_POINT('Ctrl Pts',(13.793203548411,15.4724053482052,-6.988));
#10433=CARTESIAN_POINT('',(12.8786533239791,13.6414816267046,-4.588));
#10434=CARTESIAN_POINT('Ctrl Pts',(13.793203548411,15.4724053482052,-4.588));
#10435=CARTESIAN_POINT('Ctrl Pts',(13.793203548411,14.8980661421728,-4.588));
#10436=CARTESIAN_POINT('Ctrl Pts',(13.5202912713788,14.3516962714065,-4.588));
#10437=CARTESIAN_POINT('Ctrl Pts',(12.8786533239791,13.6414816267046,-4.588));
#10438=CARTESIAN_POINT('',(12.8786533239791,13.6414816267046,-6.588));
#10439=CARTESIAN_POINT('Ctrl Pts',(12.8786533239791,13.6414816267046,-6.588));
#10440=CARTESIAN_POINT('Ctrl Pts',(13.5202912713788,14.3516962714065,-6.588));
#10441=CARTESIAN_POINT('Ctrl Pts',(13.793203548411,14.8980661421728,-6.588));
#10442=CARTESIAN_POINT('Ctrl Pts',(13.793203548411,15.4724053482052,-6.588));
#10443=CARTESIAN_POINT('',(12.8786533239791,13.6414816267046,-4.588));
#10444=CARTESIAN_POINT('Origin',(12.3887507895552,13.0992162007325,-4.588));
#10445=CARTESIAN_POINT('',(12.3887507895552,13.0992162007325,-4.588));
#10446=CARTESIAN_POINT('',(12.8786533239791,13.6414816267046,-4.588));
#10447=CARTESIAN_POINT('',(12.3887507895552,13.0992162007325,-6.588));
#10448=CARTESIAN_POINT('',(12.8786533239791,13.6414816267046,-6.588));
#10449=CARTESIAN_POINT('',(12.3887507895552,13.0992162007325,-4.588));
#10450=CARTESIAN_POINT('Origin',(12.0775789262109,13.3915475801634,-4.588));
#10451=CARTESIAN_POINT('',(12.0775789262109,13.3915475801634,-4.588));
#10452=CARTESIAN_POINT('',(12.3887507895552,13.0992162007325,-4.588));
#10453=CARTESIAN_POINT('',(12.0775789262109,13.3915475801634,-6.588));
#10454=CARTESIAN_POINT('',(12.3887507895552,13.0992162007325,-6.588));
#10455=CARTESIAN_POINT('',(12.0775789262109,13.3915475801634,-4.588));
#10456=CARTESIAN_POINT('Ctrl Pts',(11.8839457070954,13.9760604810001,-4.588));
#10457=CARTESIAN_POINT('Ctrl Pts',(11.8839457070954,13.9760604810001,-6.988));
#10458=CARTESIAN_POINT('Ctrl Pts',(11.7936187825622,13.7515190442405,-4.588));
#10459=CARTESIAN_POINT('Ctrl Pts',(11.7936187825622,13.7515190442405,-6.988));
#10460=CARTESIAN_POINT('Ctrl Pts',(11.8384429829112,13.6162014104417,-4.588));
#10461=CARTESIAN_POINT('Ctrl Pts',(11.8384429829112,13.6162014104417,-6.988));
#10462=CARTESIAN_POINT('Ctrl Pts',(12.0775789262109,13.3915475801634,-4.588));
#10463=CARTESIAN_POINT('Ctrl Pts',(12.0775789262109,13.3915475801634,-6.988));
#10464=CARTESIAN_POINT('',(11.8839457070954,13.9760604810001,-4.588));
#10465=CARTESIAN_POINT('Ctrl Pts',(12.0775789262109,13.3915475801634,-4.588));
#10466=CARTESIAN_POINT('Ctrl Pts',(11.8384429829112,13.6162014104417,-4.588));
#10467=CARTESIAN_POINT('Ctrl Pts',(11.7936187825622,13.7515190442405,-4.588));
#10468=CARTESIAN_POINT('Ctrl Pts',(11.8839457070954,13.9760604810001,-4.588));
#10469=CARTESIAN_POINT('',(11.8839457070954,13.9760604810001,-6.588));
#10470=CARTESIAN_POINT('Ctrl Pts',(11.8839457070954,13.9760604810001,-6.588));
#10471=CARTESIAN_POINT('Ctrl Pts',(11.7936187825622,13.7515190442405,-6.588));
#10472=CARTESIAN_POINT('Ctrl Pts',(11.8384429829112,13.6162014104417,-6.588));
#10473=CARTESIAN_POINT('Ctrl Pts',(12.0775789262109,13.3915475801634,-6.588));
#10474=CARTESIAN_POINT('',(11.8839457070954,13.9760604810001,-4.588));
#10475=CARTESIAN_POINT('Ctrl Pts',(12.2301177447092,17.5818443717816,-4.588));
#10476=CARTESIAN_POINT('Ctrl Pts',(12.2301177447092,17.5818443717816,-6.988));
#10477=CARTESIAN_POINT('Ctrl Pts',(12.5852771010966,17.2266891781172,-4.588));
#10478=CARTESIAN_POINT('Ctrl Pts',(12.5852771010966,17.2266891781172,-6.988));
#10479=CARTESIAN_POINT('Ctrl Pts',(12.3952154982422,15.2470272041397,-4.588));
#10480=CARTESIAN_POINT('Ctrl Pts',(12.3952154982422,15.2470272041397,-6.988));
#10481=CARTESIAN_POINT('Ctrl Pts',(11.8839457070954,13.9760604810001,-4.588));
#10482=CARTESIAN_POINT('Ctrl Pts',(11.8839457070954,13.9760604810001,-6.988));
#10483=CARTESIAN_POINT('',(12.2301177447092,17.5818443717816,-4.588));
#10484=CARTESIAN_POINT('Ctrl Pts',(11.8839457070954,13.9760604810001,-4.588));
#10485=CARTESIAN_POINT('Ctrl Pts',(12.3952154982422,15.2470272041397,-4.588));
#10486=CARTESIAN_POINT('Ctrl Pts',(12.5852771010966,17.2266891781172,-4.588));
#10487=CARTESIAN_POINT('Ctrl Pts',(12.2301177447092,17.5818443717816,-4.588));
#10488=CARTESIAN_POINT('',(12.2301177447092,17.5818443717816,-6.588));
#10489=CARTESIAN_POINT('Ctrl Pts',(12.2301177447092,17.5818443717816,-6.588));
#10490=CARTESIAN_POINT('Ctrl Pts',(12.5852771010966,17.2266891781172,-6.588));
#10491=CARTESIAN_POINT('Ctrl Pts',(12.3952154982422,15.2470272041397,-6.588));
#10492=CARTESIAN_POINT('Ctrl Pts',(11.8839457070954,13.9760604810001,-6.588));
#10493=CARTESIAN_POINT('',(12.2301177447092,17.5818443717816,-4.588));
#10494=CARTESIAN_POINT('Ctrl Pts',(11.747137818493,16.9285133357137,-4.588));
#10495=CARTESIAN_POINT('Ctrl Pts',(11.747137818493,16.9285133357137,-6.988));
#10496=CARTESIAN_POINT('Ctrl Pts',(11.747137818493,17.4279193665526,-4.588));
#10497=CARTESIAN_POINT('Ctrl Pts',(11.747137818493,17.4279193665526,-6.988));
#10498=CARTESIAN_POINT('Ctrl Pts',(12.0178480151031,17.7941141013877,-4.588));
#10499=CARTESIAN_POINT('Ctrl Pts',(12.0178480151031,17.7941141013877,-6.988));
#10500=CARTESIAN_POINT('Ctrl Pts',(12.2301177447092,17.5818443717816,-4.588));
#10501=CARTESIAN_POINT('Ctrl Pts',(12.2301177447092,17.5818443717816,-6.988));
#10502=CARTESIAN_POINT('',(11.747137818493,16.9285133357137,-4.588));
#10503=CARTESIAN_POINT('Ctrl Pts',(12.2301177447092,17.5818443717816,-4.588));
#10504=CARTESIAN_POINT('Ctrl Pts',(12.0178480151031,17.7941141013877,-4.588));
#10505=CARTESIAN_POINT('Ctrl Pts',(11.747137818493,17.4279193665526,-4.588));
#10506=CARTESIAN_POINT('Ctrl Pts',(11.747137818493,16.9285133357137,-4.588));
#10507=CARTESIAN_POINT('',(11.747137818493,16.9285133357137,-6.588));
#10508=CARTESIAN_POINT('Ctrl Pts',(11.747137818493,16.9285133357137,-6.588));
#10509=CARTESIAN_POINT('Ctrl Pts',(11.747137818493,17.4279193665526,-6.588));
#10510=CARTESIAN_POINT('Ctrl Pts',(12.0178480151031,17.7941141013877,-6.588));
#10511=CARTESIAN_POINT('Ctrl Pts',(12.2301177447092,17.5818443717816,-6.588));
#10512=CARTESIAN_POINT('',(11.747137818493,16.9285133357137,-4.588));
#10513=CARTESIAN_POINT('Ctrl Pts',(10.3330525188117,14.0544903434422,-4.588));
#10514=CARTESIAN_POINT('Ctrl Pts',(10.3330525188117,14.0544903434422,-6.988));
#10515=CARTESIAN_POINT('Ctrl Pts',(10.8012631041255,14.2883437913627,-4.588));
#10516=CARTESIAN_POINT('Ctrl Pts',(10.8012631041255,14.2883437913627,-6.988));
#10517=CARTESIAN_POINT('Ctrl Pts',(11.747137818493,16.2107641625356,-4.588));
#10518=CARTESIAN_POINT('Ctrl Pts',(11.747137818493,16.2107641625356,-6.988));
#10519=CARTESIAN_POINT('Ctrl Pts',(11.747137818493,16.9285133357137,-4.588));
#10520=CARTESIAN_POINT('Ctrl Pts',(11.747137818493,16.9285133357137,-6.988));
#10521=CARTESIAN_POINT('',(10.3330525188117,14.0544903434422,-4.588));
#10522=CARTESIAN_POINT('Ctrl Pts',(11.747137818493,16.9285133357137,-4.588));
#10523=CARTESIAN_POINT('Ctrl Pts',(11.747137818493,16.2107641625356,-4.588));
#10524=CARTESIAN_POINT('Ctrl Pts',(10.8012631041255,14.2883437913627,-4.588));
#10525=CARTESIAN_POINT('Ctrl Pts',(10.3330525188117,14.0544903434422,-4.588));
#10526=CARTESIAN_POINT('',(10.3330525188117,14.0544903434422,-6.588));
#10527=CARTESIAN_POINT('Ctrl Pts',(10.3330525188117,14.0544903434422,-6.588));
#10528=CARTESIAN_POINT('Ctrl Pts',(10.8012631041255,14.2883437913627,-6.588));
#10529=CARTESIAN_POINT('Ctrl Pts',(11.747137818493,16.2107641625356,-6.588));
#10530=CARTESIAN_POINT('Ctrl Pts',(11.747137818493,16.9285133357137,-6.588));
#10531=CARTESIAN_POINT('',(10.3330525188117,14.0544903434422,-4.588));
#10532=CARTESIAN_POINT('Ctrl Pts',(10.1800391499011,16.2461015173613,-4.588));
#10533=CARTESIAN_POINT('Ctrl Pts',(10.1800391499011,16.2461015173613,-6.988));
#10534=CARTESIAN_POINT('Ctrl Pts',(10.1991626989728,15.0082326041191,-4.588));
#10535=CARTESIAN_POINT('Ctrl Pts',(10.1991626989728,15.0082326041191,-6.988));
#10536=CARTESIAN_POINT('Ctrl Pts',(10.2680182987103,14.0220086165362,-4.588));
#10537=CARTESIAN_POINT('Ctrl Pts',(10.2680182987103,14.0220086165362,-6.988));
#10538=CARTESIAN_POINT('Ctrl Pts',(10.3330525188117,14.0544903434422,-4.588));
#10539=CARTESIAN_POINT('Ctrl Pts',(10.3330525188117,14.0544903434422,-6.988));
#10540=CARTESIAN_POINT('',(10.1800391499011,16.2461015173613,-4.588));
#10541=CARTESIAN_POINT('Ctrl Pts',(10.3330525188117,14.0544903434422,-4.588));
#10542=CARTESIAN_POINT('Ctrl Pts',(10.2680182987103,14.0220086165362,-4.588));
#10543=CARTESIAN_POINT('Ctrl Pts',(10.1991626989728,15.0082326041191,-4.588));
#10544=CARTESIAN_POINT('Ctrl Pts',(10.1800391499011,16.2461015173613,-4.588));
#10545=CARTESIAN_POINT('',(10.1800391499011,16.2461015173613,-6.588));
#10546=CARTESIAN_POINT('Ctrl Pts',(10.1800391499011,16.2461015173613,-6.588));
#10547=CARTESIAN_POINT('Ctrl Pts',(10.1991626989728,15.0082326041191,-6.588));
#10548=CARTESIAN_POINT('Ctrl Pts',(10.2680182987103,14.0220086165362,-6.588));
#10549=CARTESIAN_POINT('Ctrl Pts',(10.3330525188117,14.0544903434422,-6.588));
#10550=CARTESIAN_POINT('',(10.1800391499011,16.2461015173613,-4.588));
#10551=CARTESIAN_POINT('Ctrl Pts',(9.40954411466671,17.4399871002833,-4.588));
#10552=CARTESIAN_POINT('Ctrl Pts',(9.40954411466671,17.4399871002833,-6.988));
#10553=CARTESIAN_POINT('Ctrl Pts',(9.8293547206474,19.9332375020712,-4.588));
#10554=CARTESIAN_POINT('Ctrl Pts',(9.8293547206474,19.9332375020712,-6.988));
#10555=CARTESIAN_POINT('Ctrl Pts',(10.1302862856207,19.4669417692984,-4.588));
#10556=CARTESIAN_POINT('Ctrl Pts',(10.1302862856207,19.4669417692984,-6.988));
#10557=CARTESIAN_POINT('Ctrl Pts',(10.1800391499011,16.2461015173613,-4.588));
#10558=CARTESIAN_POINT('Ctrl Pts',(10.1800391499011,16.2461015173613,-6.988));
#10559=CARTESIAN_POINT('',(9.40954411466671,17.4399871002833,-4.588));
#10560=CARTESIAN_POINT('Ctrl Pts',(10.1800391499011,16.2461015173613,-4.588));
#10561=CARTESIAN_POINT('Ctrl Pts',(10.1302862856207,19.4669417692984,-4.588));
#10562=CARTESIAN_POINT('Ctrl Pts',(9.8293547206474,19.9332375020712,-4.588));
#10563=CARTESIAN_POINT('Ctrl Pts',(9.40954411466671,17.4399871002833,-4.588));
#10564=CARTESIAN_POINT('',(9.40954411466671,17.4399871002833,-6.588));
#10565=CARTESIAN_POINT('Ctrl Pts',(9.40954411466671,17.4399871002833,-6.588));
#10566=CARTESIAN_POINT('Ctrl Pts',(9.8293547206474,19.9332375020712,-6.588));
#10567=CARTESIAN_POINT('Ctrl Pts',(10.1302862856207,19.4669417692984,-6.588));
#10568=CARTESIAN_POINT('Ctrl Pts',(10.1800391499011,16.2461015173613,-6.588));
#10569=CARTESIAN_POINT('',(9.40954411466671,17.4399871002833,-4.588));
#10570=CARTESIAN_POINT('Ctrl Pts',(8.17850622972807,16.9760516314033,-4.588));
#10571=CARTESIAN_POINT('Ctrl Pts',(8.17850622972807,16.9760516314033,-6.988));
#10572=CARTESIAN_POINT('Ctrl Pts',(8.24452285243751,14.0156271623075,-4.588));
#10573=CARTESIAN_POINT('Ctrl Pts',(8.24452285243751,14.0156271623075,-6.988));
#10574=CARTESIAN_POINT('Ctrl Pts',(8.87282759834035,14.2524153298831,-4.588));
#10575=CARTESIAN_POINT('Ctrl Pts',(8.87282759834035,14.2524153298831,-6.988));
#10576=CARTESIAN_POINT('Ctrl Pts',(9.40954411466671,17.4399871002833,-4.588));
#10577=CARTESIAN_POINT('Ctrl Pts',(9.40954411466671,17.4399871002833,-6.988));
#10578=CARTESIAN_POINT('',(8.17850622972807,16.9760516314033,-4.588));
#10579=CARTESIAN_POINT('Ctrl Pts',(9.40954411466671,17.4399871002833,-4.588));
#10580=CARTESIAN_POINT('Ctrl Pts',(8.87282759834035,14.2524153298831,-4.588));
#10581=CARTESIAN_POINT('Ctrl Pts',(8.24452285243751,14.0156271623075,-4.588));
#10582=CARTESIAN_POINT('Ctrl Pts',(8.17850622972807,16.9760516314033,-4.588));
#10583=CARTESIAN_POINT('',(8.17850622972807,16.9760516314033,-6.588));
#10584=CARTESIAN_POINT('Ctrl Pts',(8.17850622972807,16.9760516314033,-6.588));
#10585=CARTESIAN_POINT('Ctrl Pts',(8.24452285243751,14.0156271623075,-6.588));
#10586=CARTESIAN_POINT('Ctrl Pts',(8.87282759834035,14.2524153298831,-6.588));
#10587=CARTESIAN_POINT('Ctrl Pts',(9.40954411466671,17.4399871002833,-6.588));
#10588=CARTESIAN_POINT('',(8.17850622972807,16.9760516314033,-4.588));
#10589=CARTESIAN_POINT('Ctrl Pts',(7.81438869362755,19.5539010509934,-4.588));
#10590=CARTESIAN_POINT('Ctrl Pts',(7.81438869362755,19.5539010509934,-6.988));
#10591=CARTESIAN_POINT('Ctrl Pts',(8.1041475102969,19.0878634070413,-4.588));
#10592=CARTESIAN_POINT('Ctrl Pts',(8.1041475102969,19.0878634070413,-6.988));
#10593=CARTESIAN_POINT('Ctrl Pts',(8.13652100640708,18.8586680460627,-4.588));
#10594=CARTESIAN_POINT('Ctrl Pts',(8.13652100640708,18.8586680460627,-6.988));
#10595=CARTESIAN_POINT('Ctrl Pts',(8.17850622972807,16.9760516314033,-4.588));
#10596=CARTESIAN_POINT('Ctrl Pts',(8.17850622972807,16.9760516314033,-6.988));
#10597=CARTESIAN_POINT('',(7.81438869362755,19.5539010509934,-4.588));
#10598=CARTESIAN_POINT('Ctrl Pts',(8.17850622972807,16.9760516314033,-4.588));
#10599=CARTESIAN_POINT('Ctrl Pts',(8.13652100640708,18.8586680460627,-4.588));
#10600=CARTESIAN_POINT('Ctrl Pts',(8.1041475102969,19.0878634070413,-4.588));
#10601=CARTESIAN_POINT('Ctrl Pts',(7.81438869362755,19.5539010509934,-4.588));
#10602=CARTESIAN_POINT('',(7.81438869362755,19.5539010509934,-6.588));
#10603=CARTESIAN_POINT('Ctrl Pts',(7.81438869362755,19.5539010509934,-6.588));
#10604=CARTESIAN_POINT('Ctrl Pts',(8.1041475102969,19.0878634070413,-6.588));
#10605=CARTESIAN_POINT('Ctrl Pts',(8.13652100640708,18.8586680460627,-6.588));
#10606=CARTESIAN_POINT('Ctrl Pts',(8.17850622972807,16.9760516314033,-6.588));
#10607=CARTESIAN_POINT('',(7.81438869362755,19.5539010509934,-4.588));
#10608=CARTESIAN_POINT('Ctrl Pts',(7.1921740113494,19.0764866853145,-4.588));
#10609=CARTESIAN_POINT('Ctrl Pts',(7.1921740113494,19.0764866853145,-6.988));
#10610=CARTESIAN_POINT('Ctrl Pts',(7.09892069260692,20.2393766334112,-4.588));
#10611=CARTESIAN_POINT('Ctrl Pts',(7.09892069260692,20.2393766334112,-6.988));
#10612=CARTESIAN_POINT('Ctrl Pts',(7.29476431759029,20.3896467679209,-4.588));
#10613=CARTESIAN_POINT('Ctrl Pts',(7.29476431759029,20.3896467679209,-6.988));
#10614=CARTESIAN_POINT('Ctrl Pts',(7.81438869362755,19.5539010509934,-4.588));
#10615=CARTESIAN_POINT('Ctrl Pts',(7.81438869362755,19.5539010509934,-6.988));
#10616=CARTESIAN_POINT('',(7.1921740113494,19.0764866853145,-4.588));
#10617=CARTESIAN_POINT('Ctrl Pts',(7.81438869362755,19.5539010509934,-4.588));
#10618=CARTESIAN_POINT('Ctrl Pts',(7.29476431759029,20.3896467679209,-4.588));
#10619=CARTESIAN_POINT('Ctrl Pts',(7.09892069260692,20.2393766334112,-4.588));
#10620=CARTESIAN_POINT('Ctrl Pts',(7.1921740113494,19.0764866853145,-4.588));
#10621=CARTESIAN_POINT('',(7.1921740113494,19.0764866853145,-6.588));
#10622=CARTESIAN_POINT('Ctrl Pts',(7.1921740113494,19.0764866853145,-6.588));
#10623=CARTESIAN_POINT('Ctrl Pts',(7.09892069260692,20.2393766334112,-6.588));
#10624=CARTESIAN_POINT('Ctrl Pts',(7.29476431759029,20.3896467679209,-6.588));
#10625=CARTESIAN_POINT('Ctrl Pts',(7.81438869362755,19.5539010509934,-6.588));
#10626=CARTESIAN_POINT('',(7.1921740113494,19.0764866853145,-4.588));
#10627=CARTESIAN_POINT('Ctrl Pts',(5.43163777161905,16.2801234517458,-4.588));
#10628=CARTESIAN_POINT('Ctrl Pts',(5.43163777161905,16.2801234517458,-6.988));
#10629=CARTESIAN_POINT('Ctrl Pts',(6.7282635188069,15.3734740754066,-4.588));
#10630=CARTESIAN_POINT('Ctrl Pts',(6.7282635188069,15.3734740754066,-6.988));
#10631=CARTESIAN_POINT('Ctrl Pts',(7.40316162229766,16.4454584804849,-4.588));
#10632=CARTESIAN_POINT('Ctrl Pts',(7.40316162229766,16.4454584804849,-6.988));
#10633=CARTESIAN_POINT('Ctrl Pts',(7.1921740113494,19.0764866853145,-4.588));
#10634=CARTESIAN_POINT('Ctrl Pts',(7.1921740113494,19.0764866853145,-6.988));
#10635=CARTESIAN_POINT('',(5.43163777161905,16.2801234517458,-4.588));
#10636=CARTESIAN_POINT('Ctrl Pts',(7.1921740113494,19.0764866853145,-4.588));
#10637=CARTESIAN_POINT('Ctrl Pts',(7.40316162229766,16.4454584804849,-4.588));
#10638=CARTESIAN_POINT('Ctrl Pts',(6.7282635188069,15.3734740754066,-4.588));
#10639=CARTESIAN_POINT('Ctrl Pts',(5.43163777161905,16.2801234517458,-4.588));
#10640=CARTESIAN_POINT('',(5.43163777161905,16.2801234517458,-6.588));
#10641=CARTESIAN_POINT('Ctrl Pts',(5.43163777161905,16.2801234517458,-6.588));
#10642=CARTESIAN_POINT('Ctrl Pts',(6.7282635188069,15.3734740754066,-6.588));
#10643=CARTESIAN_POINT('Ctrl Pts',(7.40316162229766,16.4454584804849,-6.588));
#10644=CARTESIAN_POINT('Ctrl Pts',(7.1921740113494,19.0764866853145,-6.588));
#10645=CARTESIAN_POINT('',(5.43163777161905,16.2801234517458,-4.588));
#10646=CARTESIAN_POINT('Ctrl Pts',(4.78314798230124,16.4774573315328,-4.588));
#10647=CARTESIAN_POINT('Ctrl Pts',(4.78314798230124,16.4774573315328,-6.988));
#10648=CARTESIAN_POINT('Ctrl Pts',(4.92976740881439,16.5158001723031,-4.588));
#10649=CARTESIAN_POINT('Ctrl Pts',(4.92976740881439,16.5158001723031,-6.988));
#10650=CARTESIAN_POINT('Ctrl Pts',(5.22158677332668,16.4270009670797,-4.588));
#10651=CARTESIAN_POINT('Ctrl Pts',(5.22158677332668,16.4270009670797,-6.988));
#10652=CARTESIAN_POINT('Ctrl Pts',(5.43163777161905,16.2801234517458,-4.588));
#10653=CARTESIAN_POINT('Ctrl Pts',(5.43163777161905,16.2801234517458,-6.988));
#10654=CARTESIAN_POINT('',(4.78314798230124,16.4774573315328,-4.588));
#10655=CARTESIAN_POINT('Ctrl Pts',(5.43163777161905,16.2801234517458,-4.588));
#10656=CARTESIAN_POINT('Ctrl Pts',(5.22158677332668,16.4270009670797,-4.588));
#10657=CARTESIAN_POINT('Ctrl Pts',(4.92976740881439,16.5158001723031,-4.588));
#10658=CARTESIAN_POINT('Ctrl Pts',(4.78314798230124,16.4774573315328,-4.588));
#10659=CARTESIAN_POINT('',(4.78314798230124,16.4774573315328,-6.588));
#10660=CARTESIAN_POINT('Ctrl Pts',(4.78314798230124,16.4774573315328,-6.588));
#10661=CARTESIAN_POINT('Ctrl Pts',(4.92976740881439,16.5158001723031,-6.588));
#10662=CARTESIAN_POINT('Ctrl Pts',(5.22158677332668,16.4270009670797,-6.588));
#10663=CARTESIAN_POINT('Ctrl Pts',(5.43163777161905,16.2801234517458,-6.588));
#10664=CARTESIAN_POINT('',(4.78314798230124,16.4774573315328,-4.588));
#10665=CARTESIAN_POINT('Ctrl Pts',(4.35251429674148,17.2578263455216,-4.588));
#10666=CARTESIAN_POINT('Ctrl Pts',(4.35251429674148,17.2578263455216,-6.988));
#10667=CARTESIAN_POINT('Ctrl Pts',(4.46654792827578,16.5012139912088,-4.588));
#10668=CARTESIAN_POINT('Ctrl Pts',(4.46654792827578,16.5012139912088,-6.988));
#10669=CARTESIAN_POINT('Ctrl Pts',(4.51792841721599,16.4080980423225,-4.588));
#10670=CARTESIAN_POINT('Ctrl Pts',(4.51792841721599,16.4080980423225,-6.988));
#10671=CARTESIAN_POINT('Ctrl Pts',(4.78314798230124,16.4774573315328,-4.588));
#10672=CARTESIAN_POINT('Ctrl Pts',(4.78314798230124,16.4774573315328,-6.988));
#10673=CARTESIAN_POINT('',(4.35251429674148,17.2578263455216,-4.588));
#10674=CARTESIAN_POINT('Ctrl Pts',(4.78314798230124,16.4774573315328,-4.588));
#10675=CARTESIAN_POINT('Ctrl Pts',(4.51792841721599,16.4080980423225,-4.588));
#10676=CARTESIAN_POINT('Ctrl Pts',(4.46654792827578,16.5012139912088,-4.588));
#10677=CARTESIAN_POINT('Ctrl Pts',(4.35251429674148,17.2578263455216,-4.588));
#10678=CARTESIAN_POINT('',(4.35251429674148,17.2578263455216,-6.588));
#10679=CARTESIAN_POINT('Ctrl Pts',(4.35251429674148,17.2578263455216,-6.588));
#10680=CARTESIAN_POINT('Ctrl Pts',(4.46654792827578,16.5012139912088,-6.588));
#10681=CARTESIAN_POINT('Ctrl Pts',(4.51792841721599,16.4080980423225,-6.588));
#10682=CARTESIAN_POINT('Ctrl Pts',(4.78314798230124,16.4774573315328,-6.588));
#10683=CARTESIAN_POINT('',(4.35251429674148,17.2578263455216,-4.588));
#10684=CARTESIAN_POINT('Ctrl Pts',(3.91954116090347,17.450976688779,-4.588));
#10685=CARTESIAN_POINT('Ctrl Pts',(3.91954116090347,17.450976688779,-6.988));
#10686=CARTESIAN_POINT('Ctrl Pts',(3.99429117628864,17.7089323023775,-4.588));
#10687=CARTESIAN_POINT('Ctrl Pts',(3.99429117628864,17.7089323023775,-6.988));
#10688=CARTESIAN_POINT('Ctrl Pts',(4.30544638874125,17.5701263067758,-4.588));
#10689=CARTESIAN_POINT('Ctrl Pts',(4.30544638874125,17.5701263067758,-6.988));
#10690=CARTESIAN_POINT('Ctrl Pts',(4.35251429674148,17.2578263455216,-4.588));
#10691=CARTESIAN_POINT('Ctrl Pts',(4.35251429674148,17.2578263455216,-6.988));
#10692=CARTESIAN_POINT('',(3.91954116090347,17.450976688779,-4.588));
#10693=CARTESIAN_POINT('Ctrl Pts',(4.35251429674148,17.2578263455216,-4.588));
#10694=CARTESIAN_POINT('Ctrl Pts',(4.30544638874125,17.5701263067758,-4.588));
#10695=CARTESIAN_POINT('Ctrl Pts',(3.99429117628864,17.7089323023775,-4.588));
#10696=CARTESIAN_POINT('Ctrl Pts',(3.91954116090347,17.450976688779,-4.588));
#10697=CARTESIAN_POINT('',(3.91954116090347,17.450976688779,-6.588));
#10698=CARTESIAN_POINT('Ctrl Pts',(3.91954116090347,17.450976688779,-6.588));
#10699=CARTESIAN_POINT('Ctrl Pts',(3.99429117628864,17.7089323023775,-6.588));
#10700=CARTESIAN_POINT('Ctrl Pts',(4.30544638874125,17.5701263067758,-6.588));
#10701=CARTESIAN_POINT('Ctrl Pts',(4.35251429674148,17.2578263455216,-6.588));
#10702=CARTESIAN_POINT('',(3.91954116090347,17.450976688779,-4.588));
#10703=CARTESIAN_POINT('Ctrl Pts',(3.70820804395327,16.6854727583197,-4.588));
#10704=CARTESIAN_POINT('Ctrl Pts',(3.70820804395327,16.6854727583197,-6.988));
#10705=CARTESIAN_POINT('Ctrl Pts',(3.79545871625228,17.0064852986351,-4.588));
#10706=CARTESIAN_POINT('Ctrl Pts',(3.79545871625228,17.0064852986351,-6.988));
#10707=CARTESIAN_POINT('Ctrl Pts',(3.89055612124612,17.3509631080225,-4.588));
#10708=CARTESIAN_POINT('Ctrl Pts',(3.89055612124612,17.3509631080225,-6.988));
#10709=CARTESIAN_POINT('Ctrl Pts',(3.91954116090347,17.450976688779,-4.588));
#10710=CARTESIAN_POINT('Ctrl Pts',(3.91954116090347,17.450976688779,-6.988));
#10711=CARTESIAN_POINT('',(3.70820804395327,16.6854727583197,-4.588));
#10712=CARTESIAN_POINT('Ctrl Pts',(3.91954116090347,17.450976688779,-4.588));
#10713=CARTESIAN_POINT('Ctrl Pts',(3.89055612124612,17.3509631080225,-4.588));
#10714=CARTESIAN_POINT('Ctrl Pts',(3.79545871625228,17.0064852986351,-4.588));
#10715=CARTESIAN_POINT('Ctrl Pts',(3.70820804395327,16.6854727583197,-4.588));
#10716=CARTESIAN_POINT('',(3.70820804395327,16.6854727583197,-6.588));
#10717=CARTESIAN_POINT('Ctrl Pts',(3.70820804395327,16.6854727583197,-6.588));
#10718=CARTESIAN_POINT('Ctrl Pts',(3.79545871625228,17.0064852986351,-6.588));
#10719=CARTESIAN_POINT('Ctrl Pts',(3.89055612124612,17.3509631080225,-6.588));
#10720=CARTESIAN_POINT('Ctrl Pts',(3.91954116090347,17.450976688779,-6.588));
#10721=CARTESIAN_POINT('',(3.70820804395327,16.6854727583197,-4.588));
#10722=CARTESIAN_POINT('Ctrl Pts',(3.41386606935448,19.0751795903192,-4.588));
#10723=CARTESIAN_POINT('Ctrl Pts',(3.41386606935448,19.0751795903192,-6.988));
#10724=CARTESIAN_POINT('Ctrl Pts',(3.10746052374792,17.4915174472484,-4.588));
#10725=CARTESIAN_POINT('Ctrl Pts',(3.10746052374792,17.4915174472484,-6.988));
#10726=CARTESIAN_POINT('Ctrl Pts',(3.36312663974319,15.4158547574045,-4.588));
#10727=CARTESIAN_POINT('Ctrl Pts',(3.36312663974319,15.4158547574045,-6.988));
#10728=CARTESIAN_POINT('Ctrl Pts',(3.70820804395327,16.6854727583197,-4.588));
#10729=CARTESIAN_POINT('Ctrl Pts',(3.70820804395327,16.6854727583197,-6.988));
#10730=CARTESIAN_POINT('',(3.41386606935448,19.0751795903192,-4.588));
#10731=CARTESIAN_POINT('Ctrl Pts',(3.70820804395327,16.6854727583197,-4.588));
#10732=CARTESIAN_POINT('Ctrl Pts',(3.36312663974319,15.4158547574045,-4.588));
#10733=CARTESIAN_POINT('Ctrl Pts',(3.10746052374792,17.4915174472484,-4.588));
#10734=CARTESIAN_POINT('Ctrl Pts',(3.41386606935448,19.0751795903192,-4.588));
#10735=CARTESIAN_POINT('',(3.41386606935448,19.0751795903192,-6.588));
#10736=CARTESIAN_POINT('Ctrl Pts',(3.41386606935448,19.0751795903192,-6.588));
#10737=CARTESIAN_POINT('Ctrl Pts',(3.10746052374792,17.4915174472484,-6.588));
#10738=CARTESIAN_POINT('Ctrl Pts',(3.36312663974319,15.4158547574045,-6.588));
#10739=CARTESIAN_POINT('Ctrl Pts',(3.70820804395327,16.6854727583197,-6.588));
#10740=CARTESIAN_POINT('',(3.41386606935448,19.0751795903192,-4.588));
#10741=CARTESIAN_POINT('Ctrl Pts',(2.93567743721342,19.4405958959692,-4.588));
#10742=CARTESIAN_POINT('Ctrl Pts',(2.93567743721342,19.4405958959692,-6.988));
#10743=CARTESIAN_POINT('Ctrl Pts',(3.24259916046143,20.175162469724,-4.588));
#10744=CARTESIAN_POINT('Ctrl Pts',(3.24259916046143,20.175162469724,-6.988));
#10745=CARTESIAN_POINT('Ctrl Pts',(3.57721547926313,19.9194588892225,-4.588));
#10746=CARTESIAN_POINT('Ctrl Pts',(3.57721547926313,19.9194588892225,-6.988));
#10747=CARTESIAN_POINT('Ctrl Pts',(3.41386606935448,19.0751795903192,-4.588));
#10748=CARTESIAN_POINT('Ctrl Pts',(3.41386606935448,19.0751795903192,-6.988));
#10749=CARTESIAN_POINT('',(2.93567743721342,19.4405958959692,-4.588));
#10750=CARTESIAN_POINT('Ctrl Pts',(3.41386606935448,19.0751795903192,-4.588));
#10751=CARTESIAN_POINT('Ctrl Pts',(3.57721547926313,19.9194588892225,-4.588));
#10752=CARTESIAN_POINT('Ctrl Pts',(3.24259916046143,20.175162469724,-4.588));
#10753=CARTESIAN_POINT('Ctrl Pts',(2.93567743721342,19.4405958959692,-4.588));
#10754=CARTESIAN_POINT('',(2.93567743721342,19.4405958959692,-6.588));
#10755=CARTESIAN_POINT('Ctrl Pts',(2.93567743721342,19.4405958959692,-6.588));
#10756=CARTESIAN_POINT('Ctrl Pts',(3.24259916046143,20.175162469724,-6.588));
#10757=CARTESIAN_POINT('Ctrl Pts',(3.57721547926313,19.9194588892225,-6.588));
#10758=CARTESIAN_POINT('Ctrl Pts',(3.41386606935448,19.0751795903192,-6.588));
#10759=CARTESIAN_POINT('',(2.93567743721342,19.4405958959692,-4.588));
#10760=CARTESIAN_POINT('Ctrl Pts',(2.00000971943358,15.4696537883584,-4.588));
#10761=CARTESIAN_POINT('Ctrl Pts',(2.00000971943358,15.4696537883584,-6.988));
#10762=CARTESIAN_POINT('Ctrl Pts',(2.14832337417315,16.5480154849425,-4.588));
#10763=CARTESIAN_POINT('Ctrl Pts',(2.14832337417315,16.5480154849425,-6.988));
#10764=CARTESIAN_POINT('Ctrl Pts',(2.6930947593401,18.8600126055643,-4.588));
#10765=CARTESIAN_POINT('Ctrl Pts',(2.6930947593401,18.8600126055643,-6.988));
#10766=CARTESIAN_POINT('Ctrl Pts',(2.93567743721342,19.4405958959692,-4.588));
#10767=CARTESIAN_POINT('Ctrl Pts',(2.93567743721342,19.4405958959692,-6.988));
#10768=CARTESIAN_POINT('',(2.00000971943358,15.4696537883584,-4.588));
#10769=CARTESIAN_POINT('Ctrl Pts',(2.93567743721342,19.4405958959692,-4.588));
#10770=CARTESIAN_POINT('Ctrl Pts',(2.6930947593401,18.8600126055643,-4.588));
#10771=CARTESIAN_POINT('Ctrl Pts',(2.14832337417315,16.5480154849425,-4.588));
#10772=CARTESIAN_POINT('Ctrl Pts',(2.00000971943358,15.4696537883584,-4.588));
#10773=CARTESIAN_POINT('',(2.00000971943358,15.4696537883584,-6.588));
#10774=CARTESIAN_POINT('Ctrl Pts',(2.00000971943358,15.4696537883584,-6.588));
#10775=CARTESIAN_POINT('Ctrl Pts',(2.14832337417315,16.5480154849425,-6.588));
#10776=CARTESIAN_POINT('Ctrl Pts',(2.6930947593401,18.8600126055643,-6.588));
#10777=CARTESIAN_POINT('Ctrl Pts',(2.93567743721342,19.4405958959692,-6.588));
#10778=CARTESIAN_POINT('',(2.00000971943358,15.4696537883584,-4.588));
#10779=CARTESIAN_POINT('Ctrl Pts',(0.590657435706743,14.6111088380253,-4.588));
#10780=CARTESIAN_POINT('Ctrl Pts',(0.590657435706743,14.6111088380253,-6.988));
#10781=CARTESIAN_POINT('Ctrl Pts',(1.78841018821682,14.6142017411511,-4.588));
#10782=CARTESIAN_POINT('Ctrl Pts',(1.78841018821682,14.6142017411511,-6.988));
#10783=CARTESIAN_POINT('Ctrl Pts',(1.89094637905982,14.6766633984912,-4.588));
#10784=CARTESIAN_POINT('Ctrl Pts',(1.89094637905982,14.6766633984912,-6.988));
#10785=CARTESIAN_POINT('Ctrl Pts',(2.00000971943358,15.4696537883584,-4.588));
#10786=CARTESIAN_POINT('Ctrl Pts',(2.00000971943358,15.4696537883584,-6.988));
#10787=CARTESIAN_POINT('',(0.590657435706743,14.6111088380253,-4.588));
#10788=CARTESIAN_POINT('Ctrl Pts',(2.00000971943358,15.4696537883584,-4.588));
#10789=CARTESIAN_POINT('Ctrl Pts',(1.89094637905982,14.6766633984912,-4.588));
#10790=CARTESIAN_POINT('Ctrl Pts',(1.78841018821682,14.6142017411511,-4.588));
#10791=CARTESIAN_POINT('Ctrl Pts',(0.590657435706743,14.6111088380253,-4.588));
#10792=CARTESIAN_POINT('',(0.590657435706743,14.6111088380253,-6.588));
#10793=CARTESIAN_POINT('Ctrl Pts',(0.590657435706743,14.6111088380253,-6.588));
#10794=CARTESIAN_POINT('Ctrl Pts',(1.78841018821682,14.6142017411511,-6.588));
#10795=CARTESIAN_POINT('Ctrl Pts',(1.89094637905982,14.6766633984912,-6.588));
#10796=CARTESIAN_POINT('Ctrl Pts',(2.00000971943358,15.4696537883584,-6.588));
#10797=CARTESIAN_POINT('',(0.590657435706743,14.6111088380253,-4.588));
#10798=CARTESIAN_POINT('Ctrl Pts',(-1.47008813657114,15.406130636675,-4.588));
#10799=CARTESIAN_POINT('Ctrl Pts',(-1.47008813657114,15.406130636675,-6.988));
#10800=CARTESIAN_POINT('Ctrl Pts',(-1.0240211558039,14.9485474829634,-4.588));
#10801=CARTESIAN_POINT('Ctrl Pts',(-1.0240211558039,14.9485474829634,-6.988));
#10802=CARTESIAN_POINT('Ctrl Pts',(-0.144437803858248,14.6092147990989,
-4.588));
#10803=CARTESIAN_POINT('Ctrl Pts',(-0.144437803858248,14.6092147990989,
-6.988));
#10804=CARTESIAN_POINT('Ctrl Pts',(0.590657435706743,14.6111088380253,-4.588));
#10805=CARTESIAN_POINT('Ctrl Pts',(0.590657435706743,14.6111088380253,-6.988));
#10806=CARTESIAN_POINT('',(-1.47008813657114,15.406130636675,-4.588));
#10807=CARTESIAN_POINT('Ctrl Pts',(0.590657435706743,14.6111088380253,-4.588));
#10808=CARTESIAN_POINT('Ctrl Pts',(-0.144437803858248,14.6092147990989,
-4.588));
#10809=CARTESIAN_POINT('Ctrl Pts',(-1.0240211558039,14.9485474829634,-4.588));
#10810=CARTESIAN_POINT('Ctrl Pts',(-1.47008813657114,15.406130636675,-4.588));
#10811=CARTESIAN_POINT('',(-1.47008813657114,15.406130636675,-6.588));
#10812=CARTESIAN_POINT('Ctrl Pts',(-1.47008813657114,15.406130636675,-6.588));
#10813=CARTESIAN_POINT('Ctrl Pts',(-1.0240211558039,14.9485474829634,-6.588));
#10814=CARTESIAN_POINT('Ctrl Pts',(-0.144437803858248,14.6092147990989,
-6.588));
#10815=CARTESIAN_POINT('Ctrl Pts',(0.590657435706743,14.6111088380253,-6.588));
#10816=CARTESIAN_POINT('',(-1.47008813657114,15.406130636675,-4.588));
#10817=CARTESIAN_POINT('Ctrl Pts',(-2.71797880523128,42.2256427418893,-4.588));
#10818=CARTESIAN_POINT('Ctrl Pts',(-2.71797880523128,42.2256427418893,-6.988));
#10819=CARTESIAN_POINT('Ctrl Pts',(-2.69648042273661,14.6621896109156,-4.588));
#10820=CARTESIAN_POINT('Ctrl Pts',(-2.69648042273661,14.6621896109156,-6.988));
#10821=CARTESIAN_POINT('Ctrl Pts',(-2.79430024851688,16.764527029199,-4.588));
#10822=CARTESIAN_POINT('Ctrl Pts',(-2.79430024851688,16.764527029199,-6.988));
#10823=CARTESIAN_POINT('Ctrl Pts',(-1.47008813657114,15.406130636675,-4.588));
#10824=CARTESIAN_POINT('Ctrl Pts',(-1.47008813657114,15.406130636675,-6.988));
#10825=CARTESIAN_POINT('',(-2.71797880523128,42.2256427418893,-4.588));
#10826=CARTESIAN_POINT('Ctrl Pts',(-1.47008813657114,15.406130636675,-4.588));
#10827=CARTESIAN_POINT('Ctrl Pts',(-2.79430024851688,16.764527029199,-4.588));
#10828=CARTESIAN_POINT('Ctrl Pts',(-2.69648042273661,14.6621896109156,-4.588));
#10829=CARTESIAN_POINT('Ctrl Pts',(-2.71797880523128,42.2256427418893,-4.588));
#10830=CARTESIAN_POINT('',(-2.71797880523128,42.2256427418893,-6.588));
#10831=CARTESIAN_POINT('Ctrl Pts',(-2.71797880523128,42.2256427418893,-6.588));
#10832=CARTESIAN_POINT('Ctrl Pts',(-2.69648042273661,14.6621896109156,-6.588));
#10833=CARTESIAN_POINT('Ctrl Pts',(-2.79430024851688,16.764527029199,-6.588));
#10834=CARTESIAN_POINT('Ctrl Pts',(-1.47008813657114,15.406130636675,-6.588));
#10835=CARTESIAN_POINT('',(-2.71797880523128,42.2256427418893,-4.588));
#10836=CARTESIAN_POINT('Ctrl Pts',(-2.43726558545629,68.5923629874671,-4.588));
#10837=CARTESIAN_POINT('Ctrl Pts',(-2.43726558545629,68.5923629874671,-6.988));
#10838=CARTESIAN_POINT('Ctrl Pts',(-2.73622401976785,66.2420147006292,-4.588));
#10839=CARTESIAN_POINT('Ctrl Pts',(-2.73622401976785,66.2420147006292,-6.988));
#10840=CARTESIAN_POINT('Ctrl Pts',(-2.73667775656559,66.1993634416418,-4.588));
#10841=CARTESIAN_POINT('Ctrl Pts',(-2.73667775656559,66.1993634416418,-6.988));
#10842=CARTESIAN_POINT('Ctrl Pts',(-2.71797880523128,42.2256427418893,-4.588));
#10843=CARTESIAN_POINT('Ctrl Pts',(-2.71797880523128,42.2256427418893,-6.988));
#10844=CARTESIAN_POINT('Ctrl Pts',(-2.71797880523128,42.2256427418893,-4.588));
#10845=CARTESIAN_POINT('Ctrl Pts',(-2.73667775656559,66.1993634416418,-4.588));
#10846=CARTESIAN_POINT('Ctrl Pts',(-2.73622401976785,66.2420147006292,-4.588));
#10847=CARTESIAN_POINT('Ctrl Pts',(-2.43726558545629,68.5923629874671,-4.588));
#10848=CARTESIAN_POINT('Ctrl Pts',(-2.43726558545629,68.5923629874671,-6.588));
#10849=CARTESIAN_POINT('Ctrl Pts',(-2.73622401976785,66.2420147006292,-6.588));
#10850=CARTESIAN_POINT('Ctrl Pts',(-2.73667775656559,66.1993634416418,-6.588));
#10851=CARTESIAN_POINT('Ctrl Pts',(-2.71797880523128,42.2256427418893,-6.588));
#10852=CARTESIAN_POINT('Origin',(10.0316120609621,20.2264672491412,-6.588));
#10853=CARTESIAN_POINT('Origin',(10.0316120609621,20.2264672491412,-4.588));
#10854=CARTESIAN_POINT('Ctrl Pts',(-14.7041668753567,8.1179937298129,-4.588));
#10855=CARTESIAN_POINT('Ctrl Pts',(-14.7041668753567,8.1179937298129,-6.988));
#10856=CARTESIAN_POINT('Ctrl Pts',(-13.7662762635403,8.37015899583662,-4.588));
#10857=CARTESIAN_POINT('Ctrl Pts',(-13.7662762635403,8.37015899583662,-6.988));
#10858=CARTESIAN_POINT('Ctrl Pts',(-13.802883248855,8.36922238318073,-4.588));
#10859=CARTESIAN_POINT('Ctrl Pts',(-13.802883248855,8.36922238318073,-6.988));
#10860=CARTESIAN_POINT('Ctrl Pts',(-13.7161987068725,8.14332389875085,-4.588));
#10861=CARTESIAN_POINT('Ctrl Pts',(-13.7161987068725,8.14332389875085,-6.988));
#10862=CARTESIAN_POINT('',(-13.7161987068725,8.14332389875085,-4.588));
#10863=CARTESIAN_POINT('',(-14.7041668753567,8.1179937298129,-4.588));
#10864=CARTESIAN_POINT('Ctrl Pts',(-13.7161987068725,8.14332389875085,-4.588));
#10865=CARTESIAN_POINT('Ctrl Pts',(-13.802883248855,8.36922238318073,-4.588));
#10866=CARTESIAN_POINT('Ctrl Pts',(-13.7662762635403,8.37015899583662,-4.588));
#10867=CARTESIAN_POINT('Ctrl Pts',(-14.7041668753567,8.1179937298129,-4.588));
#10868=CARTESIAN_POINT('',(-13.7161987068725,8.14332389875085,-6.588));
#10869=CARTESIAN_POINT('',(-13.7161987068725,8.14332389875085,-4.588));
#10870=CARTESIAN_POINT('',(-14.7041668753567,8.1179937298129,-6.588));
#10871=CARTESIAN_POINT('Ctrl Pts',(-14.7041668753567,8.1179937298129,-6.588));
#10872=CARTESIAN_POINT('Ctrl Pts',(-13.7662762635403,8.37015899583662,-6.588));
#10873=CARTESIAN_POINT('Ctrl Pts',(-13.802883248855,8.36922238318073,-6.588));
#10874=CARTESIAN_POINT('Ctrl Pts',(-13.7161987068725,8.14332389875085,-6.588));
#10875=CARTESIAN_POINT('',(-14.7041668753567,8.1179937298129,-4.588));
#10876=CARTESIAN_POINT('Ctrl Pts',(-17.0134623888066,6.79308644314034,-4.588));
#10877=CARTESIAN_POINT('Ctrl Pts',(-17.0134623888066,6.79308644314034,-6.988));
#10878=CARTESIAN_POINT('Ctrl Pts',(-16.1251622950769,7.56190390103999,-4.588));
#10879=CARTESIAN_POINT('Ctrl Pts',(-16.1251622950769,7.56190390103999,-6.988));
#10880=CARTESIAN_POINT('Ctrl Pts',(-15.5542927185942,7.88943110271739,-4.588));
#10881=CARTESIAN_POINT('Ctrl Pts',(-15.5542927185942,7.88943110271739,-6.988));
#10882=CARTESIAN_POINT('Ctrl Pts',(-14.7041668753567,8.1179937298129,-4.588));
#10883=CARTESIAN_POINT('Ctrl Pts',(-14.7041668753567,8.1179937298129,-6.988));
#10884=CARTESIAN_POINT('',(-17.0134623888066,6.79308644314034,-4.588));
#10885=CARTESIAN_POINT('Ctrl Pts',(-14.7041668753567,8.1179937298129,-4.588));
#10886=CARTESIAN_POINT('Ctrl Pts',(-15.5542927185942,7.88943110271739,-4.588));
#10887=CARTESIAN_POINT('Ctrl Pts',(-16.1251622950769,7.56190390103999,-4.588));
#10888=CARTESIAN_POINT('Ctrl Pts',(-17.0134623888066,6.79308644314034,-4.588));
#10889=CARTESIAN_POINT('',(-17.0134623888066,6.79308644314034,-6.588));
#10890=CARTESIAN_POINT('Ctrl Pts',(-17.0134623888066,6.79308644314034,-6.588));
#10891=CARTESIAN_POINT('Ctrl Pts',(-16.1251622950769,7.56190390103999,-6.588));
#10892=CARTESIAN_POINT('Ctrl Pts',(-15.5542927185942,7.88943110271739,-6.588));
#10893=CARTESIAN_POINT('Ctrl Pts',(-14.7041668753567,8.1179937298129,-6.588));
#10894=CARTESIAN_POINT('',(-17.0134623888066,6.79308644314034,-4.588));
#10895=CARTESIAN_POINT('Ctrl Pts',(-21.3637118084349,6.1830602135574,-4.588));
#10896=CARTESIAN_POINT('Ctrl Pts',(-21.3637118084349,6.1830602135574,-6.988));
#10897=CARTESIAN_POINT('Ctrl Pts',(-20.5955489387137,5.46141056900795,-4.588));
#10898=CARTESIAN_POINT('Ctrl Pts',(-20.5955489387137,5.46141056900795,-6.988));
#10899=CARTESIAN_POINT('Ctrl Pts',(-18.1569998380714,5.80336160558593,-4.588));
#10900=CARTESIAN_POINT('Ctrl Pts',(-18.1569998380714,5.80336160558593,-6.988));
#10901=CARTESIAN_POINT('Ctrl Pts',(-17.0134623888066,6.79308644314034,-4.588));
#10902=CARTESIAN_POINT('Ctrl Pts',(-17.0134623888066,6.79308644314034,-6.988));
#10903=CARTESIAN_POINT('',(-21.3637118084349,6.1830602135574,-4.588));
#10904=CARTESIAN_POINT('Ctrl Pts',(-17.0134623888066,6.79308644314034,-4.588));
#10905=CARTESIAN_POINT('Ctrl Pts',(-18.1569998380714,5.80336160558593,-4.588));
#10906=CARTESIAN_POINT('Ctrl Pts',(-20.5955489387137,5.46141056900795,-4.588));
#10907=CARTESIAN_POINT('Ctrl Pts',(-21.3637118084349,6.1830602135574,-4.588));
#10908=CARTESIAN_POINT('',(-21.3637118084349,6.1830602135574,-6.588));
#10909=CARTESIAN_POINT('Ctrl Pts',(-21.3637118084349,6.1830602135574,-6.588));
#10910=CARTESIAN_POINT('Ctrl Pts',(-20.5955489387137,5.46141056900795,-6.588));
#10911=CARTESIAN_POINT('Ctrl Pts',(-18.1569998380714,5.80336160558593,-6.588));
#10912=CARTESIAN_POINT('Ctrl Pts',(-17.0134623888066,6.79308644314034,-6.588));
#10913=CARTESIAN_POINT('',(-21.3637118084349,6.1830602135574,-4.588));
#10914=CARTESIAN_POINT('Origin',(-21.6869482834677,6.48672668748586,-4.588));
#10915=CARTESIAN_POINT('',(-21.6869482834677,6.48672668748586,-4.588));
#10916=CARTESIAN_POINT('',(-21.3637118084349,6.1830602135574,-4.588));
#10917=CARTESIAN_POINT('',(-21.6869482834677,6.48672668748586,-6.588));
#10918=CARTESIAN_POINT('',(-21.3637118084349,6.1830602135574,-6.588));
#10919=CARTESIAN_POINT('',(-21.6869482834677,6.48672668748586,-4.588));
#10920=CARTESIAN_POINT('Origin',(-22.8729486285079,6.17512606368136,-4.588));
#10921=CARTESIAN_POINT('',(-22.8729486285079,6.17512606368136,-4.588));
#10922=CARTESIAN_POINT('',(-21.6869482834677,6.48672668748586,-4.588));
#10923=CARTESIAN_POINT('',(-22.8729486285079,6.17512606368136,-6.588));
#10924=CARTESIAN_POINT('',(-21.6869482834677,6.48672668748586,-6.588));
#10925=CARTESIAN_POINT('',(-22.8729486285079,6.17512606368136,-4.588));
#10926=CARTESIAN_POINT('Ctrl Pts',(-27.2151234063617,3.5605281261974,-4.588));
#10927=CARTESIAN_POINT('Ctrl Pts',(-27.2151234063617,3.5605281261974,-6.988));
#10928=CARTESIAN_POINT('Ctrl Pts',(-28.7802447815689,3.5605281261974,-4.588));
#10929=CARTESIAN_POINT('Ctrl Pts',(-28.7802447815689,3.5605281261974,-6.988));
#10930=CARTESIAN_POINT('Ctrl Pts',(-25.6496242640499,5.44560054737667,-4.588));
#10931=CARTESIAN_POINT('Ctrl Pts',(-25.6496242640499,5.44560054737667,-6.988));
#10932=CARTESIAN_POINT('Ctrl Pts',(-22.8729486285079,6.17512606368136,-4.588));
#10933=CARTESIAN_POINT('Ctrl Pts',(-22.8729486285079,6.17512606368136,-6.988));
#10934=CARTESIAN_POINT('',(-27.2151234063617,3.5605281261974,-4.588));
#10935=CARTESIAN_POINT('Ctrl Pts',(-22.8729486285079,6.17512606368136,-4.588));
#10936=CARTESIAN_POINT('Ctrl Pts',(-25.6496242640499,5.44560054737667,-4.588));
#10937=CARTESIAN_POINT('Ctrl Pts',(-28.7802447815689,3.5605281261974,-4.588));
#10938=CARTESIAN_POINT('Ctrl Pts',(-27.2151234063617,3.5605281261974,-4.588));
#10939=CARTESIAN_POINT('',(-27.2151234063617,3.5605281261974,-6.588));
#10940=CARTESIAN_POINT('Ctrl Pts',(-27.2151234063617,3.5605281261974,-6.588));
#10941=CARTESIAN_POINT('Ctrl Pts',(-28.7802447815689,3.5605281261974,-6.588));
#10942=CARTESIAN_POINT('Ctrl Pts',(-25.6496242640499,5.44560054737667,-6.588));
#10943=CARTESIAN_POINT('Ctrl Pts',(-22.8729486285079,6.17512606368136,-6.588));
#10944=CARTESIAN_POINT('',(-27.2151234063617,3.5605281261974,-4.588));
#10945=CARTESIAN_POINT('Ctrl Pts',(-26.3525968115604,3.70705181008351,-4.588));
#10946=CARTESIAN_POINT('Ctrl Pts',(-26.3525968115604,3.70705181008351,-6.988));
#10947=CARTESIAN_POINT('Ctrl Pts',(-26.5637915179737,3.62646149444854,-4.588));
#10948=CARTESIAN_POINT('Ctrl Pts',(-26.5637915179737,3.62646149444854,-6.988));
#10949=CARTESIAN_POINT('Ctrl Pts',(-26.9519290059746,3.5605281261974,-4.588));
#10950=CARTESIAN_POINT('Ctrl Pts',(-26.9519290059746,3.5605281261974,-6.988));
#10951=CARTESIAN_POINT('Ctrl Pts',(-27.2151234063617,3.5605281261974,-4.588));
#10952=CARTESIAN_POINT('Ctrl Pts',(-27.2151234063617,3.5605281261974,-6.988));
#10953=CARTESIAN_POINT('',(-26.3525968115604,3.70705181008351,-4.588));
#10954=CARTESIAN_POINT('Ctrl Pts',(-27.2151234063617,3.5605281261974,-4.588));
#10955=CARTESIAN_POINT('Ctrl Pts',(-26.9519290059746,3.5605281261974,-4.588));
#10956=CARTESIAN_POINT('Ctrl Pts',(-26.5637915179737,3.62646149444854,-4.588));
#10957=CARTESIAN_POINT('Ctrl Pts',(-26.3525968115604,3.70705181008351,-4.588));
#10958=CARTESIAN_POINT('',(-26.3525968115604,3.70705181008351,-6.588));
#10959=CARTESIAN_POINT('Ctrl Pts',(-26.3525968115604,3.70705181008351,-6.588));
#10960=CARTESIAN_POINT('Ctrl Pts',(-26.5637915179737,3.62646149444854,-6.588));
#10961=CARTESIAN_POINT('Ctrl Pts',(-26.9519290059746,3.5605281261974,-6.588));
#10962=CARTESIAN_POINT('Ctrl Pts',(-27.2151234063617,3.5605281261974,-6.588));
#10963=CARTESIAN_POINT('',(-26.3525968115604,3.70705181008351,-4.588));
#10964=CARTESIAN_POINT('Ctrl Pts',(-21.4672699477535,4.38035975342072,-4.588));
#10965=CARTESIAN_POINT('Ctrl Pts',(-21.4672699477535,4.38035975342072,-6.988));
#10966=CARTESIAN_POINT('Ctrl Pts',(-24.3060534091879,4.27162943088016,-4.588));
#10967=CARTESIAN_POINT('Ctrl Pts',(-24.3060534091879,4.27162943088016,-6.988));
#10968=CARTESIAN_POINT('Ctrl Pts',(-25.1935917246241,4.14930781802203,-4.588));
#10969=CARTESIAN_POINT('Ctrl Pts',(-25.1935917246241,4.14930781802203,-6.988));
#10970=CARTESIAN_POINT('Ctrl Pts',(-26.3525968115604,3.70705181008351,-4.588));
#10971=CARTESIAN_POINT('Ctrl Pts',(-26.3525968115604,3.70705181008351,-6.988));
#10972=CARTESIAN_POINT('',(-21.4672699477535,4.38035975342072,-4.588));
#10973=CARTESIAN_POINT('Ctrl Pts',(-26.3525968115604,3.70705181008351,-4.588));
#10974=CARTESIAN_POINT('Ctrl Pts',(-25.1935917246241,4.14930781802203,-4.588));
#10975=CARTESIAN_POINT('Ctrl Pts',(-24.3060534091879,4.27162943088016,-4.588));
#10976=CARTESIAN_POINT('Ctrl Pts',(-21.4672699477535,4.38035975342072,-4.588));
#10977=CARTESIAN_POINT('',(-21.4672699477535,4.38035975342072,-6.588));
#10978=CARTESIAN_POINT('Ctrl Pts',(-21.4672699477535,4.38035975342072,-6.588));
#10979=CARTESIAN_POINT('Ctrl Pts',(-24.3060534091879,4.27162943088016,-6.588));
#10980=CARTESIAN_POINT('Ctrl Pts',(-25.1935917246241,4.14930781802203,-6.588));
#10981=CARTESIAN_POINT('Ctrl Pts',(-26.3525968115604,3.70705181008351,-6.588));
#10982=CARTESIAN_POINT('',(-21.4672699477535,4.38035975342072,-4.588));
#10983=CARTESIAN_POINT('Ctrl Pts',(-16.3440611609252,5.81859300873202,-4.588));
#10984=CARTESIAN_POINT('Ctrl Pts',(-16.3440611609252,5.81859300873202,-6.988));
#10985=CARTESIAN_POINT('Ctrl Pts',(-17.7403737151207,4.53662837165091,-4.588));
#10986=CARTESIAN_POINT('Ctrl Pts',(-17.7403737151207,4.53662837165091,-6.988));
#10987=CARTESIAN_POINT('Ctrl Pts',(-17.796158364905,4.52096820804457,-4.588));
#10988=CARTESIAN_POINT('Ctrl Pts',(-17.796158364905,4.52096820804457,-6.988));
#10989=CARTESIAN_POINT('Ctrl Pts',(-21.4672699477535,4.38035975342072,-4.588));
#10990=CARTESIAN_POINT('Ctrl Pts',(-21.4672699477535,4.38035975342072,-6.988));
#10991=CARTESIAN_POINT('',(-16.3440611609252,5.81859300873202,-4.588));
#10992=CARTESIAN_POINT('Ctrl Pts',(-21.4672699477535,4.38035975342072,-4.588));
#10993=CARTESIAN_POINT('Ctrl Pts',(-17.796158364905,4.52096820804457,-4.588));
#10994=CARTESIAN_POINT('Ctrl Pts',(-17.7403737151207,4.53662837165091,-4.588));
#10995=CARTESIAN_POINT('Ctrl Pts',(-16.3440611609252,5.81859300873202,-4.588));
#10996=CARTESIAN_POINT('',(-16.3440611609252,5.81859300873202,-6.588));
#10997=CARTESIAN_POINT('Ctrl Pts',(-16.3440611609252,5.81859300873202,-6.588));
#10998=CARTESIAN_POINT('Ctrl Pts',(-17.7403737151207,4.53662837165091,-6.588));
#10999=CARTESIAN_POINT('Ctrl Pts',(-17.796158364905,4.52096820804457,-6.588));
#11000=CARTESIAN_POINT('Ctrl Pts',(-21.4672699477535,4.38035975342072,-6.588));
#11001=CARTESIAN_POINT('',(-16.3440611609252,5.81859300873202,-4.588));
#11002=CARTESIAN_POINT('Ctrl Pts',(-14.5984149810619,7.19965959025124,-4.588));
#11003=CARTESIAN_POINT('Ctrl Pts',(-14.5984149810619,7.19965959025124,-6.988));
#11004=CARTESIAN_POINT('Ctrl Pts',(-14.9467682854832,7.00172627836452,-4.588));
#11005=CARTESIAN_POINT('Ctrl Pts',(-14.9467682854832,7.00172627836452,-6.988));
#11006=CARTESIAN_POINT('Ctrl Pts',(-15.732309482694,6.38024839804233,-4.588));
#11007=CARTESIAN_POINT('Ctrl Pts',(-15.732309482694,6.38024839804233,-6.988));
#11008=CARTESIAN_POINT('Ctrl Pts',(-16.3440611609252,5.81859300873202,-4.588));
#11009=CARTESIAN_POINT('Ctrl Pts',(-16.3440611609252,5.81859300873202,-6.988));
#11010=CARTESIAN_POINT('',(-14.5984149810619,7.19965959025124,-4.588));
#11011=CARTESIAN_POINT('Ctrl Pts',(-16.3440611609252,5.81859300873202,-4.588));
#11012=CARTESIAN_POINT('Ctrl Pts',(-15.732309482694,6.38024839804233,-4.588));
#11013=CARTESIAN_POINT('Ctrl Pts',(-14.9467682854832,7.00172627836452,-4.588));
#11014=CARTESIAN_POINT('Ctrl Pts',(-14.5984149810619,7.19965959025124,-4.588));
#11015=CARTESIAN_POINT('',(-14.5984149810619,7.19965959025124,-6.588));
#11016=CARTESIAN_POINT('Ctrl Pts',(-14.5984149810619,7.19965959025124,-6.588));
#11017=CARTESIAN_POINT('Ctrl Pts',(-14.9467682854832,7.00172627836452,-6.588));
#11018=CARTESIAN_POINT('Ctrl Pts',(-15.732309482694,6.38024839804233,-6.588));
#11019=CARTESIAN_POINT('Ctrl Pts',(-16.3440611609252,5.81859300873202,-6.588));
#11020=CARTESIAN_POINT('',(-14.5984149810619,7.19965959025124,-4.588));
#11021=CARTESIAN_POINT('Ctrl Pts',(-13.7161987068725,8.14332389875085,-4.588));
#11022=CARTESIAN_POINT('Ctrl Pts',(-13.7161987068725,8.14332389875085,-6.988));
#11023=CARTESIAN_POINT('Ctrl Pts',(-13.6148655429519,7.87925324519015,-4.588));
#11024=CARTESIAN_POINT('Ctrl Pts',(-13.6148655429519,7.87925324519015,-6.988));
#11025=CARTESIAN_POINT('Ctrl Pts',(-13.8556540872489,7.62169309026855,-4.588));
#11026=CARTESIAN_POINT('Ctrl Pts',(-13.8556540872489,7.62169309026855,-6.988));
#11027=CARTESIAN_POINT('Ctrl Pts',(-14.5984149810619,7.19965959025124,-4.588));
#11028=CARTESIAN_POINT('Ctrl Pts',(-14.5984149810619,7.19965959025124,-6.988));
#11029=CARTESIAN_POINT('Ctrl Pts',(-14.5984149810619,7.19965959025124,-4.588));
#11030=CARTESIAN_POINT('Ctrl Pts',(-13.8556540872489,7.62169309026855,-4.588));
#11031=CARTESIAN_POINT('Ctrl Pts',(-13.6148655429519,7.87925324519015,-4.588));
#11032=CARTESIAN_POINT('Ctrl Pts',(-13.7161987068725,8.14332389875085,-4.588));
#11033=CARTESIAN_POINT('Ctrl Pts',(-13.7161987068725,8.14332389875085,-6.588));
#11034=CARTESIAN_POINT('Ctrl Pts',(-13.6148655429519,7.87925324519015,-6.588));
#11035=CARTESIAN_POINT('Ctrl Pts',(-13.8556540872489,7.62169309026855,-6.588));
#11036=CARTESIAN_POINT('Ctrl Pts',(-14.5984149810619,7.19965959025124,-6.588));
#11037=CARTESIAN_POINT('Origin',(-21.1975551622604,5.96534356101701,-6.588));
#11038=CARTESIAN_POINT('Origin',(-21.1975551622604,5.96534356101701,-4.588));
#11039=CARTESIAN_POINT('Origin',(25.3,-72.594493453116,-4.16949345311602));
#11040=CARTESIAN_POINT('',(-25.3,-72.594493453116,-5.225));
#11041=CARTESIAN_POINT('',(25.3,-72.594493453116,-5.225));
#11042=CARTESIAN_POINT('',(12.65,-72.594493453116,-5.225));
#11043=CARTESIAN_POINT('',(-25.3,-72.594493453116,-4.16949345311602));
#11044=CARTESIAN_POINT('',(-25.3,-72.594493453116,-5.66949345311602));
#11045=CARTESIAN_POINT('',(25.3,-72.594493453116,-4.16949345311602));
#11046=CARTESIAN_POINT('',(25.3,-72.594493453116,-4.16949345311602));
#11047=CARTESIAN_POINT('',(25.3,-72.594493453116,-5.66949345311602));
#11048=CARTESIAN_POINT('Origin',(-25.3,-72.644493453116,-5.66949345311602));
#11049=CARTESIAN_POINT('',(-25.3,-72.6,-5.225));
#11050=CARTESIAN_POINT('',(-25.3,-36.322246726558,-5.225));
#11051=CARTESIAN_POINT('',(-25.3,-72.6,-5.66949345311602));
#11052=CARTESIAN_POINT('',(-25.3,-72.6,-5.225));
#11053=CARTESIAN_POINT('',(-25.3,-72.644493453116,-5.66949345311602));
#11054=CARTESIAN_POINT('',(-25.3,-72.644493453116,-5.66949345311602));
#11055=CARTESIAN_POINT('',(-25.3,-72.644493453116,-4.16949345311602));
#11056=CARTESIAN_POINT('',(-25.3,-72.644493453116,-5.66949345311602));
#11057=CARTESIAN_POINT('',(-25.3,-72.644493453116,-4.16949345311602));
#11058=CARTESIAN_POINT('Origin',(-25.3,-72.644493453116,-4.16949345311602));
#11059=CARTESIAN_POINT('',(25.3,-72.644493453116,-4.16949345311602));
#11060=CARTESIAN_POINT('',(25.3,-72.644493453116,-4.16949345311602));
#11061=CARTESIAN_POINT('',(25.3,-72.644493453116,-4.16949345311602));
#11062=CARTESIAN_POINT('Origin',(25.3,-72.644493453116,-5.66949345311602));
#11063=CARTESIAN_POINT('',(25.3,-72.6,-5.66949345311602));
#11064=CARTESIAN_POINT('',(25.3,-72.6,-5.66949345311602));
#11065=CARTESIAN_POINT('',(25.3,-72.644493453116,-5.66949345311602));
#11066=CARTESIAN_POINT('',(25.3,-72.644493453116,-5.66949345311602));
#11067=CARTESIAN_POINT('',(25.3,-72.644493453116,-5.66949345311602));
#11068=CARTESIAN_POINT('Origin',(25.3,-72.644493453116,-4.16949345311602));
#11069=CARTESIAN_POINT('',(25.3,-72.6,-5.225));
#11070=CARTESIAN_POINT('',(25.3,-36.322246726558,-5.225));
#11071=CARTESIAN_POINT('',(25.3,-72.644493453116,-5.66949345311602));
#11072=CARTESIAN_POINT('',(25.3,-72.6,-5.225));
#11073=CARTESIAN_POINT('Origin',(25.3,-72.6,-5.225));
#11074=CARTESIAN_POINT('',(-25.3,-72.6,-5.688));
#11075=CARTESIAN_POINT('',(-25.3,-72.6,-5.225));
#11076=CARTESIAN_POINT('',(25.3,-72.6,-5.688));
#11077=CARTESIAN_POINT('',(25.3,-72.6,-5.688));
#11078=CARTESIAN_POINT('',(25.3,-72.6,-5.225));
#11079=CARTESIAN_POINT('Origin',(-25.3,72.6,-5.688));
#11080=CARTESIAN_POINT('',(-25.3,72.644493453116,-5.225));
#11081=CARTESIAN_POINT('',(-25.3,72.644493453116,-5.66949345311602));
#11082=CARTESIAN_POINT('',(-25.3,72.644493453116,-5.66949345311602));
#11083=CARTESIAN_POINT('',(-25.3,72.65,-5.66870259970351));
#11084=CARTESIAN_POINT('Origin',(-25.3,72.3629232448335,-3.68941309671435));
#11085=CARTESIAN_POINT('',(-25.3,72.65,-5.688));
#11086=CARTESIAN_POINT('',(-25.3,72.65,-5.225));
#11087=CARTESIAN_POINT('',(-25.3,72.6,-5.688));
#11088=CARTESIAN_POINT('',(-25.3,72.6,-5.688));
#11089=CARTESIAN_POINT('',(-25.3,72.6,-5.225));
#11090=CARTESIAN_POINT('',(-25.3,72.6,-5.225));
#11091=CARTESIAN_POINT('',(-25.3,72.6,-5.225));
#11092=CARTESIAN_POINT('Origin',(-25.3,72.65,-5.225));
#11093=CARTESIAN_POINT('',(25.3,72.65,-5.66870259970351));
#11094=CARTESIAN_POINT('',(-25.3,72.65,-5.66870259970351));
#11095=CARTESIAN_POINT('',(25.3,72.65,-5.688));
#11096=CARTESIAN_POINT('',(25.3,72.65,-5.225));
#11097=CARTESIAN_POINT('',(-25.3,72.65,-5.688));
#11098=CARTESIAN_POINT('Origin',(25.3,72.6,-5.225));
#11099=CARTESIAN_POINT('',(25.3,72.644493453116,-5.225));
#11100=CARTESIAN_POINT('',(25.3,72.644493453116,-5.66949345311602));
#11101=CARTESIAN_POINT('',(25.3,72.644493453116,-5.66949345311602));
#11102=CARTESIAN_POINT('',(25.3,72.6,-5.225));
#11103=CARTESIAN_POINT('',(25.3,72.6,-5.225));
#11104=CARTESIAN_POINT('',(25.3,72.6,-5.688));
#11105=CARTESIAN_POINT('',(25.3,72.6,-5.225));
#11106=CARTESIAN_POINT('',(25.3,72.6,-5.688));
#11107=CARTESIAN_POINT('Origin',(25.3,72.3629232448335,-3.68941309671435));
#11108=CARTESIAN_POINT('Origin',(-25.3,72.644493453116,-4.16949345311602));
#11109=CARTESIAN_POINT('',(-25.3,72.644493453116,-5.225));
#11110=CARTESIAN_POINT('',(25.3,72.644493453116,-4.16949345311602));
#11111=CARTESIAN_POINT('',(25.3,72.644493453116,-5.66949345311602));
#11112=CARTESIAN_POINT('',(-25.3,72.644493453116,-4.16949345311602));
#11113=CARTESIAN_POINT('',(-25.3,72.644493453116,-4.16949345311602));
#11114=CARTESIAN_POINT('',(-25.3,72.644493453116,-5.66949345311602));
#11115=CARTESIAN_POINT('Origin',(34.6,63.3,-5.688));
#11116=CARTESIAN_POINT('',(34.644493453116,63.3,-5.225));
#11117=CARTESIAN_POINT('',(34.644493453116,63.3,-5.66949345311602));
#11118=CARTESIAN_POINT('',(34.644493453116,63.3,-5.66949345311602));
#11119=CARTESIAN_POINT('',(34.65,63.3,-5.66870259970351));
#11120=CARTESIAN_POINT('Origin',(34.3629232448335,63.3,-3.68941309671435));
#11121=CARTESIAN_POINT('',(34.65,63.3,-5.688));
#11122=CARTESIAN_POINT('',(34.65,63.3,-5.225));
#11123=CARTESIAN_POINT('',(34.6,63.3,-5.688));
#11124=CARTESIAN_POINT('',(34.6,63.3,-5.688));
#11125=CARTESIAN_POINT('',(34.6,63.3,-5.225));
#11126=CARTESIAN_POINT('',(34.6,63.3,-5.225));
#11127=CARTESIAN_POINT('',(34.6,63.3,-5.225));
#11128=CARTESIAN_POINT('Origin',(34.65,63.3,-5.225));
#11129=CARTESIAN_POINT('',(34.65,-63.3,-5.66870259970351));
#11130=CARTESIAN_POINT('',(34.65,63.3,-5.66870259970351));
#11131=CARTESIAN_POINT('',(34.65,-63.3,-5.688));
#11132=CARTESIAN_POINT('',(34.65,-63.3,-5.225));
#11133=CARTESIAN_POINT('',(34.65,63.3,-5.688));
#11134=CARTESIAN_POINT('Origin',(34.6,-63.3,-5.225));
#11135=CARTESIAN_POINT('',(34.644493453116,-63.3,-5.225));
#11136=CARTESIAN_POINT('',(34.644493453116,-63.3,-5.66949345311602));
#11137=CARTESIAN_POINT('',(34.644493453116,-63.3,-5.66949345311602));
#11138=CARTESIAN_POINT('',(34.6,-63.3,-5.225));
#11139=CARTESIAN_POINT('',(34.6,-63.3,-5.225));
#11140=CARTESIAN_POINT('',(34.6,-63.3,-5.688));
#11141=CARTESIAN_POINT('',(34.6,-63.3,-5.225));
#11142=CARTESIAN_POINT('',(34.6,-63.3,-5.688));
#11143=CARTESIAN_POINT('Origin',(34.3629232448335,-63.3,-3.68941309671435));
#11144=CARTESIAN_POINT('Origin',(34.644493453116,0.,-4.16949345311602));
#11145=CARTESIAN_POINT('',(34.644493453116,31.65,-5.225));
#11146=CARTESIAN_POINT('',(34.644493453116,-63.3,-4.16949345311602));
#11147=CARTESIAN_POINT('',(34.644493453116,-63.3,-5.66949345311602));
#11148=CARTESIAN_POINT('',(34.644493453116,63.3,-4.16949345311602));
#11149=CARTESIAN_POINT('',(34.644493453116,63.3,-4.16949345311602));
#11150=CARTESIAN_POINT('',(34.644493453116,63.3,-5.66949345311602));
#11151=CARTESIAN_POINT('Origin',(-34.544493453116,-63.3,-4.16949345311602));
#11152=CARTESIAN_POINT('',(-34.544493453116,63.3,-5.225));
#11153=CARTESIAN_POINT('',(-34.544493453116,-63.3,-5.225));
#11154=CARTESIAN_POINT('',(-34.544493453116,-31.65,-5.225));
#11155=CARTESIAN_POINT('',(-34.544493453116,63.3,-4.16949345311602));
#11156=CARTESIAN_POINT('',(-34.544493453116,63.3,-5.66949345311602));
#11157=CARTESIAN_POINT('',(-34.544493453116,-63.3,-4.16949345311602));
#11158=CARTESIAN_POINT('',(-34.544493453116,-63.3,-4.16949345311602));
#11159=CARTESIAN_POINT('',(-34.544493453116,-63.3,-5.66949345311602));
#11160=CARTESIAN_POINT('Origin',(-34.644493453116,63.3,-5.66949345311602));
#11161=CARTESIAN_POINT('',(-34.6,63.3,-5.225));
#11162=CARTESIAN_POINT('',(-17.322246726558,63.3,-5.225));
#11163=CARTESIAN_POINT('',(-34.6,63.3,-5.66949345311602));
#11164=CARTESIAN_POINT('',(-34.6,63.3,-5.225));
#11165=CARTESIAN_POINT('',(-34.644493453116,63.3,-5.66949345311602));
#11166=CARTESIAN_POINT('',(-34.644493453116,63.3,-5.66949345311602));
#11167=CARTESIAN_POINT('',(-34.644493453116,63.3,-4.16949345311602));
#11168=CARTESIAN_POINT('',(-34.644493453116,63.3,-5.66949345311602));
#11169=CARTESIAN_POINT('',(-34.644493453116,63.3,-4.16949345311602));
#11170=CARTESIAN_POINT('Origin',(-34.644493453116,63.3,-4.16949345311602));
#11171=CARTESIAN_POINT('',(-34.644493453116,-63.3,-4.16949345311602));
#11172=CARTESIAN_POINT('',(-34.644493453116,-63.3,-4.16949345311602));
#11173=CARTESIAN_POINT('',(-34.644493453116,-63.3,-4.16949345311602));
#11174=CARTESIAN_POINT('Origin',(-34.644493453116,-63.3,-5.66949345311602));
#11175=CARTESIAN_POINT('',(-34.6,-63.3,-5.66949345311602));
#11176=CARTESIAN_POINT('',(-34.6,-63.3,-5.66949345311602));
#11177=CARTESIAN_POINT('',(-34.644493453116,-63.3,-5.66949345311602));
#11178=CARTESIAN_POINT('',(-34.644493453116,-63.3,-5.66949345311602));
#11179=CARTESIAN_POINT('',(-34.644493453116,-63.3,-5.66949345311602));
#11180=CARTESIAN_POINT('Origin',(-34.644493453116,-63.3,-4.16949345311602));
#11181=CARTESIAN_POINT('',(-34.6,-63.3,-5.225));
#11182=CARTESIAN_POINT('',(-17.322246726558,-63.3,-5.225));
#11183=CARTESIAN_POINT('',(-34.644493453116,-63.3,-5.66949345311602));
#11184=CARTESIAN_POINT('',(-34.6,-63.3,-5.225));
#11185=CARTESIAN_POINT('Origin',(-34.6,-63.3,-5.225));
#11186=CARTESIAN_POINT('',(-34.6,63.3,-5.688));
#11187=CARTESIAN_POINT('',(-34.6,63.3,-5.225));
#11188=CARTESIAN_POINT('',(-34.6,-63.3,-5.688));
#11189=CARTESIAN_POINT('',(-34.6,-63.3,-5.688));
#11190=CARTESIAN_POINT('',(-34.6,-63.3,-5.225));
#11191=CARTESIAN_POINT('Origin',(-34.5486291206899,-43.2,-5.188));
#11192=CARTESIAN_POINT('',(-34.5486291206899,-43.2,-5.688));
#11193=CARTESIAN_POINT('',(-34.05,-43.2,-5.225));
#11194=CARTESIAN_POINT('Origin',(-34.5486291206899,-43.2,-5.188));
#11195=CARTESIAN_POINT('',(-34.05,-63.2,-5.225));
#11196=CARTESIAN_POINT('',(-34.05,-43.2,-5.225));
#11197=CARTESIAN_POINT('',(-34.5486291206899,-63.2,-5.688));
#11198=CARTESIAN_POINT('Origin',(-34.5486291206899,-63.1999999999999,-5.188));
#11199=CARTESIAN_POINT('',(-34.5486291206899,-43.2,-5.688));
#11200=CARTESIAN_POINT('Origin',(-25.2,-43.2,-5.188));
#11201=CARTESIAN_POINT('',(-25.2,-33.8513708793101,-5.688));
#11202=CARTESIAN_POINT('',(-25.2,-34.35,-5.225));
#11203=CARTESIAN_POINT('Origin',(-25.2,-33.8513708793101,-5.188));
#11204=CARTESIAN_POINT('Origin',(-25.2,-43.2,-5.225));
#11205=CARTESIAN_POINT('Origin',(-25.2,-43.2,-5.688));
#11206=CARTESIAN_POINT('Origin',(-25.2,-63.2,-5.188));
#11207=CARTESIAN_POINT('',(-25.2,-72.05,-5.225));
#11208=CARTESIAN_POINT('',(-25.2,-72.5486291206899,-5.688));
#11209=CARTESIAN_POINT('Origin',(-25.2,-72.5486291206899,-5.188));
#11210=CARTESIAN_POINT('Origin',(-25.2,-63.2,-5.688));
#11211=CARTESIAN_POINT('Origin',(-25.2,-63.2,-5.225));
#11212=CARTESIAN_POINT('Origin',(-5.20000000000001,-33.8513708793101,-5.188));
#11213=CARTESIAN_POINT('',(-5.20000000000001,-33.8513708793101,-5.688));
#11214=CARTESIAN_POINT('',(-5.20000000000001,-34.35,-5.225));
#11215=CARTESIAN_POINT('Origin',(-5.20000000000001,-33.8513708793101,-5.188));
#11216=CARTESIAN_POINT('',(-5.20000000000001,-34.35,-5.225));
#11217=CARTESIAN_POINT('',(-5.20000000000001,-33.8513708793101,-5.688));
#11218=CARTESIAN_POINT('Origin',(-25.2,-72.5486291206899,-5.188));
#11219=CARTESIAN_POINT('',(-5.20000000000001,-72.05,-5.225));
#11220=CARTESIAN_POINT('',(-5.20000000000001,-72.5486291206899,-5.688));
#11221=CARTESIAN_POINT('Origin',(-5.19999999999992,-72.5486291206899,-5.188));
#11222=CARTESIAN_POINT('',(-25.2,-72.5486291206899,-5.688));
#11223=CARTESIAN_POINT('',(-25.2,-72.05,-5.225));
#11224=CARTESIAN_POINT('Origin',(-5.20000000000001,-43.2,-5.188));
#11225=CARTESIAN_POINT('',(4.14862912068991,-43.2,-5.688));
#11226=CARTESIAN_POINT('',(3.64999999999999,-43.2,-5.225));
#11227=CARTESIAN_POINT('Origin',(4.14862912068991,-43.2,-5.188));
#11228=CARTESIAN_POINT('Origin',(-5.20000000000001,-43.2,-5.225));
#11229=CARTESIAN_POINT('Origin',(-5.20000000000001,-43.2,-5.688));
#11230=CARTESIAN_POINT('Origin',(-5.2,-63.2,-5.188));
#11231=CARTESIAN_POINT('',(3.64999999999999,-63.2,-5.225));
#11232=CARTESIAN_POINT('',(4.14862912068991,-63.2,-5.688));
#11233=CARTESIAN_POINT('Origin',(4.14862912068991,-63.2,-5.188));
#11234=CARTESIAN_POINT('Origin',(-5.2,-63.2,-5.688));
#11235=CARTESIAN_POINT('Origin',(-5.2,-63.2,-5.225));
#11236=CARTESIAN_POINT('Origin',(4.14862912068991,-63.2,-5.188));
#11237=CARTESIAN_POINT('',(3.64999999999999,-63.2,-5.225));
#11238=CARTESIAN_POINT('',(4.14862912068991,-63.2,-5.688));
#11239=CARTESIAN_POINT('Origin',(-8.88178419700125E-15,8.89913143176102E-15,
-5.688));
#11240=CARTESIAN_POINT('Origin',(25.3,63.3,-5.688));
#11241=CARTESIAN_POINT('Origin',(25.3,-63.3,-5.688));
#11242=CARTESIAN_POINT('Origin',(-25.3,-63.3,-5.688));
#11243=CARTESIAN_POINT('Origin',(-25.3,63.3,-5.688));
#11244=CARTESIAN_POINT('Origin',(-25.3,63.3,-5.225));
#11245=CARTESIAN_POINT('Origin',(-25.3,63.3,-5.225));
#11246=CARTESIAN_POINT('Origin',(-25.3,-63.3,-5.225));
#11247=CARTESIAN_POINT('Origin',(-25.3,-63.3,-5.225));
#11248=CARTESIAN_POINT('Origin',(25.3,-63.3,-5.225));
#11249=CARTESIAN_POINT('Origin',(25.3,-63.3,-5.225));
#11250=CARTESIAN_POINT('Origin',(25.3,63.3,-5.225));
#11251=CARTESIAN_POINT('Origin',(25.3,63.3,-5.225));
#11252=CARTESIAN_POINT('Origin',(-8.88178419700125E-15,8.89913143176102E-15,
-5.225));
#11253=CARTESIAN_POINT('Origin',(34.3629232448335,63.3,-3.68941309671435));
#11254=CARTESIAN_POINT('',(36.3629232448335,63.3,-3.68941309671435));
#11255=CARTESIAN_POINT('Origin',(34.3629232448335,63.3,-3.68941309671435));
#11256=CARTESIAN_POINT('',(36.3629232448335,-63.3,-3.68941309671435));
#11257=CARTESIAN_POINT('',(36.3629232448335,63.3,-3.68941309671435));
#11258=CARTESIAN_POINT('Origin',(34.3629232448335,-63.3,-3.68941309671435));
#11259=CARTESIAN_POINT('Origin',(25.3,-63.3,-3.68941309671435));
#11260=CARTESIAN_POINT('',(25.3,-74.3629232448335,-3.68941309671435));
#11261=CARTESIAN_POINT('Origin',(25.3,-72.3629232448335,-3.68941309671435));
#11262=CARTESIAN_POINT('Origin',(25.3,-63.3,-5.66949345311601));
#11263=CARTESIAN_POINT('Origin',(25.3,-63.3,-3.68941309671435));
#11264=CARTESIAN_POINT('Origin',(25.3,63.3,-3.68941309671435));
#11265=CARTESIAN_POINT('',(25.3,74.3629232448335,-3.68941309671435));
#11266=CARTESIAN_POINT('Origin',(25.3,72.3629232448335,-3.68941309671435));
#11267=CARTESIAN_POINT('Origin',(25.3,63.3,-3.68941309671435));
#11268=CARTESIAN_POINT('Origin',(25.3,63.3,-5.66949345311601));
#11269=CARTESIAN_POINT('Origin',(25.3,-72.3629232448335,-3.68941309671435));
#11270=CARTESIAN_POINT('',(-25.3,-74.3629232448335,-3.68941309671435));
#11271=CARTESIAN_POINT('',(25.3,-74.3629232448335,-3.68941309671435));
#11272=CARTESIAN_POINT('Origin',(-25.3,-72.3629232448335,-3.68941309671435));
#11273=CARTESIAN_POINT('Origin',(-25.3,72.3629232448335,-3.68941309671435));
#11274=CARTESIAN_POINT('',(-25.3,74.3629232448335,-3.68941309671435));
#11275=CARTESIAN_POINT('Origin',(-25.3,72.3629232448335,-3.68941309671435));
#11276=CARTESIAN_POINT('',(-25.3,74.3629232448335,-3.68941309671435));
#11277=CARTESIAN_POINT('Origin',(-25.3,-63.3,-3.68941309671435));
#11278=CARTESIAN_POINT('',(-36.3629232448335,-63.3,-3.68941309671435));
#11279=CARTESIAN_POINT('Origin',(-34.3629232448335,-63.3,-3.68941309671435));
#11280=CARTESIAN_POINT('Origin',(-25.3,-63.3,-5.66949345311601));
#11281=CARTESIAN_POINT('Origin',(-25.3,-63.3,-3.68941309671435));
#11282=CARTESIAN_POINT('Origin',(-25.3,63.3,-3.68941309671435));
#11283=CARTESIAN_POINT('',(-36.3629232448335,63.3,-3.68941309671436));
#11284=CARTESIAN_POINT('Origin',(-34.3629232448335,63.3,-3.68941309671435));
#11285=CARTESIAN_POINT('Origin',(-25.3,63.3,-3.68941309671435));
#11286=CARTESIAN_POINT('Origin',(-25.3,63.3,-5.66949345311602));
#11287=CARTESIAN_POINT('Origin',(-34.3629232448335,-63.3,-3.68941309671435));
#11288=CARTESIAN_POINT('',(-36.3629232448335,-63.3,-3.68941309671435));
#11289=CARTESIAN_POINT('Origin',(-25.3,-63.3,-0.650000000000001));
#11290=CARTESIAN_POINT('',(-25.3,-74.3629232448335,2.38941309671436));
#11291=CARTESIAN_POINT('',(-25.3,-74.3629232448335,4.36949345311602));
#11292=CARTESIAN_POINT('',(-36.3629232448335,-63.3,2.38941309671436));
#11293=CARTESIAN_POINT('Origin',(-25.3,-63.3,2.38941309671436));
#11294=CARTESIAN_POINT('',(-36.3629232448335,-63.3,4.36949345311602));
#11295=CARTESIAN_POINT('Origin',(25.3,-74.3629232448335,-5.66949345311602));
#11296=CARTESIAN_POINT('',(25.3,-74.3629232448335,2.38941309671436));
#11297=CARTESIAN_POINT('',(25.3,-74.3629232448335,4.36949345311602));
#11298=CARTESIAN_POINT('',(25.3,-74.3629232448335,2.38941309671436));
#11299=CARTESIAN_POINT('Origin',(25.3,-63.3,-0.650000000000001));
#11300=CARTESIAN_POINT('',(36.3629232448335,-63.3,2.38941309671435));
#11301=CARTESIAN_POINT('',(36.3629232448335,-63.3,4.36949345311602));
#11302=CARTESIAN_POINT('Origin',(25.3,-63.3,2.38941309671436));
#11303=CARTESIAN_POINT('Origin',(36.3629232448335,0.,-5.66949345311602));
#11304=CARTESIAN_POINT('',(36.3629232448335,63.3,2.38941309671435));
#11305=CARTESIAN_POINT('',(36.3629232448335,63.3,4.36949345311602));
#11306=CARTESIAN_POINT('',(36.3629232448335,63.3,2.38941309671435));
#11307=CARTESIAN_POINT('',(36.3629232448335,-25.895,-2.015));
#11308=CARTESIAN_POINT('',(36.3629232448335,-34.525,-2.015));
#11309=CARTESIAN_POINT('',(36.3629232448335,-12.9475,-2.015));
#11310=CARTESIAN_POINT('',(36.3629232448335,-34.525,2.015));
#11311=CARTESIAN_POINT('Origin',(36.3629232448335,-34.525,0.));
#11312=CARTESIAN_POINT('',(36.3629232448335,-25.895,2.015));
#11313=CARTESIAN_POINT('',(36.3629232448335,-17.2625,2.015));
#11314=CARTESIAN_POINT('Origin',(36.3629232448335,-25.895,0.));
#11315=CARTESIAN_POINT('',(36.3629232448335,-40.93,-1.45));
#11316=CARTESIAN_POINT('',(36.3629232448335,-44.58,-1.45));
#11317=CARTESIAN_POINT('',(36.3629232448335,-20.465,-1.45));
#11318=CARTESIAN_POINT('',(36.3629232448335,-44.58,1.45));
#11319=CARTESIAN_POINT('Origin',(36.3629232448335,-44.58,0.));
#11320=CARTESIAN_POINT('',(36.3629232448335,-40.93,1.45));
#11321=CARTESIAN_POINT('',(36.3629232448335,-22.29,1.45));
#11322=CARTESIAN_POINT('Origin',(36.3629232448335,-40.93,0.));
#11323=CARTESIAN_POINT('',(36.3629232448335,-11.525,-2.015));
#11324=CARTESIAN_POINT('',(36.3629232448335,-20.155,-2.015));
#11325=CARTESIAN_POINT('',(36.3629232448335,-5.7625,-2.015));
#11326=CARTESIAN_POINT('',(36.3629232448335,-20.155,2.015));
#11327=CARTESIAN_POINT('Origin',(36.3629232448335,-20.155,0.));
#11328=CARTESIAN_POINT('',(36.3629232448335,-11.525,2.015));
#11329=CARTESIAN_POINT('',(36.3629232448335,-10.0775,2.015));
#11330=CARTESIAN_POINT('Origin',(36.3629232448335,-11.525,3.85185988877447E-31));
#11331=CARTESIAN_POINT('Origin',(34.3629232448335,63.3,2.38941309671435));
#11332=CARTESIAN_POINT('',(34.6444934531161,-63.3,4.36949345311602));
#11333=CARTESIAN_POINT('Origin',(34.3629232448335,-63.3,2.38941309671435));
#11334=CARTESIAN_POINT('',(34.644493453116,63.3,4.36949345311602));
#11335=CARTESIAN_POINT('Origin',(34.3629232448335,63.3,2.38941309671435));
#11336=CARTESIAN_POINT('',(34.644493453116,63.3,4.36949345311602));
#11337=CARTESIAN_POINT('Origin',(25.3,-63.3,2.38941309671436));
#11338=CARTESIAN_POINT('',(25.3,-72.644493453116,4.36949345311602));
#11339=CARTESIAN_POINT('Origin',(25.3,-72.3629232448335,2.38941309671436));
#11340=CARTESIAN_POINT('Origin',(25.3,-63.3,4.36949345311602));
#11341=CARTESIAN_POINT('Origin',(25.3,63.3,2.38941309671436));
#11342=CARTESIAN_POINT('',(25.3,74.3629232448335,2.38941309671436));
#11343=CARTESIAN_POINT('',(25.3,72.644493453116,4.36949345311602));
#11344=CARTESIAN_POINT('Origin',(25.3,72.3629232448335,2.38941309671436));
#11345=CARTESIAN_POINT('Origin',(25.3,63.3,4.36949345311602));
#11346=CARTESIAN_POINT('Origin',(25.3,63.3,2.38941309671436));
#11347=CARTESIAN_POINT('Origin',(25.3,-72.3629232448335,2.38941309671436));
#11348=CARTESIAN_POINT('',(-25.3,-72.644493453116,4.36949345311602));
#11349=CARTESIAN_POINT('',(25.3,-72.644493453116,4.36949345311602));
#11350=CARTESIAN_POINT('Origin',(-25.3,-72.3629232448335,2.38941309671436));
#11351=CARTESIAN_POINT('Origin',(-25.3,72.3629232448335,2.38941309671436));
#11352=CARTESIAN_POINT('',(-25.3,74.3629232448335,2.38941309671436));
#11353=CARTESIAN_POINT('',(-25.3,74.3629232448335,2.38941309671436));
#11354=CARTESIAN_POINT('',(-25.3,72.644493453116,4.36949345311602));
#11355=CARTESIAN_POINT('Origin',(-25.3,72.3629232448335,2.38941309671436));
#11356=CARTESIAN_POINT('',(-25.3,72.644493453116,4.36949345311602));
#11357=CARTESIAN_POINT('Origin',(-25.3,-63.3,2.38941309671436));
#11358=CARTESIAN_POINT('',(-34.644493453116,-63.3,4.36949345311602));
#11359=CARTESIAN_POINT('Origin',(-34.3629232448335,-63.3,2.38941309671436));
#11360=CARTESIAN_POINT('Origin',(-25.3,-63.3,4.36949345311602));
#11361=CARTESIAN_POINT('Origin',(-25.3,63.3,2.38941309671436));
#11362=CARTESIAN_POINT('',(-36.3629232448335,63.3,2.38941309671436));
#11363=CARTESIAN_POINT('',(-34.644493453116,63.3,4.36949345311602));
#11364=CARTESIAN_POINT('Origin',(-34.3629232448335,63.3,2.38941309671436));
#11365=CARTESIAN_POINT('Origin',(-25.3,63.3,4.36949345311602));
#11366=CARTESIAN_POINT('Origin',(-25.3,63.3,2.38941309671436));
#11367=CARTESIAN_POINT('Origin',(-34.3629232448335,-63.3,2.38941309671436));
#11368=CARTESIAN_POINT('',(-36.3627595657308,-27.295,2.415));
#11369=CARTESIAN_POINT('',(-36.3629232448335,-27.6456138235294,2.38941309671436));
#11370=CARTESIAN_POINT('Ctrl Pts',(-36.3627595657309,-27.295,2.415));
#11371=CARTESIAN_POINT('Ctrl Pts',(-36.3627595657309,-27.4102582300937,
2.415));
#11372=CARTESIAN_POINT('Ctrl Pts',(-36.3629232448335,-27.5279330021875,
2.40668115420659));
#11373=CARTESIAN_POINT('Ctrl Pts',(-36.3629232448335,-27.6456138235294,
2.38941309671436));
#11374=CARTESIAN_POINT('',(-36.3629232448335,-63.3,2.38941309671436));
#11375=CARTESIAN_POINT('',(-34.644493453116,-63.3,4.36949345311602));
#11376=CARTESIAN_POINT('',(-36.3629232448335,-11.1743861764706,2.38941309671436));
#11377=CARTESIAN_POINT('',(-36.3629232448335,-63.3,2.38941309671436));
#11378=CARTESIAN_POINT('',(-36.3627595657308,-11.525,2.415));
#11379=CARTESIAN_POINT('Ctrl Pts',(-36.3629232448335,-11.1743861764706,
2.38941309671436));
#11380=CARTESIAN_POINT('Ctrl Pts',(-36.3629232448335,-11.2920669978125,
2.40668115420659));
#11381=CARTESIAN_POINT('Ctrl Pts',(-36.3627595657309,-11.4097417699063,
2.415));
#11382=CARTESIAN_POINT('Ctrl Pts',(-36.3627595657309,-11.525,2.415));
#11383=CARTESIAN_POINT('',(-36.3627595657308,-63.3,2.41500000000001));
#11384=CARTESIAN_POINT('Origin',(-36.3629232448335,-63.3,-5.66949345311602));
#11385=CARTESIAN_POINT('',(-36.3629232448335,-27.295,-2.415));
#11386=CARTESIAN_POINT('Origin',(-36.3629232448335,-27.295,4.97294549238321E-16));
#11387=CARTESIAN_POINT('',(-36.3629232448335,-11.525,-2.415));
#11388=CARTESIAN_POINT('',(-36.3629232448335,-45.2975,-2.415));
#11389=CARTESIAN_POINT('Origin',(-36.3629232448335,-11.525,1.08872364731295E-17));
#11390=CARTESIAN_POINT('',(-36.3629232448335,63.3,4.36949345311602));
#11391=CARTESIAN_POINT('Origin',(-36.3629232448335,-27.295,4.97294549238321E-16));
#11392=CARTESIAN_POINT('',(-35.3629232448335,-27.295,2.415));
#11393=CARTESIAN_POINT('',(-36.3629232448335,-27.295,2.415));
#11394=CARTESIAN_POINT('',(-35.3629232448335,-27.295,-2.415));
#11395=CARTESIAN_POINT('Origin',(-35.3629232448335,-27.295,4.97294549238321E-16));
#11396=CARTESIAN_POINT('',(-36.3629232448335,-27.295,-2.415));
#11397=CARTESIAN_POINT('Origin',(-36.3629232448335,-11.525,2.415));
#11398=CARTESIAN_POINT('',(-35.3629232448335,-11.525,2.415));
#11399=CARTESIAN_POINT('',(-36.3629232448335,-11.525,2.415));
#11400=CARTESIAN_POINT('',(-35.3629232448335,-37.4125,2.415));
#11401=CARTESIAN_POINT('Origin',(6.37196110845653,74.3629232448335,-0.0034173584480541));
#11402=CARTESIAN_POINT('',(7.39275881661594,74.3629232448335,-0.00341735844805422));
#11403=CARTESIAN_POINT('Origin',(6.37196110845653,74.3629232448335,-0.0034173584480541));
#11404=CARTESIAN_POINT('',(7.39275881661594,73.3629232448335,-0.00341735844805423));
#11405=CARTESIAN_POINT('',(7.39275881661595,74.3629232448335,-0.00341735844805397));
#11406=CARTESIAN_POINT('Origin',(6.37196110845653,73.3629232448335,-0.0034173584480541));
#11407=CARTESIAN_POINT('Origin',(-6.35973720623794,74.3629232448335,-0.0034173584480541));
#11408=CARTESIAN_POINT('',(-5.34326481429282,74.3629232448335,-0.00341735844805422));
#11409=CARTESIAN_POINT('Origin',(-6.35973720623794,74.3629232448335,-0.0034173584480541));
#11410=CARTESIAN_POINT('',(-5.34326481429282,73.3629232448335,-0.00341735844805423));
#11411=CARTESIAN_POINT('',(-5.34326481429282,74.3629232448335,-0.00341735844805398));
#11412=CARTESIAN_POINT('Origin',(-6.35973720623794,73.3629232448335,-0.0034173584480541));
#11413=CARTESIAN_POINT('Origin',(3.00000004470348,74.3629232448335,1.80129224187865));
#11414=CARTESIAN_POINT('',(-3.00000004470348,73.3629232448335,1.80129224187865));
#11415=CARTESIAN_POINT('',(3.00000004470348,73.3629232448335,1.80129224187865));
#11416=CARTESIAN_POINT('',(-11.1499999776483,73.3629232448335,1.80129224187865));
#11417=CARTESIAN_POINT('',(-3.00000004470348,74.3629232448335,1.80129224187865));
#11418=CARTESIAN_POINT('',(-3.00000004470348,74.3629232448335,1.80129224187865));
#11419=CARTESIAN_POINT('',(3.00000004470348,74.3629232448335,1.80129224187865));
#11420=CARTESIAN_POINT('',(-11.1499999776483,74.3629232448335,1.80129224187865));
#11421=CARTESIAN_POINT('',(3.00000004470348,74.3629232448335,1.80129224187865));
#11422=CARTESIAN_POINT('Origin',(3.00000004470348,74.3629232448335,6.0102343092468E-16));
#11423=CARTESIAN_POINT('',(3.00000004470348,73.3629232448335,-1.80129224187865));
#11424=CARTESIAN_POINT('Origin',(3.00000004470348,73.3629232448335,5.90348209534054E-16));
#11425=CARTESIAN_POINT('',(3.00000004470348,74.3629232448335,-1.80129224187865));
#11426=CARTESIAN_POINT('Origin',(3.00000004470348,74.3629232448335,6.0102343092468E-16));
#11427=CARTESIAN_POINT('',(3.00000004470348,74.3629232448335,-1.80129224187865));
#11428=CARTESIAN_POINT('Origin',(-3.00000004470348,74.3629232448335,-1.80129224187865));
#11429=CARTESIAN_POINT('',(-3.00000004470348,73.3629232448335,-1.80129224187865));
#11430=CARTESIAN_POINT('',(-14.1500000223518,73.3629232448335,-1.80129224187865));
#11431=CARTESIAN_POINT('',(-3.00000004470348,74.3629232448335,-1.80129224187865));
#11432=CARTESIAN_POINT('',(-14.1500000223517,74.3629232448335,-1.80129224187865));
#11433=CARTESIAN_POINT('',(-3.00000004470348,74.3629232448335,-1.80129224187865));
#11434=CARTESIAN_POINT('Origin',(-3.00000004470348,74.3629232448335,6.0102343092468E-16));
#11435=CARTESIAN_POINT('Origin',(-3.00000004470348,73.3629232448335,5.90348209534054E-16));
#11436=CARTESIAN_POINT('Origin',(-3.00000004470348,74.3629232448335,6.0102343092468E-16));
#11437=CARTESIAN_POINT('Origin',(-9.65328252395916,74.3629232448335,1.07664435762813));
#11438=CARTESIAN_POINT('',(-17.67000083928,73.3629232448335,1.07664435762813));
#11439=CARTESIAN_POINT('',(-9.65328252395916,73.3629232448335,1.07664435762813));
#11440=CARTESIAN_POINT('',(-17.4766412619796,73.3629232448335,1.07664435762813));
#11441=CARTESIAN_POINT('',(-17.67000083928,74.3629232448335,1.07664435762813));
#11442=CARTESIAN_POINT('',(-17.67000083928,74.3629232448335,1.07664435762813));
#11443=CARTESIAN_POINT('',(-9.65328252395916,74.3629232448335,1.07664435762813));
#11444=CARTESIAN_POINT('',(-17.4766412619796,74.3629232448335,1.07664435762813));
#11445=CARTESIAN_POINT('',(-9.65328252395916,74.3629232448335,1.07664435762813));
#11446=CARTESIAN_POINT('Origin',(-9.65328252395916,74.3629232448335,-0.000422516653384951));
#11447=CARTESIAN_POINT('',(-9.65328252395916,73.3629232448335,-1.0774893909349));
#11448=CARTESIAN_POINT('Origin',(-9.65328252395916,73.3629232448335,-0.000422516653384961));
#11449=CARTESIAN_POINT('',(-9.65328252395916,74.3629232448335,-1.0774893909349));
#11450=CARTESIAN_POINT('Origin',(-9.65328252395916,74.3629232448335,-0.000422516653384951));
#11451=CARTESIAN_POINT('',(-9.65328252395916,74.3629232448335,-1.0774893909349));
#11452=CARTESIAN_POINT('Origin',(-17.67000083928,74.3629232448335,-1.0774893909349));
#11453=CARTESIAN_POINT('',(-17.67000083928,73.3629232448335,-1.0774893909349));
#11454=CARTESIAN_POINT('',(-21.48500041964,73.3629232448335,-1.0774893909349));
#11455=CARTESIAN_POINT('',(-17.67000083928,74.3629232448335,-1.0774893909349));
#11456=CARTESIAN_POINT('',(-21.48500041964,74.3629232448335,-1.0774893909349));
#11457=CARTESIAN_POINT('',(-17.67000083928,74.3629232448335,-1.0774893909349));
#11458=CARTESIAN_POINT('Origin',(-17.67000083928,74.3629232448335,-0.000422516653384951));
#11459=CARTESIAN_POINT('Origin',(-17.67000083928,73.3629232448335,-0.000422516653384961));
#11460=CARTESIAN_POINT('Origin',(-17.67000083928,74.3629232448335,-0.000422516653384951));
#11461=CARTESIAN_POINT('Origin',(17.1710818475637,74.3629232448335,0.89701563946922));
#11462=CARTESIAN_POINT('',(13.1499997060746,73.3629232448335,0.89701563946922));
#11463=CARTESIAN_POINT('',(17.1710818475637,73.3629232448335,0.89701563946922));
#11464=CARTESIAN_POINT('',(-4.06445907621816,73.3629232448335,0.89701563946922));
#11465=CARTESIAN_POINT('',(13.1499997060746,74.3629232448335,0.89701563946922));
#11466=CARTESIAN_POINT('',(13.1499997060746,74.3629232448335,0.89701563946922));
#11467=CARTESIAN_POINT('',(17.1710818475637,74.3629232448335,0.89701563946922));
#11468=CARTESIAN_POINT('',(-4.06445907621815,74.3629232448335,0.89701563946922));
#11469=CARTESIAN_POINT('',(17.1710818475637,74.3629232448335,0.89701563946922));
#11470=CARTESIAN_POINT('Origin',(17.1710818475637,74.3629232448335,-0.00149217020710602));
#11471=CARTESIAN_POINT('',(17.1710818475637,73.3629232448335,-0.899999979883432));
#11472=CARTESIAN_POINT('Origin',(17.1710818475637,73.3629232448335,-0.00149217020710603));
#11473=CARTESIAN_POINT('',(17.1710818475637,74.3629232448335,-0.899999979883432));
#11474=CARTESIAN_POINT('Origin',(17.1710818475637,74.3629232448335,-0.00149217020710602));
#11475=CARTESIAN_POINT('',(17.1710818475637,74.3629232448335,-0.899999979883432));
#11476=CARTESIAN_POINT('Origin',(13.1499997060746,74.3629232448335,-0.899999979883432));
#11477=CARTESIAN_POINT('',(13.1499997060746,73.3629232448335,-0.899999979883432));
#11478=CARTESIAN_POINT('',(-6.07500014696271,73.3629232448335,-0.899999979883432));
#11479=CARTESIAN_POINT('',(13.1499997060746,74.3629232448335,-0.899999979883432));
#11480=CARTESIAN_POINT('',(-6.07500014696271,74.3629232448335,-0.899999979883432));
#11481=CARTESIAN_POINT('',(13.1499997060746,74.3629232448335,-0.899999979883432));
#11482=CARTESIAN_POINT('Origin',(13.1499997060746,74.3629232448335,-0.00149217020710602));
#11483=CARTESIAN_POINT('Origin',(13.1499997060746,73.3629232448335,-0.00149217020710603));
#11484=CARTESIAN_POINT('Origin',(13.1499997060746,74.3629232448335,-0.00149217020710602));
#11485=CARTESIAN_POINT('Origin',(-36.3629232448335,-11.525,1.08872364731295E-17));
#11486=CARTESIAN_POINT('',(-35.3629232448335,-11.525,-2.415));
#11487=CARTESIAN_POINT('',(-36.3629232448335,-11.525,-2.415));
#11488=CARTESIAN_POINT('Origin',(-35.3629232448335,-11.525,1.08872364731295E-17));
#11489=CARTESIAN_POINT('Origin',(-36.3629232448335,-27.295,-2.415));
#11490=CARTESIAN_POINT('',(-35.3629232448335,-45.2975,-2.415));
#11491=CARTESIAN_POINT('Origin',(34.644493453116,0.,4.16949345311602));
#11492=CARTESIAN_POINT('',(35.3629232448335,63.3,3.45106366139856));
#11493=CARTESIAN_POINT('',(35.3629232448335,-63.3,3.45106366139856));
#11494=CARTESIAN_POINT('',(35.3629232448335,0.,3.45106366139856));
#11495=CARTESIAN_POINT('',(34.6444934531161,-63.3,4.16949345311602));
#11496=CARTESIAN_POINT('',(35.3629232448335,-63.3,3.45106366139856));
#11497=CARTESIAN_POINT('',(34.644493453116,63.3,4.16949345311602));
#11498=CARTESIAN_POINT('',(34.644493453116,63.3,4.16949345311602));
#11499=CARTESIAN_POINT('',(35.3629232448335,63.3,3.45106366139856));
#11500=CARTESIAN_POINT('Origin',(35.3629232448335,0.,-3.45106366139856));
#11501=CARTESIAN_POINT('',(35.3629232448335,-63.3,-3.45106366139856));
#11502=CARTESIAN_POINT('',(35.3629232448335,-63.3,-3.45106366139856));
#11503=CARTESIAN_POINT('',(35.3629232448335,63.3,-3.45106366139856));
#11504=CARTESIAN_POINT('',(35.3629232448335,63.3,-3.45106366139856));
#11505=CARTESIAN_POINT('',(35.3629232448335,63.3,-3.45106366139856));
#11506=CARTESIAN_POINT('Origin',(34.644493453116,0.,4.36949345311602));
#11507=CARTESIAN_POINT('',(34.6444934531161,-63.3,4.16949345311602));
#11508=CARTESIAN_POINT('',(34.644493453116,63.3,4.16949345311602));
#11509=CARTESIAN_POINT('Origin',(25.3,-63.3,3.81027855725729));
#11510=CARTESIAN_POINT('',(25.3,-73.3629232448335,3.45106366139856));
#11511=CARTESIAN_POINT('Origin',(25.3,-63.3,3.45106366139856));
#11512=CARTESIAN_POINT('',(25.3,-72.644493453116,4.16949345311602));
#11513=CARTESIAN_POINT('',(25.3,-73.3629232448335,3.45106366139856));
#11514=CARTESIAN_POINT('Origin',(25.3,-63.3,4.16949345311602));
#11515=CARTESIAN_POINT('Origin',(25.3,-63.3,-1.11022302462516E-15));
#11516=CARTESIAN_POINT('',(35.3629232448335,-63.3,3.45106366139856));
#11517=CARTESIAN_POINT('',(25.3,-73.3629232448335,-3.45106366139856));
#11518=CARTESIAN_POINT('Origin',(25.3,-63.3,-3.45106366139856));
#11519=CARTESIAN_POINT('',(25.3,-73.3629232448335,3.45106366139856));
#11520=CARTESIAN_POINT('Origin',(25.3,-63.3,-3.81027855725729));
#11521=CARTESIAN_POINT('Origin',(25.3,-63.3,-4.16949345311601));
#11522=CARTESIAN_POINT('',(25.3,-73.3629232448335,-3.45106366139856));
#11523=CARTESIAN_POINT('Origin',(25.3,-63.3,-4.91949345311602));
#11524=CARTESIAN_POINT('Origin',(25.3,-63.3,4.26949345311602));
#11525=CARTESIAN_POINT('',(25.3,-72.644493453116,4.16949345311602));
#11526=CARTESIAN_POINT('Origin',(25.3,-72.644493453116,4.16949345311602));
#11527=CARTESIAN_POINT('',(-25.3,-73.3629232448335,3.45106366139856));
#11528=CARTESIAN_POINT('',(25.3,-73.3629232448335,3.45106366139856));
#11529=CARTESIAN_POINT('',(-25.3,-72.644493453116,4.16949345311602));
#11530=CARTESIAN_POINT('',(-25.3,-73.3629232448335,3.45106366139856));
#11531=CARTESIAN_POINT('',(25.3,-72.644493453116,4.16949345311602));
#11532=CARTESIAN_POINT('Origin',(25.3,-73.3629232448335,3.45106366139856));
#11533=CARTESIAN_POINT('',(-25.3,-73.3629232448335,-3.45106366139856));
#11534=CARTESIAN_POINT('',(25.3,-73.3629232448335,-3.45106366139856));
#11535=CARTESIAN_POINT('',(-25.3,-73.3629232448335,3.45106366139856));
#11536=CARTESIAN_POINT('Origin',(25.3,-73.3629232448335,-3.45106366139856));
#11537=CARTESIAN_POINT('',(-25.3,-73.3629232448335,-3.45106366139856));
#11538=CARTESIAN_POINT('Origin',(25.3,-72.644493453116,4.36949345311602));
#11539=CARTESIAN_POINT('',(-25.3,-72.644493453116,4.16949345311602));
#11540=CARTESIAN_POINT('Origin',(-25.3,-63.3,3.81027855725729));
#11541=CARTESIAN_POINT('',(-35.3629232448335,-63.3,3.45106366139856));
#11542=CARTESIAN_POINT('Origin',(-25.3,-63.3,3.45106366139856));
#11543=CARTESIAN_POINT('',(-34.644493453116,-63.3,4.16949345311602));
#11544=CARTESIAN_POINT('',(-35.3629232448335,-63.3,3.45106366139856));
#11545=CARTESIAN_POINT('Origin',(-25.3,-63.3,4.16949345311602));
#11546=CARTESIAN_POINT('Origin',(-25.3,-63.3,-1.11022302462516E-15));
#11547=CARTESIAN_POINT('',(-35.3629232448335,-63.3,-3.45106366139856));
#11548=CARTESIAN_POINT('Origin',(-25.3,-63.3,-3.45106366139855));
#11549=CARTESIAN_POINT('',(-35.3629232448335,-63.3,3.45106366139856));
#11550=CARTESIAN_POINT('Origin',(-25.3,-63.3,-3.81027855725729));
#11551=CARTESIAN_POINT('Origin',(-25.3,-63.3,-4.16949345311601));
#11552=CARTESIAN_POINT('',(-35.3629232448335,-63.3,-3.45106366139856));
#11553=CARTESIAN_POINT('Origin',(-25.3,-63.3,-4.91949345311602));
#11554=CARTESIAN_POINT('Origin',(-25.3,-63.3,4.26949345311602));
#11555=CARTESIAN_POINT('',(-34.644493453116,-63.3,4.16949345311602));
#11556=CARTESIAN_POINT('Origin',(-34.644493453116,-63.3,4.16949345311602));
#11557=CARTESIAN_POINT('',(-35.3629232448335,63.3,3.45106366139856));
#11558=CARTESIAN_POINT('',(-35.3629232448335,-63.3,3.45106366139856));
#11559=CARTESIAN_POINT('',(-34.644493453116,63.3,4.16949345311602));
#11560=CARTESIAN_POINT('',(-35.3629232448335,63.3,3.45106366139856));
#11561=CARTESIAN_POINT('',(-34.644493453116,-63.3,4.16949345311602));
#11562=CARTESIAN_POINT('Origin',(-35.3629232448335,-63.3,3.45106366139856));
#11563=CARTESIAN_POINT('',(-35.3629232448335,63.3,-3.45106366139856));
#11564=CARTESIAN_POINT('',(-35.3629232448335,-63.3,-3.45106366139856));
#11565=CARTESIAN_POINT('',(-35.3629232448335,63.3,3.45106366139856));
#11566=CARTESIAN_POINT('Origin',(-35.3629232448335,-63.3,-3.45106366139856));
#11567=CARTESIAN_POINT('',(-35.3629232448335,63.3,-3.45106366139856));
#11568=CARTESIAN_POINT('Origin',(-34.644493453116,-63.3,4.36949345311602));
#11569=CARTESIAN_POINT('',(-34.644493453116,63.3,4.16949345311602));
#11570=CARTESIAN_POINT('Origin',(-25.3,63.3,3.81027855725729));
#11571=CARTESIAN_POINT('',(-25.3,73.3629232448335,3.45106366139856));
#11572=CARTESIAN_POINT('Origin',(-25.3,63.3,3.45106366139856));
#11573=CARTESIAN_POINT('',(-25.3,72.644493453116,4.16949345311602));
#11574=CARTESIAN_POINT('',(-25.3,73.3629232448335,3.45106366139856));
#11575=CARTESIAN_POINT('Origin',(-25.3,63.3,4.16949345311602));
#11576=CARTESIAN_POINT('Origin',(-25.3,63.3,-1.11022302462516E-15));
#11577=CARTESIAN_POINT('',(-25.3,73.3629232448335,-3.45106366139856));
#11578=CARTESIAN_POINT('Origin',(-25.3,63.3,-3.45106366139856));
#11579=CARTESIAN_POINT('',(-25.3,73.3629232448335,3.45106366139856));
#11580=CARTESIAN_POINT('Origin',(-25.3,63.3,-3.81027855725729));
#11581=CARTESIAN_POINT('Origin',(-25.3,63.3,-4.16949345311602));
#11582=CARTESIAN_POINT('',(-25.3,73.3629232448335,-3.45106366139856));
#11583=CARTESIAN_POINT('Origin',(-25.3,63.3,-4.91949345311602));
#11584=CARTESIAN_POINT('Origin',(-25.3,63.3,-0.650000000000001));
#11585=CARTESIAN_POINT('',(-25.3,74.3629232448335,4.36949345311602));
#11586=CARTESIAN_POINT('Origin',(-25.3,63.3,4.26949345311602));
#11587=CARTESIAN_POINT('',(-25.3,72.644493453116,4.16949345311602));
#11588=CARTESIAN_POINT('Origin',(-25.3,72.644493453116,4.16949345311602));
#11589=CARTESIAN_POINT('',(25.3,73.3629232448335,3.45106366139856));
#11590=CARTESIAN_POINT('',(-25.3,73.3629232448335,3.45106366139856));
#11591=CARTESIAN_POINT('',(25.3,72.644493453116,4.16949345311602));
#11592=CARTESIAN_POINT('',(25.3,73.3629232448335,3.45106366139856));
#11593=CARTESIAN_POINT('',(-25.3,72.644493453116,4.16949345311602));
#11594=CARTESIAN_POINT('Origin',(-25.3,73.3629232448335,3.45106366139856));
#11595=CARTESIAN_POINT('',(25.3,73.3629232448335,-3.45106366139856));
#11596=CARTESIAN_POINT('',(-25.3,73.3629232448335,-3.45106366139856));
#11597=CARTESIAN_POINT('',(25.3,73.3629232448335,3.45106366139856));
#11598=CARTESIAN_POINT('Origin',(-25.3,73.3629232448335,-3.45106366139856));
#11599=CARTESIAN_POINT('',(25.3,73.3629232448335,-3.45106366139856));
#11600=CARTESIAN_POINT('Origin',(-25.3,74.3629232448335,-5.66949345311602));
#11601=CARTESIAN_POINT('',(25.3,74.3629232448335,4.36949345311602));
#11602=CARTESIAN_POINT('Origin',(-25.3,72.644493453116,4.36949345311602));
#11603=CARTESIAN_POINT('',(25.3,72.644493453116,4.16949345311602));
#11604=CARTESIAN_POINT('Origin',(25.3,63.3,3.81027855725729));
#11605=CARTESIAN_POINT('Origin',(25.3,63.3,3.45106366139856));
#11606=CARTESIAN_POINT('Origin',(25.3,63.3,4.16949345311602));
#11607=CARTESIAN_POINT('Origin',(25.3,63.3,-1.11022302462516E-15));
#11608=CARTESIAN_POINT('Origin',(25.3,63.3,-3.45106366139855));
#11609=CARTESIAN_POINT('',(35.3629232448335,63.3,3.45106366139856));
#11610=CARTESIAN_POINT('Origin',(25.3,63.3,-3.81027855725729));
#11611=CARTESIAN_POINT('Origin',(25.3,63.3,-4.16949345311601));
#11612=CARTESIAN_POINT('Origin',(25.3,63.3,-4.91949345311602));
#11613=CARTESIAN_POINT('Origin',(25.3,63.3,-0.650000000000001));
#11614=CARTESIAN_POINT('Origin',(25.3,63.3,4.26949345311602));
#11615=CARTESIAN_POINT('Origin',(35.3629232448335,0.,3.45106366139856));
#11616=CARTESIAN_POINT('',(35.3629232448335,-20.155,-2.015));
#11617=CARTESIAN_POINT('',(35.3629232448335,-11.525,-2.015));
#11618=CARTESIAN_POINT('',(35.3629232448335,-5.7625,-2.015));
#11619=CARTESIAN_POINT('',(35.3629232448335,-11.525,2.015));
#11620=CARTESIAN_POINT('Origin',(35.3629232448335,-11.525,3.85185988877447E-31));
#11621=CARTESIAN_POINT('',(35.3629232448335,-20.155,2.015));
#11622=CARTESIAN_POINT('',(35.3629232448335,-10.0775,2.015));
#11623=CARTESIAN_POINT('Origin',(35.3629232448335,-20.155,0.));
#11624=CARTESIAN_POINT('',(35.3629232448335,-44.58,-1.45));
#11625=CARTESIAN_POINT('',(35.3629232448335,-40.93,-1.45));
#11626=CARTESIAN_POINT('',(35.3629232448335,-20.465,-1.45));
#11627=CARTESIAN_POINT('',(35.3629232448335,-40.93,1.45));
#11628=CARTESIAN_POINT('Origin',(35.3629232448335,-40.93,0.));
#11629=CARTESIAN_POINT('',(35.3629232448335,-44.58,1.45));
#11630=CARTESIAN_POINT('',(35.3629232448335,-22.29,1.45));
#11631=CARTESIAN_POINT('Origin',(35.3629232448335,-44.58,0.));
#11632=CARTESIAN_POINT('',(35.3629232448335,-34.525,-2.015));
#11633=CARTESIAN_POINT('',(35.3629232448335,-25.895,-2.015));
#11634=CARTESIAN_POINT('',(35.3629232448335,-12.9475,-2.015));
#11635=CARTESIAN_POINT('',(35.3629232448335,-25.895,2.015));
#11636=CARTESIAN_POINT('Origin',(35.3629232448335,-25.895,0.));
#11637=CARTESIAN_POINT('',(35.3629232448335,-34.525,2.015));
#11638=CARTESIAN_POINT('',(35.3629232448335,-17.2625,2.015));
#11639=CARTESIAN_POINT('Origin',(35.3629232448335,-34.525,0.));
#11640=CARTESIAN_POINT('Origin',(36.3629232448335,-11.525,3.85185988877447E-31));
#11641=CARTESIAN_POINT('',(36.3629232448335,-11.525,-2.015));
#11642=CARTESIAN_POINT('',(36.3629232448335,-11.525,2.015));
#11643=CARTESIAN_POINT('Origin',(36.3629232448335,-11.525,-2.015));
#11644=CARTESIAN_POINT('',(36.3629232448335,-20.155,-2.015));
#11645=CARTESIAN_POINT('Origin',(36.3629232448335,-20.155,0.));
#11646=CARTESIAN_POINT('',(36.3629232448335,-20.155,2.015));
#11647=CARTESIAN_POINT('Origin',(36.3629232448335,-20.155,2.015));
#11648=CARTESIAN_POINT('Origin',(36.3629232448335,-40.93,0.));
#11649=CARTESIAN_POINT('',(36.3629232448335,-40.93,-1.45));
#11650=CARTESIAN_POINT('',(36.3629232448335,-40.93,1.45));
#11651=CARTESIAN_POINT('Origin',(36.3629232448335,-40.93,-1.45));
#11652=CARTESIAN_POINT('',(36.3629232448335,-44.58,-1.45));
#11653=CARTESIAN_POINT('Origin',(36.3629232448335,-44.58,0.));
#11654=CARTESIAN_POINT('',(36.3629232448335,-44.58,1.45));
#11655=CARTESIAN_POINT('Origin',(36.3629232448335,-44.58,1.45));
#11656=CARTESIAN_POINT('Origin',(36.3629232448335,-25.895,0.));
#11657=CARTESIAN_POINT('',(36.3629232448335,-25.895,-2.015));
#11658=CARTESIAN_POINT('',(36.3629232448335,-25.895,2.015));
#11659=CARTESIAN_POINT('Origin',(36.3629232448335,-25.895,-2.015));
#11660=CARTESIAN_POINT('',(36.3629232448335,-34.525,-2.015));
#11661=CARTESIAN_POINT('Origin',(36.3629232448335,-34.525,0.));
#11662=CARTESIAN_POINT('',(36.3629232448335,-34.525,2.015));
#11663=CARTESIAN_POINT('Origin',(36.3629232448335,-34.525,2.015));
#11664=CARTESIAN_POINT('',(0.,0.,0.));
#11665=CARTESIAN_POINT('',(-0.374042262755743,0.0980733114335619,0.303194980092666));
#11666=UNCERTAINTY_MEASURE_WITH_UNIT(LENGTH_MEASURE(0.01),#11674,
'DISTANCE_ACCURACY_VALUE',
'Maximum model space distance between geometric entities at asserted c
onnectivities');
#11667=UNCERTAINTY_MEASURE_WITH_UNIT(LENGTH_MEASURE(0.01),#11674,
'DISTANCE_ACCURACY_VALUE',
'Maximum model space distance between geometric entities at asserted c
onnectivities');
#11668=UNCERTAINTY_MEASURE_WITH_UNIT(LENGTH_MEASURE(0.01),#11674,
'DISTANCE_ACCURACY_VALUE',
'Maximum model space distance between geometric entities at asserted c
onnectivities');
#11669=UNCERTAINTY_MEASURE_WITH_UNIT(LENGTH_MEASURE(0.01),#11674,
'DISTANCE_ACCURACY_VALUE',
'Maximum model space distance between geometric entities at asserted c
onnectivities');
#11670=(
GEOMETRIC_REPRESENTATION_CONTEXT(3)
GLOBAL_UNCERTAINTY_ASSIGNED_CONTEXT((#11666))
GLOBAL_UNIT_ASSIGNED_CONTEXT((#11674,#11676,#11677))
REPRESENTATION_CONTEXT('','3D')
);
#11671=(
GEOMETRIC_REPRESENTATION_CONTEXT(3)
GLOBAL_UNCERTAINTY_ASSIGNED_CONTEXT((#11667))
GLOBAL_UNIT_ASSIGNED_CONTEXT((#11674,#11676,#11677))
REPRESENTATION_CONTEXT('','3D')
);
#11672=(
GEOMETRIC_REPRESENTATION_CONTEXT(3)
GLOBAL_UNCERTAINTY_ASSIGNED_CONTEXT((#11668))
GLOBAL_UNIT_ASSIGNED_CONTEXT((#11674,#11676,#11677))
REPRESENTATION_CONTEXT('','3D')
);
#11673=(
GEOMETRIC_REPRESENTATION_CONTEXT(3)
GLOBAL_UNCERTAINTY_ASSIGNED_CONTEXT((#11669))
GLOBAL_UNIT_ASSIGNED_CONTEXT((#11674,#11676,#11677))
REPRESENTATION_CONTEXT('','3D')
);
#11674=(
LENGTH_UNIT()
NAMED_UNIT(*)
SI_UNIT(.MILLI.,.METRE.)
);
#11675=(
LENGTH_UNIT()
NAMED_UNIT(*)
SI_UNIT($,.METRE.)
);
#11676=(
NAMED_UNIT(*)
PLANE_ANGLE_UNIT()
SI_UNIT($,.RADIAN.)
);
#11677=(
NAMED_UNIT(*)
SI_UNIT($,.STERADIAN.)
SOLID_ANGLE_UNIT()
);
#11678=SHAPE_DEFINITION_REPRESENTATION(#11681,#11686);
#11679=SHAPE_DEFINITION_REPRESENTATION(#11682,#11687);
#11680=SHAPE_DEFINITION_REPRESENTATION(#11683,#11688);
#11681=PRODUCT_DEFINITION_SHAPE('',$,#11690);
#11682=PRODUCT_DEFINITION_SHAPE('',$,#11691);
#11683=PRODUCT_DEFINITION_SHAPE('',$,#11692);
#11684=PRODUCT_DEFINITION_SHAPE($,$,#17);
#11685=PRODUCT_DEFINITION_SHAPE($,$,#18);
#11686=SHAPE_REPRESENTATION('',(#6174,#6438),#11670);
#11687=SHAPE_REPRESENTATION('',(#6175,#6437),#11671);
#11688=SHAPE_REPRESENTATION('',(#6176),#11672);
#11689=PRODUCT_DEFINITION_CONTEXT('part definition',#11700,'design');
#11690=PRODUCT_DEFINITION('Part1','(Unsaved)',#11693,#11689);
#11691=PRODUCT_DEFINITION('Cover','Cover',#11694,#11689);
#11692=PRODUCT_DEFINITION('Component3','Component3',#11695,#11689);
#11693=PRODUCT_DEFINITION_FORMATION('',$,#11702);
#11694=PRODUCT_DEFINITION_FORMATION('',$,#11703);
#11695=PRODUCT_DEFINITION_FORMATION('',$,#11704);
#11696=PRODUCT_RELATED_PRODUCT_CATEGORY('(Unsaved)','(Unsaved)',(#11702));
#11697=PRODUCT_RELATED_PRODUCT_CATEGORY('Cover','Cover',(#11703));
#11698=PRODUCT_RELATED_PRODUCT_CATEGORY('Component3','Component3',(#11704));
#11699=APPLICATION_PROTOCOL_DEFINITION('international standard',
'ap242_managed_model_based_3d_engineering',2011,#11700);
#11700=APPLICATION_CONTEXT('Managed model based 3d engineering');
#11701=PRODUCT_CONTEXT('part definition',#11700,'mechanical');
#11702=PRODUCT('Part1','(Unsaved)','STEP AP203',(#11701));
#11703=PRODUCT('Cover','Cover',$,(#11701));
#11704=PRODUCT('Component3','Component3',$,(#11701));
#11705=PRESENTATION_STYLE_ASSIGNMENT((#11707));
#11706=PRESENTATION_STYLE_ASSIGNMENT((#11708));
#11707=SURFACE_STYLE_USAGE(.BOTH.,#11709);
#11708=SURFACE_STYLE_USAGE(.BOTH.,#11710);
#11709=SURFACE_SIDE_STYLE('',(#11711));
#11710=SURFACE_SIDE_STYLE('',(#11712));
#11711=SURFACE_STYLE_FILL_AREA(#11713);
#11712=SURFACE_STYLE_FILL_AREA(#11714);
#11713=FILL_AREA_STYLE('Steel - Satin',(#11715));
#11714=FILL_AREA_STYLE('Opaque(160,160,160)',(#11716));
#11715=FILL_AREA_STYLE_COLOUR('Steel - Satin',#11717);
#11716=FILL_AREA_STYLE_COLOUR('Opaque(160,160,160)',#11718);
#11717=COLOUR_RGB('Steel - Satin',0.627450980392157,0.627450980392157,0.627450980392157);
#11718=COLOUR_RGB('Opaque(160,160,160)',0.627450980392157,0.627450980392157,
0.627450980392157);
ENDSEC;
END-ISO-10303-21;
